,medium pink color,dull pink color,darkish pink color,pinky color,carnation pink color,muted pink color,pig pink color,rosa color,rosy pink color,dusky pink color,warm pink color,old pink color,pinkish color,rose pink color,dusty pink color,rose color,carnation color,blush pink color,pink red color,red pink color,reddish pink color,pinkish red color,salmon pink color,pinky red color,lightish red color,faded red color,pastel red color,light red color,dark salmon color,pale red color,salmon color,cherry red color,bright red color,orange pink color,tomato color,fire engine red color,orangey red color,orange red color,vermillion color,pinkish orange color,tomato red color,reddish orange color,orangish red color,orangered color,red orange color,clay color,blood orange color,terracotta color,terracota color,terra cotta color,pinkish tan color,deep orange color,bright orange color,orangish color,rusty orange color,orangeish color,orange color,dusty orange color,copper color,pumpkin orange color,faded orange color,clay brown color,pumpkin color,browny orange color,orange brown color,dull orange color,brownish orange color,umber color,brown orange color,leather color,caramel color,golden brown color,dark tan color,bronze color,camel color,mustard brown color,sand brown color,ochre color,yellow ochre color,ocre color,sandy brown color,yellowish brown color,yellowy brown color,yellow brown color,ocher color,dark gold color,dark mustard color,brown yellow color,muddy yellow color,swamp green color,sickly green color,dark yellow green color,icky green color,avocado green color,avocado color,khaki green color,dark lime color,mossy green color,sap green color,moss green color,leaf color,leaf green color,kermit green color,nasty green color,lawn green color,frog green color,grass color,grassy green color,turtle green color,grass green color,leafy green color,true green color,green color,mid green color,emerald green color,kelly green color,medium green color,kelley green color,shamrock green color,shamrock color,emerald color,cool green color,dark mint color,algae green color,greenish color,seaweed green color,dark mint green color,dark seafoam green color,green teal color,bluey green color,dark seafoam color,teal green color,greenish teal color,bluish green color,viridian color,ocean green color,green/blue color,green blue color,greeny blue color,tealish color,teal color,blue/green color,sea color,greenish blue color,dark cyan color,turquoise blue color,teal blue color,water blue color,cool blue color,cerulean color,azure color,dark sky blue color,dodger blue color,soft blue color,clear blue color,deep sky blue color,lightish blue color,periwinkle blue color,perrywinkle color,lavender blue color,periwinkle color,liliac color,lighter purple color,light urple color,pale purple color,light purple color,lightish purple color,amethyst color,bright lavender color,bright lilac color,purple/pink color,violet pink color,pinkish purple color,pink purple color,orchid color,light magenta color,lavender pink color,purple pink color,pink/purple color,purply pink color,pinky purple color,purpley pink color,fuchsia color,bright magenta color,candy pink color,purpleish pink color,purplish pink color,pale magenta color,bright pink color,pink color,shocking pink color,bubblegum color,barbie pink color,bubble gum pink color,strong pink color
medium pink color,0.0,0.6,1.2999999999999998,1.4,1.5,2.9,3.2,5.5,6.6,7.3,9.299999999999999,10.2,10.7,11.2,12.1,12.4,13.0,18.700000000000003,19.900000000000002,20.8,21.900000000000002,23.5,24.6,25.8,25.900000000000002,26.200000000000003,28.1,29.3,30.1,30.900000000000002,31.9,32.300000000000004,38.2,38.7,39.2,39.4,39.9,40.9,41.6,41.9,42.300000000000004,42.7,42.800000000000004,43.300000000000004,43.300000000000004,44.5,45.9,46.0,46.1,47.5,47.6,49.1,49.300000000000004,49.5,53.9,54.800000000000004,56.0,56.4,58.300000000000004,58.9,60.300000000000004,61.5,62.0,62.300000000000004,62.300000000000004,63.6,64.0,65.6,65.89999999999999,69.3,71.69999999999999,77.0,78.5,80.5,81.3,81.39999999999999,81.89999999999999,83.19999999999999,84.89999999999999,86.3,86.5,86.6,87.19999999999999,88.19999999999999,88.3,88.8,88.8,91.5,95.6,110.0,113.5,114.3,114.5,115.89999999999999,116.39999999999999,116.6,118.5,122.19999999999999,122.39999999999999,124.6,125.3,126.19999999999999,127.0,128.4,128.9,129.0,130.0,130.1,130.7,130.9,134.9,135.6,136.6,137.4,138.7,139.9,141.29999999999998,143.7,144.1,145.2,146.9,148.5,149.29999999999998,151.4,152.0,152.6,153.29999999999998,155.6,158.0,158.4,158.5,158.5,158.7,161.1,161.29999999999998,161.5,164.2,167.7,170.9,179.5,176.4,176.0,171.5,168.3,161.70000000000002,146.6,137.20000000000002,96.5,96.09999999999997,92.79999999999995,91.89999999999998,84.69999999999999,73.69999999999999,73.59999999999997,72.59999999999997,72.59999999999997,70.79999999999995,67.89999999999998,64.0,63.099999999999966,60.599999999999966,49.5,48.5,48.39999999999998,47.39999999999998,46.599999999999966,46.39999999999998,45.099999999999966,43.799999999999955,42.799999999999955,33.599999999999966,33.099999999999966,33.0,32.5,32.39999999999998,32.299999999999955,31.799999999999955,30.899999999999977,30.799999999999955,30.799999999999955,30.0,28.899999999999977,28.399999999999977,28.099999999999966,28.0,27.099999999999966,22.5,18.299999999999955,14.799999999999955,11.399999999999977,10.099999999999966,9.799999999999955,8.099999999999966,7.599999999999966,0.8999999999999773
dull pink color,0.6,0.0,0.7,0.8,0.8999999999999999,2.3,2.6,4.9,6.0,6.7,8.7,9.6,10.1,10.6,11.5,11.8,12.4,18.1,19.3,20.2,21.3,22.9,24.0,25.2,25.3,25.6,27.5,28.7,29.5,30.3,31.299999999999997,31.700000000000003,37.6,38.1,38.6,38.8,39.3,40.3,41.0,41.3,41.7,42.1,42.2,42.7,42.7,43.9,45.3,45.4,45.5,46.9,47.0,48.5,48.7,48.9,53.3,54.2,55.4,55.8,57.7,58.3,59.7,60.9,61.4,61.7,61.7,63.0,63.400000000000006,65.0,65.3,68.7,71.1,76.4,77.9,79.9,80.7,80.8,81.3,82.6,84.3,85.7,85.9,86.0,86.6,87.6,87.7,88.2,88.2,90.9,95.0,109.4,112.9,113.7,113.9,115.3,115.8,116.0,117.9,121.6,121.8,124.0,124.7,125.6,126.4,127.80000000000001,128.3,128.4,129.4,129.5,130.1,130.3,134.3,135.0,136.0,136.8,138.1,139.3,140.7,143.1,143.5,144.6,146.3,147.9,148.7,150.8,151.4,152.0,152.7,155.0,157.4,157.8,157.9,157.9,158.1,160.5,160.7,160.9,163.6,167.1,170.3,179.9,177.0,176.6,172.1,168.9,162.3,147.2,137.8,97.10000000000002,96.69999999999999,93.39999999999998,92.5,85.30000000000001,74.30000000000001,74.19999999999999,73.19999999999999,73.19999999999999,71.39999999999998,68.5,64.60000000000002,63.69999999999999,61.19999999999999,50.10000000000002,49.10000000000002,49.0,48.0,47.19999999999999,47.0,45.69999999999999,44.39999999999998,43.39999999999998,34.19999999999999,33.69999999999999,33.60000000000002,33.10000000000002,33.0,32.89999999999998,32.39999999999998,31.5,31.399999999999977,31.399999999999977,30.600000000000023,29.5,29.0,28.69999999999999,28.600000000000023,27.69999999999999,23.100000000000023,18.899999999999977,15.399999999999977,12.0,10.699999999999989,10.399999999999977,8.699999999999989,8.199999999999989,1.5
darkish pink color,1.2999999999999998,0.7,0.0,0.10000000000000009,0.19999999999999996,1.5999999999999999,1.9000000000000001,4.2,5.3,6.0,7.999999999999999,8.9,9.4,9.9,10.8,11.100000000000001,11.700000000000001,17.400000000000002,18.6,19.5,20.6,22.2,23.3,24.5,24.6,24.900000000000002,26.8,28.0,28.8,29.6,30.599999999999998,31.000000000000004,36.9,37.4,37.9,38.099999999999994,38.599999999999994,39.599999999999994,40.3,40.599999999999994,41.0,41.4,41.5,42.0,42.0,43.199999999999996,44.599999999999994,44.699999999999996,44.8,46.199999999999996,46.3,47.8,48.0,48.199999999999996,52.599999999999994,53.5,54.699999999999996,55.099999999999994,57.0,57.599999999999994,59.0,60.199999999999996,60.699999999999996,61.0,61.0,62.3,62.7,64.3,64.6,68.0,70.39999999999999,75.7,77.2,79.2,80.0,80.1,80.6,81.89999999999999,83.6,85.0,85.2,85.3,85.89999999999999,86.89999999999999,87.0,87.5,87.5,90.2,94.3,108.7,112.2,113.0,113.2,114.6,115.1,115.3,117.2,120.89999999999999,121.1,123.3,124.0,124.89999999999999,125.7,127.10000000000001,127.60000000000001,127.7,128.70000000000002,128.8,129.4,129.60000000000002,133.60000000000002,134.3,135.3,136.10000000000002,137.4,138.60000000000002,140.0,142.4,142.8,143.9,145.60000000000002,147.20000000000002,148.0,150.10000000000002,150.70000000000002,151.3,152.0,154.3,156.70000000000002,157.10000000000002,157.20000000000002,157.20000000000002,157.4,159.8,160.0,160.20000000000002,162.9,166.4,169.60000000000002,179.20000000000002,177.7,177.29999999999998,172.79999999999998,169.6,163.0,147.89999999999998,138.5,97.80000000000001,97.39999999999998,94.09999999999997,93.19999999999999,86.0,75.0,74.89999999999998,73.89999999999998,73.89999999999998,72.09999999999997,69.19999999999999,65.30000000000001,64.39999999999998,61.89999999999998,50.80000000000001,49.80000000000001,49.69999999999999,48.69999999999999,47.89999999999998,47.69999999999999,46.39999999999998,45.099999999999966,44.099999999999966,34.89999999999998,34.39999999999998,34.30000000000001,33.80000000000001,33.69999999999999,33.599999999999966,33.099999999999966,32.19999999999999,32.099999999999966,32.099999999999966,31.30000000000001,30.19999999999999,29.69999999999999,29.399999999999977,29.30000000000001,28.399999999999977,23.80000000000001,19.599999999999966,16.099999999999966,12.699999999999989,11.399999999999977,11.099999999999966,9.399999999999977,8.899999999999977,2.1999999999999886
pinky color,1.4,0.8,0.10000000000000009,0.0,0.09999999999999987,1.4999999999999998,1.8,4.1000000000000005,5.2,5.9,7.8999999999999995,8.799999999999999,9.299999999999999,9.799999999999999,10.7,11.0,11.6,17.3,18.5,19.4,20.5,22.099999999999998,23.2,24.4,24.5,24.8,26.7,27.9,28.7,29.5,30.499999999999996,30.900000000000002,36.800000000000004,37.300000000000004,37.800000000000004,38.0,38.5,39.5,40.2,40.5,40.900000000000006,41.300000000000004,41.400000000000006,41.900000000000006,41.900000000000006,43.1,44.5,44.6,44.7,46.1,46.2,47.7,47.900000000000006,48.1,52.5,53.400000000000006,54.6,55.0,56.900000000000006,57.5,58.900000000000006,60.1,60.6,60.900000000000006,60.900000000000006,62.2,62.60000000000001,64.2,64.5,67.9,70.3,75.60000000000001,77.10000000000001,79.10000000000001,79.9,80.0,80.5,81.8,83.5,84.9,85.10000000000001,85.2,85.8,86.8,86.9,87.4,87.4,90.10000000000001,94.2,108.60000000000001,112.10000000000001,112.9,113.10000000000001,114.5,115.0,115.2,117.10000000000001,120.8,121.0,123.2,123.9,124.8,125.60000000000001,127.00000000000001,127.50000000000001,127.60000000000001,128.6,128.7,129.29999999999998,129.5,133.5,134.2,135.2,136.0,137.29999999999998,138.5,139.89999999999998,142.29999999999998,142.7,143.79999999999998,145.5,147.1,147.89999999999998,150.0,150.6,151.2,151.89999999999998,154.2,156.6,157.0,157.1,157.1,157.29999999999998,159.7,159.89999999999998,160.1,162.79999999999998,166.29999999999998,169.5,179.1,177.8,177.4,172.9,169.70000000000002,163.10000000000002,148.0,138.60000000000002,97.90000000000003,97.5,94.19999999999999,93.30000000000001,86.10000000000002,75.10000000000002,75.0,74.0,74.0,72.19999999999999,69.30000000000001,65.40000000000003,64.5,62.0,50.900000000000034,49.900000000000034,49.80000000000001,48.80000000000001,48.0,47.80000000000001,46.5,45.19999999999999,44.19999999999999,35.0,34.5,34.400000000000034,33.900000000000034,33.80000000000001,33.69999999999999,33.19999999999999,32.30000000000001,32.19999999999999,32.19999999999999,31.400000000000034,30.30000000000001,29.80000000000001,29.5,29.400000000000034,28.5,23.900000000000034,19.69999999999999,16.19999999999999,12.800000000000011,11.5,11.199999999999989,9.5,9.0,2.3000000000000114
carnation pink color,1.5,0.8999999999999999,0.19999999999999996,0.09999999999999987,0.0,1.4,1.7000000000000002,4.0,5.1,5.800000000000001,7.799999999999999,8.7,9.2,9.7,10.6,10.9,11.5,17.200000000000003,18.400000000000002,19.3,20.400000000000002,22.0,23.1,24.3,24.400000000000002,24.700000000000003,26.6,27.8,28.6,29.400000000000002,30.4,30.800000000000004,36.7,37.2,37.7,37.9,38.4,39.4,40.1,40.4,40.800000000000004,41.2,41.300000000000004,41.800000000000004,41.800000000000004,43.0,44.4,44.5,44.6,46.0,46.1,47.6,47.800000000000004,48.0,52.4,53.300000000000004,54.5,54.9,56.800000000000004,57.4,58.800000000000004,60.0,60.5,60.800000000000004,60.800000000000004,62.1,62.50000000000001,64.1,64.39999999999999,67.8,70.19999999999999,75.5,77.0,79.0,79.8,79.89999999999999,80.39999999999999,81.69999999999999,83.39999999999999,84.8,85.0,85.1,85.69999999999999,86.69999999999999,86.8,87.3,87.3,90.0,94.1,108.5,112.0,112.8,113.0,114.39999999999999,114.89999999999999,115.1,117.0,120.69999999999999,120.89999999999999,123.1,123.8,124.69999999999999,125.5,126.9,127.4,127.5,128.5,128.6,129.2,129.4,133.4,134.1,135.1,135.9,137.2,138.4,139.79999999999998,142.2,142.6,143.7,145.4,147.0,147.79999999999998,149.9,150.5,151.1,151.79999999999998,154.1,156.5,156.9,157.0,157.0,157.2,159.6,159.79999999999998,160.0,162.7,166.2,169.4,179.0,177.9,177.5,173.0,169.8,163.20000000000002,148.1,138.70000000000002,98.0,97.59999999999997,94.29999999999995,93.39999999999998,86.19999999999999,75.19999999999999,75.09999999999997,74.09999999999997,74.09999999999997,72.29999999999995,69.39999999999998,65.5,64.59999999999997,62.099999999999966,51.0,50.0,49.89999999999998,48.89999999999998,48.099999999999966,47.89999999999998,46.599999999999966,45.299999999999955,44.299999999999955,35.099999999999966,34.599999999999966,34.5,34.0,33.89999999999998,33.799999999999955,33.299999999999955,32.39999999999998,32.299999999999955,32.299999999999955,31.5,30.399999999999977,29.899999999999977,29.599999999999966,29.5,28.599999999999966,24.0,19.799999999999955,16.299999999999955,12.899999999999977,11.599999999999966,11.299999999999955,9.599999999999966,9.099999999999966,2.3999999999999773
muted pink color,2.9,2.3,1.5999999999999999,1.4999999999999998,1.4,0.0,0.30000000000000027,2.6000000000000005,3.7,4.4,6.3999999999999995,7.3,7.8,8.3,9.2,9.5,10.100000000000001,15.8,17.0,17.9,19.0,20.599999999999998,21.7,22.9,23.0,23.3,25.2,26.4,27.2,28.0,28.999999999999996,29.400000000000002,35.300000000000004,35.800000000000004,36.300000000000004,36.5,37.0,38.0,38.7,39.0,39.400000000000006,39.800000000000004,39.900000000000006,40.400000000000006,40.400000000000006,41.6,43.0,43.1,43.2,44.6,44.7,46.2,46.400000000000006,46.6,51.0,51.900000000000006,53.1,53.5,55.400000000000006,56.0,57.400000000000006,58.6,59.1,59.400000000000006,59.400000000000006,60.7,61.10000000000001,62.7,63.0,66.4,68.8,74.10000000000001,75.60000000000001,77.60000000000001,78.4,78.5,79.0,80.3,82.0,83.4,83.60000000000001,83.7,84.3,85.3,85.4,85.9,85.9,88.60000000000001,92.7,107.10000000000001,110.60000000000001,111.4,111.60000000000001,113.0,113.5,113.7,115.60000000000001,119.3,119.5,121.7,122.4,123.3,124.10000000000001,125.50000000000001,126.00000000000001,126.10000000000001,127.10000000000001,127.2,127.8,128.0,132.0,132.7,133.7,134.5,135.79999999999998,137.0,138.39999999999998,140.79999999999998,141.2,142.29999999999998,144.0,145.6,146.39999999999998,148.5,149.1,149.7,150.39999999999998,152.7,155.1,155.5,155.6,155.6,155.79999999999998,158.2,158.39999999999998,158.6,161.29999999999998,164.79999999999998,168.0,177.6,179.3,178.9,174.4,171.20000000000002,164.60000000000002,149.5,140.10000000000002,99.40000000000003,99.0,95.69999999999999,94.80000000000001,87.60000000000002,76.60000000000002,76.5,75.5,75.5,73.69999999999999,70.80000000000001,66.90000000000003,66.0,63.5,52.400000000000034,51.400000000000034,51.30000000000001,50.30000000000001,49.5,49.30000000000001,48.0,46.69999999999999,45.69999999999999,36.5,36.0,35.900000000000034,35.400000000000034,35.30000000000001,35.19999999999999,34.69999999999999,33.80000000000001,33.69999999999999,33.69999999999999,32.900000000000034,31.80000000000001,31.30000000000001,31.0,30.900000000000034,30.0,25.400000000000034,21.19999999999999,17.69999999999999,14.300000000000011,13.0,12.699999999999989,11.0,10.5,3.8000000000000114
pig pink color,3.2,2.6,1.9000000000000001,1.8,1.7000000000000002,0.30000000000000027,0.0,2.3000000000000003,3.4,4.1,6.1,7.0,7.5,8.0,8.9,9.200000000000001,9.8,15.500000000000002,16.7,17.599999999999998,18.7,20.299999999999997,21.4,22.599999999999998,22.7,23.0,24.9,26.099999999999998,26.9,27.7,28.699999999999996,29.1,35.0,35.5,36.0,36.199999999999996,36.699999999999996,37.699999999999996,38.4,38.699999999999996,39.1,39.5,39.6,40.1,40.1,41.3,42.699999999999996,42.8,42.9,44.3,44.4,45.9,46.1,46.3,50.699999999999996,51.6,52.8,53.199999999999996,55.1,55.699999999999996,57.1,58.3,58.8,59.1,59.1,60.4,60.800000000000004,62.4,62.699999999999996,66.10000000000001,68.5,73.80000000000001,75.30000000000001,77.30000000000001,78.10000000000001,78.2,78.7,80.0,81.7,83.10000000000001,83.30000000000001,83.4,84.0,85.0,85.10000000000001,85.60000000000001,85.60000000000001,88.30000000000001,92.4,106.80000000000001,110.30000000000001,111.10000000000001,111.30000000000001,112.7,113.2,113.4,115.30000000000001,119.0,119.2,121.4,122.10000000000001,123.0,123.80000000000001,125.20000000000002,125.70000000000002,125.80000000000001,126.80000000000001,126.9,127.5,127.70000000000002,131.70000000000002,132.4,133.4,134.20000000000002,135.5,136.70000000000002,138.1,140.5,140.9,142.0,143.70000000000002,145.3,146.1,148.20000000000002,148.8,149.4,150.1,152.4,154.8,155.20000000000002,155.3,155.3,155.5,157.9,158.1,158.3,161.0,164.5,167.70000000000002,177.3,179.6,179.2,174.7,171.5,164.9,149.79999999999998,140.4,99.70000000000005,99.30000000000001,96.0,95.10000000000002,87.90000000000003,76.90000000000003,76.80000000000001,75.80000000000001,75.80000000000001,74.0,71.10000000000002,67.20000000000005,66.30000000000001,63.80000000000001,52.700000000000045,51.700000000000045,51.60000000000002,50.60000000000002,49.80000000000001,49.60000000000002,48.30000000000001,47.0,46.0,36.80000000000001,36.30000000000001,36.200000000000045,35.700000000000045,35.60000000000002,35.5,35.0,34.10000000000002,34.0,34.0,33.200000000000045,32.10000000000002,31.600000000000023,31.30000000000001,31.200000000000045,30.30000000000001,25.700000000000045,21.5,18.0,14.600000000000023,13.300000000000011,13.0,11.300000000000011,10.800000000000011,4.100000000000023
rosa color,5.5,4.9,4.2,4.1000000000000005,4.0,2.6000000000000005,2.3000000000000003,0.0,1.0999999999999996,1.7999999999999998,3.799999999999999,4.699999999999999,5.199999999999999,5.699999999999999,6.6,6.9,7.5,13.200000000000001,14.4,15.299999999999999,16.4,18.0,19.1,20.299999999999997,20.4,20.700000000000003,22.6,23.799999999999997,24.6,25.4,26.4,26.800000000000004,32.7,33.2,33.7,33.9,34.4,35.4,36.1,36.4,36.800000000000004,37.2,37.300000000000004,37.800000000000004,37.800000000000004,39.0,40.4,40.5,40.6,42.0,42.1,43.6,43.800000000000004,44.0,48.4,49.300000000000004,50.5,50.9,52.800000000000004,53.4,54.800000000000004,56.0,56.5,56.800000000000004,56.800000000000004,58.1,58.50000000000001,60.1,60.4,63.800000000000004,66.19999999999999,71.5,73.0,75.0,75.8,75.89999999999999,76.39999999999999,77.69999999999999,79.39999999999999,80.8,81.0,81.1,81.69999999999999,82.69999999999999,82.8,83.3,83.3,86.0,90.1,104.5,108.0,108.8,109.0,110.39999999999999,110.89999999999999,111.1,113.0,116.69999999999999,116.89999999999999,119.1,119.8,120.69999999999999,121.5,122.9,123.4,123.5,124.5,124.6,125.19999999999999,125.4,129.4,130.1,131.1,131.9,133.2,134.4,135.79999999999998,138.2,138.6,139.7,141.4,143.0,143.79999999999998,145.9,146.5,147.1,147.79999999999998,150.1,152.5,152.9,153.0,153.0,153.2,155.6,155.79999999999998,156.0,158.7,162.2,165.4,175.0,178.1,178.5,177.0,173.8,167.20000000000002,152.1,142.70000000000002,102.0,101.59999999999997,98.29999999999995,97.39999999999998,90.19999999999999,79.19999999999999,79.09999999999997,78.09999999999997,78.09999999999997,76.29999999999995,73.39999999999998,69.5,68.59999999999997,66.09999999999997,55.0,54.0,53.89999999999998,52.89999999999998,52.099999999999966,51.89999999999998,50.599999999999966,49.299999999999955,48.299999999999955,39.099999999999966,38.599999999999966,38.5,38.0,37.89999999999998,37.799999999999955,37.299999999999955,36.39999999999998,36.299999999999955,36.299999999999955,35.5,34.39999999999998,33.89999999999998,33.599999999999966,33.5,32.599999999999966,28.0,23.799999999999955,20.299999999999955,16.899999999999977,15.599999999999966,15.299999999999955,13.599999999999966,13.099999999999966,6.399999999999977
rosy pink color,6.6,6.0,5.3,5.2,5.1,3.7,3.4,1.0999999999999996,0.0,0.7000000000000002,2.6999999999999993,3.5999999999999996,4.1,4.6,5.5,5.800000000000001,6.4,12.100000000000001,13.3,14.2,15.3,16.9,18.0,19.2,19.3,19.6,21.5,22.7,23.5,24.3,25.299999999999997,25.700000000000003,31.6,32.1,32.6,32.8,33.3,34.3,35.0,35.3,35.7,36.1,36.2,36.7,36.7,37.9,39.3,39.4,39.5,40.9,41.0,42.5,42.7,42.9,47.3,48.2,49.4,49.8,51.7,52.3,53.7,54.9,55.4,55.7,55.7,57.0,57.400000000000006,59.0,59.3,62.7,65.1,70.4,71.9,73.9,74.7,74.8,75.3,76.6,78.3,79.7,79.9,80.0,80.6,81.6,81.7,82.2,82.2,84.9,89.0,103.4,106.9,107.7,107.9,109.3,109.8,110.0,111.9,115.6,115.8,118.0,118.7,119.6,120.4,121.80000000000001,122.30000000000001,122.4,123.4,123.5,124.1,124.30000000000001,128.3,129.0,130.0,130.8,132.1,133.3,134.7,137.1,137.5,138.6,140.3,141.9,142.7,144.8,145.4,146.0,146.7,149.0,151.4,151.8,151.9,151.9,152.1,154.5,154.7,154.9,157.6,161.1,164.3,173.9,177.0,177.4,178.1,174.9,168.3,153.2,143.8,103.10000000000002,102.69999999999999,99.39999999999998,98.5,91.30000000000001,80.30000000000001,80.19999999999999,79.19999999999999,79.19999999999999,77.39999999999998,74.5,70.60000000000002,69.69999999999999,67.19999999999999,56.10000000000002,55.10000000000002,55.0,54.0,53.19999999999999,53.0,51.69999999999999,50.39999999999998,49.39999999999998,40.19999999999999,39.69999999999999,39.60000000000002,39.10000000000002,39.0,38.89999999999998,38.39999999999998,37.5,37.39999999999998,37.39999999999998,36.60000000000002,35.5,35.0,34.69999999999999,34.60000000000002,33.69999999999999,29.100000000000023,24.899999999999977,21.399999999999977,18.0,16.69999999999999,16.399999999999977,14.699999999999989,14.199999999999989,7.5
dusky pink color,7.3,6.7,6.0,5.9,5.800000000000001,4.4,4.1,1.7999999999999998,0.7000000000000002,0.0,1.9999999999999991,2.8999999999999995,3.3999999999999995,3.8999999999999995,4.8,5.1000000000000005,5.7,11.400000000000002,12.600000000000001,13.5,14.600000000000001,16.2,17.3,18.5,18.6,18.900000000000002,20.8,22.0,22.8,23.6,24.599999999999998,25.000000000000004,30.900000000000002,31.400000000000002,31.900000000000002,32.099999999999994,32.599999999999994,33.599999999999994,34.3,34.599999999999994,35.0,35.4,35.5,36.0,36.0,37.199999999999996,38.599999999999994,38.699999999999996,38.8,40.199999999999996,40.3,41.8,42.0,42.199999999999996,46.599999999999994,47.5,48.699999999999996,49.099999999999994,51.0,51.599999999999994,53.0,54.199999999999996,54.699999999999996,55.0,55.0,56.3,56.7,58.3,58.599999999999994,62.0,64.39999999999999,69.7,71.2,73.2,74.0,74.1,74.6,75.89999999999999,77.6,79.0,79.2,79.3,79.89999999999999,80.89999999999999,81.0,81.5,81.5,84.2,88.3,102.7,106.2,107.0,107.2,108.6,109.1,109.3,111.2,114.89999999999999,115.1,117.3,118.0,118.89999999999999,119.7,121.10000000000001,121.60000000000001,121.7,122.7,122.8,123.39999999999999,123.60000000000001,127.60000000000001,128.3,129.3,130.10000000000002,131.4,132.60000000000002,134.0,136.4,136.8,137.9,139.60000000000002,141.20000000000002,142.0,144.10000000000002,144.70000000000002,145.3,146.0,148.3,150.70000000000002,151.10000000000002,151.20000000000002,151.20000000000002,151.4,153.8,154.0,154.20000000000002,156.9,160.4,163.60000000000002,173.20000000000002,176.3,176.70000000000002,178.79999999999998,175.6,169.0,153.89999999999998,144.5,103.80000000000001,103.39999999999998,100.09999999999997,99.19999999999999,92.0,81.0,80.89999999999998,79.89999999999998,79.89999999999998,78.09999999999997,75.19999999999999,71.30000000000001,70.39999999999998,67.89999999999998,56.80000000000001,55.80000000000001,55.69999999999999,54.69999999999999,53.89999999999998,53.69999999999999,52.39999999999998,51.099999999999966,50.099999999999966,40.89999999999998,40.39999999999998,40.30000000000001,39.80000000000001,39.69999999999999,39.599999999999966,39.099999999999966,38.19999999999999,38.099999999999966,38.099999999999966,37.30000000000001,36.19999999999999,35.69999999999999,35.39999999999998,35.30000000000001,34.39999999999998,29.80000000000001,25.599999999999966,22.099999999999966,18.69999999999999,17.399999999999977,17.099999999999966,15.399999999999977,14.899999999999977,8.199999999999989
warm pink color,9.299999999999999,8.7,7.999999999999999,7.8999999999999995,7.799999999999999,6.3999999999999995,6.1,3.799999999999999,2.6999999999999993,1.9999999999999991,0.0,0.9000000000000004,1.4000000000000004,1.9000000000000004,2.8000000000000007,3.1000000000000014,3.700000000000001,9.400000000000002,10.600000000000001,11.5,12.600000000000001,14.2,15.3,16.5,16.6,16.900000000000002,18.8,20.0,20.8,21.6,22.599999999999998,23.000000000000004,28.900000000000002,29.400000000000002,29.900000000000002,30.099999999999998,30.599999999999998,31.599999999999998,32.3,32.599999999999994,33.0,33.400000000000006,33.5,34.0,34.0,35.2,36.599999999999994,36.7,36.8,38.2,38.3,39.8,40.0,40.2,44.599999999999994,45.5,46.7,47.099999999999994,49.0,49.599999999999994,51.0,52.2,52.7,53.0,53.0,54.3,54.7,56.3,56.599999999999994,60.0,62.39999999999999,67.7,69.2,71.2,72.0,72.1,72.6,73.89999999999999,75.6,77.0,77.2,77.3,77.89999999999999,78.89999999999999,79.0,79.5,79.5,82.2,86.3,100.7,104.2,105.0,105.2,106.6,107.1,107.3,109.2,112.89999999999999,113.1,115.3,116.0,116.89999999999999,117.7,119.10000000000001,119.60000000000001,119.7,120.7,120.8,121.39999999999999,121.60000000000001,125.60000000000001,126.3,127.3,128.10000000000002,129.4,130.60000000000002,132.0,134.4,134.8,135.9,137.60000000000002,139.20000000000002,140.0,142.10000000000002,142.70000000000002,143.3,144.0,146.3,148.70000000000002,149.10000000000002,149.20000000000002,149.20000000000002,149.4,151.8,152.0,152.20000000000002,154.9,158.4,161.60000000000002,171.20000000000002,174.3,174.70000000000002,179.20000000000002,177.6,171.0,155.89999999999998,146.5,105.80000000000001,105.39999999999998,102.09999999999997,101.19999999999999,94.0,83.0,82.89999999999998,81.89999999999998,81.89999999999998,80.09999999999997,77.19999999999999,73.30000000000001,72.39999999999998,69.89999999999998,58.80000000000001,57.80000000000001,57.69999999999999,56.69999999999999,55.89999999999998,55.69999999999999,54.39999999999998,53.099999999999966,52.099999999999966,42.89999999999998,42.39999999999998,42.30000000000001,41.80000000000001,41.69999999999999,41.599999999999966,41.099999999999966,40.19999999999999,40.099999999999966,40.099999999999966,39.30000000000001,38.19999999999999,37.69999999999999,37.39999999999998,37.30000000000001,36.39999999999998,31.80000000000001,27.599999999999966,24.099999999999966,20.69999999999999,19.399999999999977,19.099999999999966,17.399999999999977,16.899999999999977,10.199999999999989
old pink color,10.2,9.6,8.9,8.799999999999999,8.7,7.3,7.0,4.699999999999999,3.5999999999999996,2.8999999999999995,0.9000000000000004,0.0,0.5,1.0,1.9000000000000004,2.200000000000001,2.8000000000000007,8.500000000000002,9.700000000000001,10.6,11.700000000000001,13.299999999999999,14.4,15.6,15.700000000000001,16.0,17.9,19.1,19.9,20.700000000000003,21.699999999999996,22.1,28.0,28.5,29.0,29.199999999999996,29.699999999999996,30.699999999999996,31.4,31.699999999999996,32.1,32.5,32.6,33.1,33.1,34.3,35.699999999999996,35.8,35.9,37.3,37.4,38.9,39.1,39.3,43.699999999999996,44.6,45.8,46.199999999999996,48.1,48.699999999999996,50.1,51.3,51.8,52.1,52.1,53.4,53.800000000000004,55.4,55.699999999999996,59.1,61.49999999999999,66.80000000000001,68.30000000000001,70.30000000000001,71.10000000000001,71.2,71.7,73.0,74.7,76.10000000000001,76.30000000000001,76.4,77.0,78.0,78.10000000000001,78.60000000000001,78.60000000000001,81.30000000000001,85.4,99.80000000000001,103.30000000000001,104.10000000000001,104.30000000000001,105.7,106.2,106.4,108.30000000000001,112.0,112.2,114.4,115.10000000000001,116.0,116.80000000000001,118.20000000000002,118.70000000000002,118.80000000000001,119.80000000000001,119.9,120.5,120.70000000000002,124.70000000000002,125.4,126.4,127.20000000000002,128.5,129.70000000000002,131.1,133.5,133.9,135.0,136.70000000000002,138.3,139.1,141.20000000000002,141.8,142.4,143.1,145.4,147.8,148.20000000000002,148.3,148.3,148.5,150.9,151.1,151.3,154.0,157.5,160.70000000000002,170.3,173.4,173.8,178.3,178.5,171.9,156.79999999999998,147.4,106.70000000000002,106.29999999999998,103.0,102.10000000000002,94.90000000000003,83.90000000000003,83.80000000000001,82.80000000000001,82.80000000000001,81.0,78.10000000000002,74.20000000000005,73.30000000000001,70.80000000000001,59.700000000000045,58.700000000000045,58.60000000000002,57.60000000000002,56.80000000000001,56.60000000000002,55.30000000000001,54.0,53.0,43.80000000000001,43.30000000000001,43.200000000000045,42.700000000000045,42.60000000000002,42.5,42.0,41.10000000000002,41.0,41.0,40.200000000000045,39.10000000000002,38.60000000000002,38.30000000000001,38.200000000000045,37.30000000000001,32.700000000000045,28.5,25.0,21.600000000000023,20.30000000000001,20.0,18.30000000000001,17.80000000000001,11.100000000000023
pinkish color,10.7,10.1,9.4,9.299999999999999,9.2,7.8,7.5,5.199999999999999,4.1,3.3999999999999995,1.4000000000000004,0.5,0.0,0.5,1.4000000000000004,1.700000000000001,2.3000000000000007,8.000000000000002,9.200000000000001,10.1,11.200000000000001,12.799999999999999,13.9,15.1,15.200000000000001,15.500000000000002,17.4,18.6,19.4,20.200000000000003,21.199999999999996,21.6,27.5,28.0,28.5,28.699999999999996,29.199999999999996,30.199999999999996,30.9,31.199999999999996,31.6,32.0,32.1,32.6,32.6,33.8,35.199999999999996,35.3,35.4,36.8,36.9,38.4,38.6,38.8,43.199999999999996,44.1,45.3,45.699999999999996,47.6,48.199999999999996,49.6,50.8,51.3,51.6,51.6,52.9,53.300000000000004,54.9,55.199999999999996,58.6,60.99999999999999,66.30000000000001,67.80000000000001,69.80000000000001,70.60000000000001,70.7,71.2,72.5,74.2,75.60000000000001,75.80000000000001,75.9,76.5,77.5,77.60000000000001,78.10000000000001,78.10000000000001,80.80000000000001,84.9,99.30000000000001,102.80000000000001,103.60000000000001,103.80000000000001,105.2,105.7,105.9,107.80000000000001,111.5,111.7,113.9,114.60000000000001,115.5,116.30000000000001,117.70000000000002,118.20000000000002,118.30000000000001,119.30000000000001,119.4,120.0,120.20000000000002,124.20000000000002,124.9,125.9,126.70000000000002,128.0,129.20000000000002,130.6,133.0,133.4,134.5,136.20000000000002,137.8,138.6,140.70000000000002,141.3,141.9,142.6,144.9,147.3,147.70000000000002,147.8,147.8,148.0,150.4,150.6,150.8,153.5,157.0,160.20000000000002,169.8,172.9,173.3,177.8,179.0,172.4,157.29999999999998,147.9,107.20000000000002,106.79999999999998,103.5,102.60000000000002,95.40000000000003,84.40000000000003,84.30000000000001,83.30000000000001,83.30000000000001,81.5,78.60000000000002,74.70000000000005,73.80000000000001,71.30000000000001,60.200000000000045,59.200000000000045,59.10000000000002,58.10000000000002,57.30000000000001,57.10000000000002,55.80000000000001,54.5,53.5,44.30000000000001,43.80000000000001,43.700000000000045,43.200000000000045,43.10000000000002,43.0,42.5,41.60000000000002,41.5,41.5,40.700000000000045,39.60000000000002,39.10000000000002,38.80000000000001,38.700000000000045,37.80000000000001,33.200000000000045,29.0,25.5,22.100000000000023,20.80000000000001,20.5,18.80000000000001,18.30000000000001,11.600000000000023
rose pink color,11.2,10.6,9.9,9.799999999999999,9.7,8.3,8.0,5.699999999999999,4.6,3.8999999999999995,1.9000000000000004,1.0,0.5,0.0,0.9000000000000004,1.200000000000001,1.8000000000000007,7.500000000000002,8.700000000000001,9.6,10.700000000000001,12.299999999999999,13.4,14.6,14.700000000000001,15.000000000000002,16.9,18.1,18.9,19.700000000000003,20.699999999999996,21.1,27.0,27.5,28.0,28.199999999999996,28.699999999999996,29.699999999999996,30.4,30.699999999999996,31.1,31.5,31.6,32.1,32.1,33.3,34.699999999999996,34.8,34.9,36.3,36.4,37.9,38.1,38.3,42.699999999999996,43.6,44.8,45.199999999999996,47.1,47.699999999999996,49.1,50.3,50.8,51.1,51.1,52.4,52.800000000000004,54.4,54.699999999999996,58.1,60.49999999999999,65.80000000000001,67.30000000000001,69.30000000000001,70.10000000000001,70.2,70.7,72.0,73.7,75.10000000000001,75.30000000000001,75.4,76.0,77.0,77.10000000000001,77.60000000000001,77.60000000000001,80.30000000000001,84.4,98.80000000000001,102.30000000000001,103.10000000000001,103.30000000000001,104.7,105.2,105.4,107.30000000000001,111.0,111.2,113.4,114.10000000000001,115.0,115.80000000000001,117.20000000000002,117.70000000000002,117.80000000000001,118.80000000000001,118.9,119.5,119.70000000000002,123.70000000000002,124.4,125.4,126.20000000000002,127.5,128.70000000000002,130.1,132.5,132.9,134.0,135.70000000000002,137.3,138.1,140.20000000000002,140.8,141.4,142.1,144.4,146.8,147.20000000000002,147.3,147.3,147.5,149.9,150.1,150.3,153.0,156.5,159.70000000000002,169.3,172.4,172.8,177.3,179.5,172.9,157.79999999999998,148.4,107.70000000000002,107.29999999999998,104.0,103.10000000000002,95.90000000000003,84.90000000000003,84.80000000000001,83.80000000000001,83.80000000000001,82.0,79.10000000000002,75.20000000000005,74.30000000000001,71.80000000000001,60.700000000000045,59.700000000000045,59.60000000000002,58.60000000000002,57.80000000000001,57.60000000000002,56.30000000000001,55.0,54.0,44.80000000000001,44.30000000000001,44.200000000000045,43.700000000000045,43.60000000000002,43.5,43.0,42.10000000000002,42.0,42.0,41.200000000000045,40.10000000000002,39.60000000000002,39.30000000000001,39.200000000000045,38.30000000000001,33.700000000000045,29.5,26.0,22.600000000000023,21.30000000000001,21.0,19.30000000000001,18.80000000000001,12.100000000000023
dusty pink color,12.1,11.5,10.8,10.7,10.6,9.2,8.9,6.6,5.5,4.8,2.8000000000000007,1.9000000000000004,1.4000000000000004,0.9000000000000004,0.0,0.3000000000000007,0.9000000000000004,6.600000000000001,7.800000000000001,8.7,9.8,11.399999999999999,12.5,13.7,13.8,14.100000000000001,16.0,17.2,18.0,18.8,19.799999999999997,20.200000000000003,26.1,26.6,27.1,27.299999999999997,27.799999999999997,28.799999999999997,29.5,29.799999999999997,30.200000000000003,30.6,30.700000000000003,31.200000000000003,31.200000000000003,32.4,33.8,33.9,34.0,35.4,35.5,37.0,37.2,37.4,41.8,42.7,43.9,44.3,46.2,46.8,48.2,49.4,49.9,50.2,50.2,51.5,51.900000000000006,53.5,53.8,57.2,59.599999999999994,64.9,66.4,68.4,69.2,69.3,69.8,71.1,72.8,74.2,74.4,74.5,75.1,76.1,76.2,76.7,76.7,79.4,83.5,97.9,101.4,102.2,102.4,103.8,104.3,104.5,106.4,110.1,110.3,112.5,113.2,114.1,114.9,116.30000000000001,116.80000000000001,116.9,117.9,118.0,118.6,118.80000000000001,122.80000000000001,123.5,124.5,125.30000000000001,126.6,127.80000000000001,129.2,131.6,132.0,133.1,134.8,136.4,137.2,139.3,139.9,140.5,141.2,143.5,145.9,146.3,146.4,146.4,146.6,149.0,149.2,149.4,152.1,155.6,158.8,168.4,171.5,171.9,176.4,179.6,173.8,158.7,149.3,108.60000000000002,108.19999999999999,104.89999999999998,104.0,96.80000000000001,85.80000000000001,85.69999999999999,84.69999999999999,84.69999999999999,82.89999999999998,80.0,76.10000000000002,75.19999999999999,72.69999999999999,61.60000000000002,60.60000000000002,60.5,59.5,58.69999999999999,58.5,57.19999999999999,55.89999999999998,54.89999999999998,45.69999999999999,45.19999999999999,45.10000000000002,44.60000000000002,44.5,44.39999999999998,43.89999999999998,43.0,42.89999999999998,42.89999999999998,42.10000000000002,41.0,40.5,40.19999999999999,40.10000000000002,39.19999999999999,34.60000000000002,30.399999999999977,26.899999999999977,23.5,22.19999999999999,21.899999999999977,20.19999999999999,19.69999999999999,13.0
rose color,12.4,11.8,11.100000000000001,11.0,10.9,9.5,9.200000000000001,6.9,5.800000000000001,5.1000000000000005,3.1000000000000014,2.200000000000001,1.700000000000001,1.200000000000001,0.3000000000000007,0.0,0.5999999999999996,6.300000000000001,7.5,8.399999999999999,9.5,11.099999999999998,12.2,13.399999999999999,13.5,13.8,15.7,16.9,17.7,18.5,19.499999999999996,19.900000000000002,25.8,26.3,26.8,26.999999999999996,27.499999999999996,28.499999999999996,29.2,29.499999999999996,29.900000000000002,30.3,30.400000000000002,30.900000000000002,30.900000000000002,32.099999999999994,33.5,33.599999999999994,33.7,35.099999999999994,35.2,36.7,36.900000000000006,37.099999999999994,41.5,42.400000000000006,43.599999999999994,44.0,45.900000000000006,46.5,47.900000000000006,49.099999999999994,49.599999999999994,49.900000000000006,49.900000000000006,51.2,51.60000000000001,53.2,53.5,56.900000000000006,59.3,64.60000000000001,66.10000000000001,68.10000000000001,68.9,69.0,69.5,70.8,72.5,73.9,74.10000000000001,74.2,74.8,75.8,75.9,76.4,76.4,79.10000000000001,83.2,97.60000000000001,101.10000000000001,101.9,102.10000000000001,103.5,104.0,104.2,106.10000000000001,109.8,110.0,112.2,112.9,113.8,114.60000000000001,116.00000000000001,116.50000000000001,116.60000000000001,117.60000000000001,117.7,118.3,118.50000000000001,122.50000000000001,123.2,124.2,125.00000000000001,126.3,127.50000000000001,128.89999999999998,131.29999999999998,131.7,132.79999999999998,134.5,136.1,136.89999999999998,139.0,139.6,140.2,140.89999999999998,143.2,145.6,146.0,146.1,146.1,146.29999999999998,148.7,148.89999999999998,149.1,151.79999999999998,155.29999999999998,158.5,168.1,171.2,171.6,176.1,179.29999999999998,174.10000000000002,159.0,149.60000000000002,108.90000000000003,108.5,105.19999999999999,104.30000000000001,97.10000000000002,86.10000000000002,86.0,85.0,85.0,83.19999999999999,80.30000000000001,76.40000000000003,75.5,73.0,61.900000000000034,60.900000000000034,60.80000000000001,59.80000000000001,59.0,58.80000000000001,57.5,56.19999999999999,55.19999999999999,46.0,45.5,45.400000000000034,44.900000000000034,44.80000000000001,44.69999999999999,44.19999999999999,43.30000000000001,43.19999999999999,43.19999999999999,42.400000000000034,41.30000000000001,40.80000000000001,40.5,40.400000000000034,39.5,34.900000000000034,30.69999999999999,27.19999999999999,23.80000000000001,22.5,22.19999999999999,20.5,20.0,13.300000000000011
carnation color,13.0,12.4,11.700000000000001,11.6,11.5,10.100000000000001,9.8,7.5,6.4,5.7,3.700000000000001,2.8000000000000007,2.3000000000000007,1.8000000000000007,0.9000000000000004,0.5999999999999996,0.0,5.700000000000001,6.9,7.799999999999999,8.9,10.499999999999998,11.6,12.799999999999999,12.9,13.200000000000001,15.1,16.299999999999997,17.1,17.9,18.9,19.300000000000004,25.200000000000003,25.700000000000003,26.200000000000003,26.4,26.9,27.9,28.6,28.9,29.300000000000004,29.700000000000003,29.800000000000004,30.300000000000004,30.300000000000004,31.5,32.9,33.0,33.1,34.5,34.6,36.1,36.300000000000004,36.5,40.9,41.800000000000004,43.0,43.4,45.300000000000004,45.9,47.300000000000004,48.5,49.0,49.300000000000004,49.300000000000004,50.6,51.00000000000001,52.6,52.9,56.300000000000004,58.699999999999996,64.0,65.5,67.5,68.3,68.39999999999999,68.89999999999999,70.19999999999999,71.89999999999999,73.3,73.5,73.6,74.19999999999999,75.19999999999999,75.3,75.8,75.8,78.5,82.6,97.0,100.5,101.3,101.5,102.89999999999999,103.39999999999999,103.6,105.5,109.19999999999999,109.39999999999999,111.6,112.3,113.19999999999999,114.0,115.4,115.9,116.0,117.0,117.1,117.69999999999999,117.9,121.9,122.6,123.6,124.4,125.69999999999999,126.9,128.29999999999998,130.7,131.1,132.2,133.9,135.5,136.29999999999998,138.4,139.0,139.6,140.29999999999998,142.6,145.0,145.4,145.5,145.5,145.7,148.1,148.29999999999998,148.5,151.2,154.7,157.9,167.5,170.6,171.0,175.5,178.7,174.70000000000002,159.6,150.20000000000002,109.50000000000003,109.1,105.79999999999998,104.9,97.69999999999999,86.69999999999999,86.59999999999997,85.59999999999997,85.59999999999997,83.79999999999995,80.89999999999998,77.0,76.09999999999997,73.59999999999997,62.5,61.5,61.39999999999998,60.39999999999998,59.599999999999966,59.39999999999998,58.099999999999966,56.799999999999955,55.799999999999955,46.599999999999966,46.099999999999966,46.0,45.5,45.39999999999998,45.299999999999955,44.799999999999955,43.89999999999998,43.799999999999955,43.799999999999955,43.0,41.89999999999998,41.39999999999998,41.099999999999966,41.0,40.099999999999966,35.5,31.299999999999955,27.799999999999955,24.399999999999977,23.099999999999966,22.799999999999955,21.099999999999966,20.599999999999966,13.899999999999977
blush pink color,18.700000000000003,18.1,17.400000000000002,17.3,17.200000000000003,15.8,15.500000000000002,13.200000000000001,12.100000000000001,11.400000000000002,9.400000000000002,8.500000000000002,8.000000000000002,7.500000000000002,6.600000000000001,6.300000000000001,5.700000000000001,0.0,1.1999999999999993,2.099999999999998,3.1999999999999993,4.799999999999997,5.899999999999999,7.099999999999998,7.199999999999999,7.5,9.399999999999999,10.599999999999998,11.399999999999999,12.2,13.199999999999996,13.600000000000001,19.5,20.0,20.5,20.699999999999996,21.199999999999996,22.199999999999996,22.9,23.199999999999996,23.6,24.0,24.1,24.6,24.6,25.799999999999997,27.199999999999996,27.299999999999997,27.4,28.799999999999997,28.9,30.4,30.6,30.799999999999997,35.199999999999996,36.1,37.3,37.699999999999996,39.6,40.199999999999996,41.6,42.8,43.3,43.6,43.6,44.9,45.300000000000004,46.9,47.199999999999996,50.6,52.99999999999999,58.300000000000004,59.800000000000004,61.800000000000004,62.6,62.699999999999996,63.199999999999996,64.5,66.19999999999999,67.6,67.80000000000001,67.9,68.5,69.5,69.6,70.1,70.1,72.80000000000001,76.9,91.30000000000001,94.80000000000001,95.6,95.80000000000001,97.19999999999999,97.69999999999999,97.9,99.80000000000001,103.5,103.69999999999999,105.9,106.6,107.5,108.30000000000001,109.70000000000002,110.20000000000002,110.30000000000001,111.30000000000001,111.4,112.0,112.20000000000002,116.20000000000002,116.9,117.9,118.70000000000002,120.0,121.20000000000002,122.6,125.0,125.4,126.5,128.20000000000002,129.8,130.6,132.70000000000002,133.3,133.9,134.6,136.9,139.3,139.70000000000002,139.8,139.8,140.0,142.4,142.6,142.8,145.5,149.0,152.20000000000002,161.8,164.9,165.3,169.8,173.0,179.6,165.29999999999998,155.9,115.20000000000002,114.79999999999998,111.49999999999997,110.6,103.40000000000003,92.40000000000003,92.30000000000001,91.30000000000001,91.30000000000001,89.5,86.60000000000002,82.70000000000005,81.80000000000001,79.30000000000001,68.20000000000005,67.20000000000005,67.10000000000002,66.10000000000002,65.30000000000001,65.10000000000002,63.80000000000001,62.5,61.5,52.30000000000001,51.80000000000001,51.700000000000045,51.200000000000045,51.10000000000002,51.0,50.5,49.60000000000002,49.5,49.5,48.700000000000045,47.60000000000002,47.10000000000002,46.80000000000001,46.700000000000045,45.80000000000001,41.200000000000045,37.0,33.5,30.100000000000023,28.80000000000001,28.5,26.80000000000001,26.30000000000001,19.600000000000023
pink red color,19.900000000000002,19.3,18.6,18.5,18.400000000000002,17.0,16.7,14.4,13.3,12.600000000000001,10.600000000000001,9.700000000000001,9.200000000000001,8.700000000000001,7.800000000000001,7.5,6.9,1.1999999999999993,0.0,0.8999999999999986,2.0,3.599999999999998,4.699999999999999,5.899999999999999,6.0,6.300000000000001,8.2,9.399999999999999,10.2,11.0,11.999999999999996,12.400000000000002,18.3,18.8,19.3,19.499999999999996,19.999999999999996,20.999999999999996,21.7,21.999999999999996,22.400000000000002,22.8,22.900000000000002,23.400000000000002,23.400000000000002,24.599999999999998,25.999999999999996,26.099999999999998,26.2,27.599999999999998,27.7,29.2,29.400000000000002,29.599999999999998,34.0,34.900000000000006,36.099999999999994,36.5,38.400000000000006,39.0,40.400000000000006,41.599999999999994,42.099999999999994,42.400000000000006,42.400000000000006,43.7,44.10000000000001,45.7,46.0,49.400000000000006,51.8,57.10000000000001,58.60000000000001,60.60000000000001,61.400000000000006,61.5,62.0,63.3,65.0,66.4,66.60000000000001,66.7,67.3,68.3,68.4,68.9,68.9,71.60000000000001,75.7,90.10000000000001,93.60000000000001,94.4,94.60000000000001,96.0,96.5,96.7,98.60000000000001,102.3,102.5,104.7,105.4,106.3,107.10000000000001,108.50000000000001,109.00000000000001,109.10000000000001,110.10000000000001,110.2,110.8,111.00000000000001,115.00000000000001,115.7,116.7,117.50000000000001,118.8,120.00000000000001,121.39999999999999,123.8,124.2,125.3,127.00000000000001,128.6,129.39999999999998,131.5,132.1,132.7,133.39999999999998,135.7,138.1,138.5,138.6,138.6,138.79999999999998,141.2,141.39999999999998,141.6,144.29999999999998,147.79999999999998,151.0,160.6,163.7,164.1,168.6,171.79999999999998,178.39999999999998,166.5,157.10000000000002,116.40000000000003,116.0,112.69999999999999,111.80000000000001,104.60000000000002,93.60000000000002,93.5,92.5,92.5,90.69999999999999,87.80000000000001,83.90000000000003,83.0,80.5,69.40000000000003,68.40000000000003,68.30000000000001,67.30000000000001,66.5,66.30000000000001,65.0,63.69999999999999,62.69999999999999,53.5,53.0,52.900000000000034,52.400000000000034,52.30000000000001,52.19999999999999,51.69999999999999,50.80000000000001,50.69999999999999,50.69999999999999,49.900000000000034,48.80000000000001,48.30000000000001,48.0,47.900000000000034,47.0,42.400000000000034,38.19999999999999,34.69999999999999,31.30000000000001,30.0,29.69999999999999,28.0,27.5,20.80000000000001
red pink color,20.8,20.2,19.5,19.4,19.3,17.9,17.599999999999998,15.299999999999999,14.2,13.5,11.5,10.6,10.1,9.6,8.7,8.399999999999999,7.799999999999999,2.099999999999998,0.8999999999999986,0.0,1.1000000000000014,2.6999999999999993,3.8000000000000007,5.0,5.100000000000001,5.400000000000002,7.300000000000001,8.5,9.3,10.100000000000001,11.099999999999998,11.500000000000004,17.400000000000002,17.900000000000002,18.400000000000002,18.599999999999998,19.099999999999998,20.099999999999998,20.8,21.099999999999998,21.500000000000004,21.900000000000002,22.000000000000004,22.500000000000004,22.500000000000004,23.7,25.099999999999998,25.2,25.3,26.7,26.8,28.3,28.500000000000004,28.7,33.099999999999994,34.0,35.2,35.599999999999994,37.5,38.099999999999994,39.5,40.7,41.2,41.5,41.5,42.8,43.2,44.8,45.099999999999994,48.5,50.89999999999999,56.2,57.7,59.7,60.5,60.599999999999994,61.099999999999994,62.39999999999999,64.1,65.5,65.7,65.8,66.39999999999999,67.39999999999999,67.5,68.0,68.0,70.7,74.8,89.2,92.7,93.5,93.7,95.1,95.6,95.8,97.7,101.39999999999999,101.6,103.8,104.5,105.39999999999999,106.2,107.60000000000001,108.10000000000001,108.2,109.2,109.3,109.89999999999999,110.10000000000001,114.10000000000001,114.8,115.8,116.60000000000001,117.89999999999999,119.10000000000001,120.49999999999999,122.89999999999999,123.3,124.39999999999999,126.10000000000001,127.7,128.5,130.60000000000002,131.20000000000002,131.8,132.5,134.8,137.20000000000002,137.60000000000002,137.70000000000002,137.70000000000002,137.9,140.3,140.5,140.70000000000002,143.4,146.9,150.10000000000002,159.70000000000002,162.8,163.20000000000002,167.70000000000002,170.9,177.5,167.39999999999998,158.0,117.30000000000001,116.89999999999998,113.59999999999997,112.69999999999999,105.5,94.5,94.39999999999998,93.39999999999998,93.39999999999998,91.59999999999997,88.69999999999999,84.80000000000001,83.89999999999998,81.39999999999998,70.30000000000001,69.30000000000001,69.19999999999999,68.19999999999999,67.39999999999998,67.19999999999999,65.89999999999998,64.59999999999997,63.599999999999966,54.39999999999998,53.89999999999998,53.80000000000001,53.30000000000001,53.19999999999999,53.099999999999966,52.599999999999966,51.69999999999999,51.599999999999966,51.599999999999966,50.80000000000001,49.69999999999999,49.19999999999999,48.89999999999998,48.80000000000001,47.89999999999998,43.30000000000001,39.099999999999966,35.599999999999966,32.19999999999999,30.899999999999977,30.599999999999966,28.899999999999977,28.399999999999977,21.69999999999999
reddish pink color,21.900000000000002,21.3,20.6,20.5,20.400000000000002,19.0,18.7,16.4,15.3,14.600000000000001,12.600000000000001,11.700000000000001,11.200000000000001,10.700000000000001,9.8,9.5,8.9,3.1999999999999993,2.0,1.1000000000000014,0.0,1.5999999999999979,2.6999999999999993,3.8999999999999986,4.0,4.300000000000001,6.199999999999999,7.399999999999999,8.2,9.0,9.999999999999996,10.400000000000002,16.3,16.8,17.3,17.499999999999996,17.999999999999996,18.999999999999996,19.7,19.999999999999996,20.400000000000002,20.8,20.900000000000002,21.400000000000002,21.400000000000002,22.599999999999998,23.999999999999996,24.099999999999998,24.2,25.599999999999998,25.7,27.2,27.400000000000002,27.599999999999998,31.999999999999996,32.900000000000006,34.099999999999994,34.5,36.400000000000006,37.0,38.400000000000006,39.599999999999994,40.099999999999994,40.400000000000006,40.400000000000006,41.7,42.10000000000001,43.7,44.0,47.400000000000006,49.8,55.10000000000001,56.60000000000001,58.60000000000001,59.400000000000006,59.5,60.0,61.3,63.0,64.4,64.60000000000001,64.7,65.3,66.3,66.4,66.9,66.9,69.60000000000001,73.7,88.10000000000001,91.60000000000001,92.4,92.60000000000001,94.0,94.5,94.7,96.60000000000001,100.3,100.5,102.7,103.4,104.3,105.10000000000001,106.50000000000001,107.00000000000001,107.10000000000001,108.10000000000001,108.2,108.8,109.00000000000001,113.00000000000001,113.7,114.7,115.50000000000001,116.8,118.00000000000001,119.39999999999999,121.8,122.2,123.3,125.00000000000001,126.60000000000001,127.39999999999999,129.5,130.1,130.7,131.39999999999998,133.7,136.1,136.5,136.6,136.6,136.79999999999998,139.2,139.39999999999998,139.6,142.29999999999998,145.79999999999998,149.0,158.6,161.7,162.1,166.6,169.79999999999998,176.39999999999998,168.5,159.10000000000002,118.40000000000003,118.0,114.69999999999999,113.80000000000001,106.60000000000002,95.60000000000002,95.5,94.5,94.5,92.69999999999999,89.80000000000001,85.90000000000003,85.0,82.5,71.40000000000003,70.40000000000003,70.30000000000001,69.30000000000001,68.5,68.30000000000001,67.0,65.69999999999999,64.69999999999999,55.5,55.0,54.900000000000034,54.400000000000034,54.30000000000001,54.19999999999999,53.69999999999999,52.80000000000001,52.69999999999999,52.69999999999999,51.900000000000034,50.80000000000001,50.30000000000001,50.0,49.900000000000034,49.0,44.400000000000034,40.19999999999999,36.69999999999999,33.30000000000001,32.0,31.69999999999999,30.0,29.5,22.80000000000001
pinkish red color,23.5,22.9,22.2,22.099999999999998,22.0,20.599999999999998,20.299999999999997,18.0,16.9,16.2,14.2,13.299999999999999,12.799999999999999,12.299999999999999,11.399999999999999,11.099999999999998,10.499999999999998,4.799999999999997,3.599999999999998,2.6999999999999993,1.5999999999999979,0.0,1.1000000000000014,2.3000000000000007,2.400000000000002,2.700000000000003,4.600000000000001,5.800000000000001,6.600000000000001,7.400000000000002,8.399999999999999,8.800000000000004,14.700000000000003,15.200000000000003,15.700000000000003,15.899999999999999,16.4,17.4,18.1,18.4,18.800000000000004,19.200000000000003,19.300000000000004,19.800000000000004,19.800000000000004,21.0,22.4,22.5,22.6,24.0,24.1,25.6,25.800000000000004,26.0,30.4,31.300000000000004,32.5,32.9,34.800000000000004,35.4,36.800000000000004,38.0,38.5,38.800000000000004,38.800000000000004,40.1,40.50000000000001,42.1,42.4,45.800000000000004,48.199999999999996,53.50000000000001,55.00000000000001,57.00000000000001,57.800000000000004,57.9,58.4,59.699999999999996,61.4,62.800000000000004,63.00000000000001,63.1,63.699999999999996,64.69999999999999,64.80000000000001,65.30000000000001,65.30000000000001,68.0,72.1,86.5,90.0,90.80000000000001,91.0,92.4,92.9,93.1,95.0,98.69999999999999,98.9,101.1,101.80000000000001,102.69999999999999,103.5,104.9,105.4,105.5,106.5,106.6,107.19999999999999,107.4,111.4,112.1,113.1,113.9,115.19999999999999,116.4,117.79999999999998,120.19999999999999,120.6,121.69999999999999,123.4,125.0,125.79999999999998,127.9,128.5,129.1,129.79999999999998,132.1,134.5,134.9,135.0,135.0,135.2,137.6,137.79999999999998,138.0,140.7,144.2,147.4,157.0,160.1,160.5,165.0,168.2,174.79999999999998,170.1,160.70000000000002,120.00000000000003,119.6,116.29999999999998,115.4,108.20000000000002,97.19999999999999,97.09999999999997,96.09999999999997,96.09999999999997,94.29999999999995,91.39999999999998,87.5,86.59999999999997,84.09999999999997,73.0,72.0,71.89999999999998,70.89999999999998,70.09999999999997,69.89999999999998,68.59999999999997,67.29999999999995,66.29999999999995,57.099999999999966,56.599999999999966,56.5,56.0,55.89999999999998,55.799999999999955,55.299999999999955,54.39999999999998,54.299999999999955,54.299999999999955,53.5,52.39999999999998,51.89999999999998,51.599999999999966,51.5,50.599999999999966,46.0,41.799999999999955,38.299999999999955,34.89999999999998,33.599999999999966,33.299999999999955,31.599999999999966,31.099999999999966,24.399999999999977
salmon pink color,24.6,24.0,23.3,23.2,23.1,21.7,21.4,19.1,18.0,17.3,15.3,14.4,13.9,13.4,12.5,12.2,11.6,5.899999999999999,4.699999999999999,3.8000000000000007,2.6999999999999993,1.1000000000000014,0.0,1.1999999999999993,1.3000000000000007,1.6000000000000014,3.5,4.699999999999999,5.5,6.300000000000001,7.299999999999997,7.700000000000003,13.600000000000001,14.100000000000001,14.600000000000001,14.799999999999997,15.299999999999997,16.299999999999997,17.0,17.299999999999997,17.700000000000003,18.1,18.200000000000003,18.700000000000003,18.700000000000003,19.9,21.299999999999997,21.4,21.5,22.9,23.0,24.5,24.700000000000003,24.9,29.299999999999997,30.200000000000003,31.4,31.799999999999997,33.7,34.3,35.7,36.9,37.4,37.7,37.7,39.0,39.400000000000006,41.0,41.3,44.7,47.099999999999994,52.400000000000006,53.900000000000006,55.900000000000006,56.7,56.8,57.3,58.599999999999994,60.3,61.7,61.900000000000006,62.0,62.599999999999994,63.599999999999994,63.7,64.2,64.2,66.9,71.0,85.4,88.9,89.7,89.9,91.3,91.8,92.0,93.9,97.6,97.8,100.0,100.7,101.6,102.4,103.80000000000001,104.30000000000001,104.4,105.4,105.5,106.1,106.30000000000001,110.30000000000001,111.0,112.0,112.80000000000001,114.1,115.30000000000001,116.69999999999999,119.1,119.5,120.6,122.30000000000001,123.9,124.69999999999999,126.80000000000001,127.4,128.0,128.7,131.0,133.4,133.8,133.9,133.9,134.1,136.5,136.7,136.9,139.6,143.1,146.3,155.9,159.0,159.4,163.9,167.1,173.7,171.2,161.8,121.10000000000002,120.69999999999999,117.39999999999998,116.5,109.30000000000001,98.30000000000001,98.19999999999999,97.19999999999999,97.19999999999999,95.39999999999998,92.5,88.60000000000002,87.69999999999999,85.19999999999999,74.10000000000002,73.10000000000002,73.0,72.0,71.19999999999999,71.0,69.69999999999999,68.39999999999998,67.39999999999998,58.19999999999999,57.69999999999999,57.60000000000002,57.10000000000002,57.0,56.89999999999998,56.39999999999998,55.5,55.39999999999998,55.39999999999998,54.60000000000002,53.5,53.0,52.69999999999999,52.60000000000002,51.69999999999999,47.10000000000002,42.89999999999998,39.39999999999998,36.0,34.69999999999999,34.39999999999998,32.69999999999999,32.19999999999999,25.5
pinky red color,25.8,25.2,24.5,24.4,24.3,22.9,22.599999999999998,20.299999999999997,19.2,18.5,16.5,15.6,15.1,14.6,13.7,13.399999999999999,12.799999999999999,7.099999999999998,5.899999999999999,5.0,3.8999999999999986,2.3000000000000007,1.1999999999999993,0.0,0.10000000000000142,0.40000000000000213,2.3000000000000007,3.5,4.300000000000001,5.100000000000001,6.099999999999998,6.5000000000000036,12.400000000000002,12.900000000000002,13.400000000000002,13.599999999999998,14.099999999999998,15.099999999999998,15.8,16.099999999999998,16.500000000000004,16.900000000000002,17.000000000000004,17.500000000000004,17.500000000000004,18.7,20.099999999999998,20.2,20.3,21.7,21.8,23.3,23.500000000000004,23.7,28.099999999999998,29.000000000000004,30.2,30.599999999999998,32.5,33.099999999999994,34.5,35.7,36.2,36.5,36.5,37.8,38.2,39.8,40.099999999999994,43.5,45.89999999999999,51.2,52.7,54.7,55.5,55.599999999999994,56.099999999999994,57.39999999999999,59.099999999999994,60.5,60.7,60.8,61.39999999999999,62.39999999999999,62.5,63.0,63.0,65.7,69.8,84.2,87.7,88.5,88.7,90.1,90.6,90.8,92.7,96.39999999999999,96.6,98.8,99.5,100.39999999999999,101.2,102.60000000000001,103.10000000000001,103.2,104.2,104.3,104.89999999999999,105.10000000000001,109.10000000000001,109.8,110.8,111.60000000000001,112.89999999999999,114.10000000000001,115.49999999999999,117.89999999999999,118.3,119.39999999999999,121.10000000000001,122.7,123.49999999999999,125.60000000000001,126.2,126.8,127.49999999999999,129.8,132.20000000000002,132.60000000000002,132.70000000000002,132.70000000000002,132.9,135.3,135.5,135.70000000000002,138.4,141.9,145.10000000000002,154.70000000000002,157.8,158.20000000000002,162.70000000000002,165.9,172.5,172.39999999999998,163.0,122.30000000000001,121.89999999999998,118.59999999999997,117.69999999999999,110.5,99.5,99.39999999999998,98.39999999999998,98.39999999999998,96.59999999999997,93.69999999999999,89.80000000000001,88.89999999999998,86.39999999999998,75.30000000000001,74.30000000000001,74.19999999999999,73.19999999999999,72.39999999999998,72.19999999999999,70.89999999999998,69.59999999999997,68.59999999999997,59.39999999999998,58.89999999999998,58.80000000000001,58.30000000000001,58.19999999999999,58.099999999999966,57.599999999999966,56.69999999999999,56.599999999999966,56.599999999999966,55.80000000000001,54.69999999999999,54.19999999999999,53.89999999999998,53.80000000000001,52.89999999999998,48.30000000000001,44.099999999999966,40.599999999999966,37.19999999999999,35.89999999999998,35.599999999999966,33.89999999999998,33.39999999999998,26.69999999999999
lightish red color,25.900000000000002,25.3,24.6,24.5,24.400000000000002,23.0,22.7,20.4,19.3,18.6,16.6,15.700000000000001,15.200000000000001,14.700000000000001,13.8,13.5,12.9,7.199999999999999,6.0,5.100000000000001,4.0,2.400000000000002,1.3000000000000007,0.10000000000000142,0.0,0.3000000000000007,2.1999999999999993,3.3999999999999986,4.199999999999999,5.0,5.9999999999999964,6.400000000000002,12.3,12.8,13.3,13.499999999999996,13.999999999999996,14.999999999999996,15.7,15.999999999999996,16.400000000000002,16.8,16.900000000000002,17.400000000000002,17.400000000000002,18.599999999999998,19.999999999999996,20.099999999999998,20.2,21.599999999999998,21.7,23.2,23.400000000000002,23.599999999999998,27.999999999999996,28.900000000000002,30.099999999999998,30.499999999999996,32.400000000000006,33.0,34.400000000000006,35.599999999999994,36.099999999999994,36.400000000000006,36.400000000000006,37.7,38.10000000000001,39.7,40.0,43.400000000000006,45.8,51.10000000000001,52.60000000000001,54.60000000000001,55.400000000000006,55.5,56.0,57.3,59.0,60.400000000000006,60.60000000000001,60.7,61.3,62.3,62.400000000000006,62.900000000000006,62.900000000000006,65.60000000000001,69.7,84.10000000000001,87.60000000000001,88.4,88.60000000000001,90.0,90.5,90.7,92.60000000000001,96.3,96.5,98.7,99.4,100.3,101.10000000000001,102.50000000000001,103.00000000000001,103.10000000000001,104.10000000000001,104.2,104.8,105.00000000000001,109.00000000000001,109.7,110.7,111.50000000000001,112.8,114.00000000000001,115.39999999999999,117.8,118.2,119.3,121.00000000000001,122.60000000000001,123.39999999999999,125.50000000000001,126.10000000000001,126.7,127.39999999999999,129.7,132.1,132.5,132.6,132.6,132.79999999999998,135.2,135.39999999999998,135.6,138.29999999999998,141.79999999999998,145.0,154.6,157.7,158.1,162.6,165.79999999999998,172.39999999999998,172.5,163.10000000000002,122.40000000000003,122.0,118.69999999999999,117.80000000000001,110.60000000000002,99.60000000000002,99.5,98.5,98.5,96.69999999999999,93.80000000000001,89.90000000000003,89.0,86.5,75.40000000000003,74.40000000000003,74.30000000000001,73.30000000000001,72.5,72.30000000000001,71.0,69.69999999999999,68.69999999999999,59.5,59.0,58.900000000000034,58.400000000000034,58.30000000000001,58.19999999999999,57.69999999999999,56.80000000000001,56.69999999999999,56.69999999999999,55.900000000000034,54.80000000000001,54.30000000000001,54.0,53.900000000000034,53.0,48.400000000000034,44.19999999999999,40.69999999999999,37.30000000000001,36.0,35.69999999999999,34.0,33.5,26.80000000000001
faded red color,26.200000000000003,25.6,24.900000000000002,24.8,24.700000000000003,23.3,23.0,20.700000000000003,19.6,18.900000000000002,16.900000000000002,16.0,15.500000000000002,15.000000000000002,14.100000000000001,13.8,13.200000000000001,7.5,6.300000000000001,5.400000000000002,4.300000000000001,2.700000000000003,1.6000000000000014,0.40000000000000213,0.3000000000000007,0.0,1.8999999999999986,3.099999999999998,3.8999999999999986,4.699999999999999,5.699999999999996,6.100000000000001,12.0,12.5,13.0,13.199999999999996,13.699999999999996,14.699999999999996,15.399999999999999,15.699999999999996,16.1,16.5,16.6,17.1,17.1,18.299999999999997,19.699999999999996,19.799999999999997,19.9,21.299999999999997,21.4,22.9,23.1,23.299999999999997,27.699999999999996,28.6,29.799999999999997,30.199999999999996,32.1,32.699999999999996,34.1,35.3,35.8,36.1,36.1,37.4,37.800000000000004,39.4,39.699999999999996,43.1,45.49999999999999,50.800000000000004,52.300000000000004,54.300000000000004,55.1,55.199999999999996,55.699999999999996,56.99999999999999,58.699999999999996,60.1,60.300000000000004,60.4,60.99999999999999,61.99999999999999,62.1,62.6,62.6,65.30000000000001,69.4,83.80000000000001,87.30000000000001,88.1,88.30000000000001,89.69999999999999,90.19999999999999,90.4,92.30000000000001,96.0,96.19999999999999,98.4,99.1,100.0,100.80000000000001,102.20000000000002,102.70000000000002,102.80000000000001,103.80000000000001,103.9,104.5,104.70000000000002,108.70000000000002,109.4,110.4,111.20000000000002,112.5,113.70000000000002,115.1,117.5,117.9,119.0,120.70000000000002,122.30000000000001,123.1,125.20000000000002,125.80000000000001,126.4,127.1,129.4,131.8,132.20000000000002,132.3,132.3,132.5,134.9,135.1,135.3,138.0,141.5,144.70000000000002,154.3,157.4,157.8,162.3,165.5,172.1,172.79999999999998,163.4,122.70000000000002,122.29999999999998,118.99999999999997,118.1,110.9,99.90000000000003,99.80000000000001,98.80000000000001,98.80000000000001,97.0,94.10000000000002,90.20000000000005,89.30000000000001,86.80000000000001,75.70000000000005,74.70000000000005,74.60000000000002,73.60000000000002,72.80000000000001,72.60000000000002,71.30000000000001,70.0,69.0,59.80000000000001,59.30000000000001,59.200000000000045,58.700000000000045,58.60000000000002,58.5,58.0,57.10000000000002,57.0,57.0,56.200000000000045,55.10000000000002,54.60000000000002,54.30000000000001,54.200000000000045,53.30000000000001,48.700000000000045,44.5,41.0,37.60000000000002,36.30000000000001,36.0,34.30000000000001,33.80000000000001,27.100000000000023
pastel red color,28.1,27.5,26.8,26.7,26.6,25.2,24.9,22.6,21.5,20.8,18.8,17.9,17.4,16.9,16.0,15.7,15.1,9.399999999999999,8.2,7.300000000000001,6.199999999999999,4.600000000000001,3.5,2.3000000000000007,2.1999999999999993,1.8999999999999986,0.0,1.1999999999999993,2.0,2.8000000000000007,3.799999999999997,4.200000000000003,10.100000000000001,10.600000000000001,11.100000000000001,11.299999999999997,11.799999999999997,12.799999999999997,13.5,13.799999999999997,14.200000000000003,14.600000000000001,14.700000000000003,15.200000000000003,15.200000000000003,16.4,17.799999999999997,17.9,18.0,19.4,19.5,21.0,21.200000000000003,21.4,25.799999999999997,26.700000000000003,27.9,28.299999999999997,30.200000000000003,30.799999999999997,32.2,33.4,33.9,34.2,34.2,35.5,35.900000000000006,37.5,37.8,41.2,43.599999999999994,48.900000000000006,50.400000000000006,52.400000000000006,53.2,53.3,53.8,55.099999999999994,56.8,58.2,58.400000000000006,58.5,59.099999999999994,60.099999999999994,60.2,60.7,60.7,63.400000000000006,67.5,81.9,85.4,86.2,86.4,87.8,88.3,88.5,90.4,94.1,94.3,96.5,97.2,98.1,98.9,100.30000000000001,100.80000000000001,100.9,101.9,102.0,102.6,102.80000000000001,106.80000000000001,107.5,108.5,109.30000000000001,110.6,111.80000000000001,113.19999999999999,115.6,116.0,117.1,118.80000000000001,120.4,121.19999999999999,123.30000000000001,123.9,124.5,125.19999999999999,127.5,129.9,130.3,130.4,130.4,130.6,133.0,133.2,133.4,136.1,139.6,142.8,152.4,155.5,155.9,160.4,163.6,170.2,174.7,165.3,124.60000000000002,124.19999999999999,120.89999999999998,120.0,112.80000000000001,101.80000000000001,101.69999999999999,100.69999999999999,100.69999999999999,98.89999999999998,96.0,92.10000000000002,91.19999999999999,88.69999999999999,77.60000000000002,76.60000000000002,76.5,75.5,74.69999999999999,74.5,73.19999999999999,71.89999999999998,70.89999999999998,61.69999999999999,61.19999999999999,61.10000000000002,60.60000000000002,60.5,60.39999999999998,59.89999999999998,59.0,58.89999999999998,58.89999999999998,58.10000000000002,57.0,56.5,56.19999999999999,56.10000000000002,55.19999999999999,50.60000000000002,46.39999999999998,42.89999999999998,39.5,38.19999999999999,37.89999999999998,36.19999999999999,35.69999999999999,29.0
light red color,29.3,28.7,28.0,27.9,27.8,26.4,26.099999999999998,23.799999999999997,22.7,22.0,20.0,19.1,18.6,18.1,17.2,16.9,16.299999999999997,10.599999999999998,9.399999999999999,8.5,7.399999999999999,5.800000000000001,4.699999999999999,3.5,3.3999999999999986,3.099999999999998,1.1999999999999993,0.0,0.8000000000000007,1.6000000000000014,2.599999999999998,3.0000000000000036,8.900000000000002,9.400000000000002,9.900000000000002,10.099999999999998,10.599999999999998,11.599999999999998,12.3,12.599999999999998,13.000000000000004,13.400000000000002,13.500000000000004,14.000000000000004,14.000000000000004,15.2,16.599999999999998,16.7,16.8,18.2,18.3,19.8,20.000000000000004,20.2,24.599999999999998,25.500000000000004,26.7,27.099999999999998,29.000000000000004,29.599999999999998,31.000000000000004,32.2,32.7,33.0,33.0,34.3,34.7,36.3,36.599999999999994,40.0,42.39999999999999,47.7,49.2,51.2,52.0,52.099999999999994,52.599999999999994,53.89999999999999,55.599999999999994,57.0,57.2,57.3,57.89999999999999,58.89999999999999,59.0,59.5,59.5,62.2,66.3,80.7,84.2,85.0,85.2,86.6,87.1,87.3,89.2,92.89999999999999,93.1,95.3,96.0,96.89999999999999,97.7,99.10000000000001,99.60000000000001,99.7,100.7,100.8,101.39999999999999,101.60000000000001,105.60000000000001,106.3,107.3,108.10000000000001,109.39999999999999,110.60000000000001,111.99999999999999,114.39999999999999,114.8,115.89999999999999,117.60000000000001,119.2,119.99999999999999,122.10000000000001,122.7,123.3,123.99999999999999,126.3,128.70000000000002,129.10000000000002,129.20000000000002,129.20000000000002,129.4,131.8,132.0,132.20000000000002,134.9,138.4,141.60000000000002,151.20000000000002,154.3,154.70000000000002,159.20000000000002,162.4,169.0,175.89999999999998,166.5,125.80000000000001,125.39999999999998,122.09999999999997,121.19999999999999,114.0,103.0,102.89999999999998,101.89999999999998,101.89999999999998,100.09999999999997,97.19999999999999,93.30000000000001,92.39999999999998,89.89999999999998,78.80000000000001,77.80000000000001,77.69999999999999,76.69999999999999,75.89999999999998,75.69999999999999,74.39999999999998,73.09999999999997,72.09999999999997,62.89999999999998,62.39999999999998,62.30000000000001,61.80000000000001,61.69999999999999,61.599999999999966,61.099999999999966,60.19999999999999,60.099999999999966,60.099999999999966,59.30000000000001,58.19999999999999,57.69999999999999,57.39999999999998,57.30000000000001,56.39999999999998,51.80000000000001,47.599999999999966,44.099999999999966,40.69999999999999,39.39999999999998,39.099999999999966,37.39999999999998,36.89999999999998,30.19999999999999
dark salmon color,30.1,29.5,28.8,28.7,28.6,27.2,26.9,24.6,23.5,22.8,20.8,19.9,19.4,18.9,18.0,17.7,17.1,11.399999999999999,10.2,9.3,8.2,6.600000000000001,5.5,4.300000000000001,4.199999999999999,3.8999999999999986,2.0,0.8000000000000007,0.0,0.8000000000000007,1.7999999999999972,2.200000000000003,8.100000000000001,8.600000000000001,9.100000000000001,9.299999999999997,9.799999999999997,10.799999999999997,11.5,11.799999999999997,12.200000000000003,12.600000000000001,12.700000000000003,13.200000000000003,13.200000000000003,14.399999999999999,15.799999999999997,15.899999999999999,16.0,17.4,17.5,19.0,19.200000000000003,19.4,23.799999999999997,24.700000000000003,25.9,26.299999999999997,28.200000000000003,28.799999999999997,30.200000000000003,31.4,31.9,32.2,32.2,33.5,33.900000000000006,35.5,35.8,39.2,41.599999999999994,46.900000000000006,48.400000000000006,50.400000000000006,51.2,51.3,51.8,53.099999999999994,54.8,56.2,56.400000000000006,56.5,57.099999999999994,58.099999999999994,58.2,58.7,58.7,61.400000000000006,65.5,79.9,83.4,84.2,84.4,85.8,86.3,86.5,88.4,92.1,92.3,94.5,95.2,96.1,96.9,98.30000000000001,98.80000000000001,98.9,99.9,100.0,100.6,100.80000000000001,104.80000000000001,105.5,106.5,107.30000000000001,108.6,109.80000000000001,111.19999999999999,113.6,114.0,115.1,116.80000000000001,118.4,119.19999999999999,121.30000000000001,121.9,122.5,123.19999999999999,125.5,127.9,128.3,128.4,128.4,128.6,131.0,131.2,131.4,134.1,137.6,140.8,150.4,153.5,153.9,158.4,161.6,168.2,176.7,167.3,126.60000000000002,126.19999999999999,122.89999999999998,122.0,114.80000000000001,103.80000000000001,103.69999999999999,102.69999999999999,102.69999999999999,100.89999999999998,98.0,94.10000000000002,93.19999999999999,90.69999999999999,79.60000000000002,78.60000000000002,78.5,77.5,76.69999999999999,76.5,75.19999999999999,73.89999999999998,72.89999999999998,63.69999999999999,63.19999999999999,63.10000000000002,62.60000000000002,62.5,62.39999999999998,61.89999999999998,61.0,60.89999999999998,60.89999999999998,60.10000000000002,59.0,58.5,58.19999999999999,58.10000000000002,57.19999999999999,52.60000000000002,48.39999999999998,44.89999999999998,41.5,40.19999999999999,39.89999999999998,38.19999999999999,37.69999999999999,31.0
pale red color,30.900000000000002,30.3,29.6,29.5,29.400000000000002,28.0,27.7,25.4,24.3,23.6,21.6,20.700000000000003,20.200000000000003,19.700000000000003,18.8,18.5,17.9,12.2,11.0,10.100000000000001,9.0,7.400000000000002,6.300000000000001,5.100000000000001,5.0,4.699999999999999,2.8000000000000007,1.6000000000000014,0.8000000000000007,0.0,0.9999999999999964,1.4000000000000021,7.300000000000001,7.800000000000001,8.3,8.499999999999996,8.999999999999996,9.999999999999996,10.7,10.999999999999996,11.400000000000002,11.8,11.900000000000002,12.400000000000002,12.400000000000002,13.599999999999998,14.999999999999996,15.099999999999998,15.2,16.599999999999998,16.7,18.2,18.400000000000002,18.599999999999998,22.999999999999996,23.900000000000002,25.099999999999998,25.499999999999996,27.400000000000002,27.999999999999996,29.400000000000002,30.599999999999998,31.099999999999998,31.400000000000002,31.400000000000002,32.7,33.10000000000001,34.7,35.0,38.400000000000006,40.8,46.10000000000001,47.60000000000001,49.60000000000001,50.400000000000006,50.5,51.0,52.3,54.0,55.400000000000006,55.60000000000001,55.7,56.3,57.3,57.400000000000006,57.900000000000006,57.900000000000006,60.60000000000001,64.7,79.10000000000001,82.60000000000001,83.4,83.60000000000001,85.0,85.5,85.7,87.60000000000001,91.3,91.5,93.7,94.4,95.3,96.10000000000001,97.50000000000001,98.00000000000001,98.10000000000001,99.10000000000001,99.2,99.8,100.00000000000001,104.00000000000001,104.7,105.7,106.50000000000001,107.8,109.00000000000001,110.39999999999999,112.8,113.2,114.3,116.00000000000001,117.60000000000001,118.39999999999999,120.50000000000001,121.10000000000001,121.7,122.39999999999999,124.7,127.10000000000001,127.50000000000001,127.60000000000001,127.60000000000001,127.8,130.2,130.39999999999998,130.6,133.29999999999998,136.79999999999998,140.0,149.6,152.7,153.1,157.6,160.79999999999998,167.39999999999998,177.5,168.10000000000002,127.40000000000003,127.0,123.69999999999999,122.80000000000001,115.60000000000002,104.60000000000002,104.5,103.5,103.5,101.69999999999999,98.80000000000001,94.90000000000003,94.0,91.5,80.40000000000003,79.40000000000003,79.30000000000001,78.30000000000001,77.5,77.30000000000001,76.0,74.69999999999999,73.69999999999999,64.5,64.0,63.900000000000034,63.400000000000034,63.30000000000001,63.19999999999999,62.69999999999999,61.80000000000001,61.69999999999999,61.69999999999999,60.900000000000034,59.80000000000001,59.30000000000001,59.0,58.900000000000034,58.0,53.400000000000034,49.19999999999999,45.69999999999999,42.30000000000001,41.0,40.69999999999999,39.0,38.5,31.80000000000001
salmon color,31.9,31.299999999999997,30.599999999999998,30.499999999999996,30.4,28.999999999999996,28.699999999999996,26.4,25.299999999999997,24.599999999999998,22.599999999999998,21.699999999999996,21.199999999999996,20.699999999999996,19.799999999999997,19.499999999999996,18.9,13.199999999999996,11.999999999999996,11.099999999999998,9.999999999999996,8.399999999999999,7.299999999999997,6.099999999999998,5.9999999999999964,5.699999999999996,3.799999999999997,2.599999999999998,1.7999999999999972,0.9999999999999964,0.0,0.4000000000000057,6.300000000000004,6.800000000000004,7.300000000000004,7.5,8.0,9.0,9.700000000000003,10.0,10.400000000000006,10.800000000000004,10.900000000000006,11.400000000000006,11.400000000000006,12.600000000000001,14.0,14.100000000000001,14.200000000000003,15.600000000000001,15.700000000000003,17.200000000000003,17.400000000000006,17.6,22.0,22.900000000000006,24.1,24.5,26.400000000000006,27.0,28.400000000000006,29.6,30.1,30.400000000000006,30.400000000000006,31.700000000000003,32.10000000000001,33.7,34.0,37.400000000000006,39.8,45.10000000000001,46.60000000000001,48.60000000000001,49.400000000000006,49.5,50.0,51.3,53.0,54.400000000000006,54.60000000000001,54.7,55.3,56.3,56.400000000000006,56.900000000000006,56.900000000000006,59.60000000000001,63.7,78.10000000000001,81.60000000000001,82.4,82.60000000000001,84.0,84.5,84.7,86.60000000000001,90.3,90.5,92.7,93.4,94.3,95.10000000000001,96.50000000000001,97.00000000000001,97.10000000000001,98.10000000000001,98.2,98.8,99.00000000000001,103.00000000000001,103.7,104.7,105.50000000000001,106.8,108.00000000000001,109.39999999999999,111.8,112.2,113.3,115.00000000000001,116.60000000000001,117.39999999999999,119.50000000000001,120.10000000000001,120.7,121.39999999999999,123.7,126.10000000000001,126.50000000000001,126.60000000000001,126.60000000000001,126.8,129.2,129.39999999999998,129.60000000000002,132.3,135.8,139.0,148.60000000000002,151.7,152.10000000000002,156.60000000000002,159.8,166.39999999999998,178.5,169.10000000000002,128.40000000000003,128.0,124.69999999999999,123.80000000000001,116.60000000000002,105.60000000000002,105.5,104.5,104.5,102.69999999999999,99.80000000000001,95.90000000000003,95.0,92.5,81.40000000000003,80.40000000000003,80.30000000000001,79.30000000000001,78.5,78.30000000000001,77.0,75.69999999999999,74.69999999999999,65.5,65.0,64.90000000000003,64.40000000000003,64.30000000000001,64.19999999999999,63.69999999999999,62.80000000000001,62.69999999999999,62.69999999999999,61.900000000000034,60.80000000000001,60.30000000000001,60.0,59.900000000000034,59.0,54.400000000000034,50.19999999999999,46.69999999999999,43.30000000000001,42.0,41.69999999999999,40.0,39.5,32.80000000000001
cherry red color,32.300000000000004,31.700000000000003,31.000000000000004,30.900000000000002,30.800000000000004,29.400000000000002,29.1,26.800000000000004,25.700000000000003,25.000000000000004,23.000000000000004,22.1,21.6,21.1,20.200000000000003,19.900000000000002,19.300000000000004,13.600000000000001,12.400000000000002,11.500000000000004,10.400000000000002,8.800000000000004,7.700000000000003,6.5000000000000036,6.400000000000002,6.100000000000001,4.200000000000003,3.0000000000000036,2.200000000000003,1.4000000000000021,0.4000000000000057,0.0,5.899999999999999,6.399999999999999,6.899999999999999,7.099999999999994,7.599999999999994,8.599999999999994,9.299999999999997,9.599999999999994,10.0,10.399999999999999,10.5,11.0,11.0,12.199999999999996,13.599999999999994,13.699999999999996,13.799999999999997,15.199999999999996,15.299999999999997,16.799999999999997,17.0,17.199999999999996,21.599999999999994,22.5,23.699999999999996,24.099999999999994,26.0,26.599999999999994,28.0,29.199999999999996,29.699999999999996,30.0,30.0,31.299999999999997,31.700000000000003,33.3,33.599999999999994,37.0,39.39999999999999,44.7,46.2,48.2,49.0,49.099999999999994,49.599999999999994,50.89999999999999,52.599999999999994,54.0,54.2,54.3,54.89999999999999,55.89999999999999,56.0,56.5,56.5,59.2,63.3,77.7,81.2,82.0,82.2,83.6,84.1,84.3,86.2,89.89999999999999,90.1,92.3,93.0,93.89999999999999,94.7,96.10000000000001,96.60000000000001,96.7,97.7,97.8,98.39999999999999,98.60000000000001,102.60000000000001,103.3,104.3,105.10000000000001,106.39999999999999,107.60000000000001,108.99999999999999,111.39999999999999,111.8,112.89999999999999,114.60000000000001,116.2,116.99999999999999,119.10000000000001,119.7,120.3,120.99999999999999,123.3,125.7,126.10000000000001,126.2,126.2,126.39999999999999,128.8,129.0,129.2,131.89999999999998,135.39999999999998,138.60000000000002,148.2,151.3,151.7,156.2,159.39999999999998,166.0,178.89999999999998,169.5,128.8,128.39999999999998,125.09999999999997,124.19999999999999,117.0,106.0,105.89999999999998,104.89999999999998,104.89999999999998,103.09999999999997,100.19999999999999,96.30000000000001,95.39999999999998,92.89999999999998,81.80000000000001,80.80000000000001,80.69999999999999,79.69999999999999,78.89999999999998,78.69999999999999,77.39999999999998,76.09999999999997,75.09999999999997,65.89999999999998,65.39999999999998,65.30000000000001,64.80000000000001,64.69999999999999,64.59999999999997,64.09999999999997,63.19999999999999,63.099999999999966,63.099999999999966,62.30000000000001,61.19999999999999,60.69999999999999,60.39999999999998,60.30000000000001,59.39999999999998,54.80000000000001,50.599999999999966,47.099999999999966,43.69999999999999,42.39999999999998,42.099999999999966,40.39999999999998,39.89999999999998,33.19999999999999
bright red color,38.2,37.6,36.9,36.800000000000004,36.7,35.300000000000004,35.0,32.7,31.6,30.900000000000002,28.900000000000002,28.0,27.5,27.0,26.1,25.8,25.200000000000003,19.5,18.3,17.400000000000002,16.3,14.700000000000003,13.600000000000001,12.400000000000002,12.3,12.0,10.100000000000001,8.900000000000002,8.100000000000001,7.300000000000001,6.300000000000004,5.899999999999999,0.0,0.5,1.0,1.1999999999999957,1.6999999999999957,2.6999999999999957,3.3999999999999986,3.6999999999999957,4.100000000000001,4.5,4.600000000000001,5.100000000000001,5.100000000000001,6.299999999999997,7.699999999999996,7.799999999999997,7.899999999999999,9.299999999999997,9.399999999999999,10.899999999999999,11.100000000000001,11.299999999999997,15.699999999999996,16.6,17.799999999999997,18.199999999999996,20.1,20.699999999999996,22.1,23.299999999999997,23.799999999999997,24.1,24.1,25.4,25.800000000000004,27.4,27.699999999999996,31.1,33.49999999999999,38.800000000000004,40.300000000000004,42.300000000000004,43.1,43.199999999999996,43.699999999999996,44.99999999999999,46.699999999999996,48.1,48.300000000000004,48.4,48.99999999999999,49.99999999999999,50.1,50.6,50.6,53.300000000000004,57.4,71.80000000000001,75.30000000000001,76.1,76.30000000000001,77.69999999999999,78.19999999999999,78.4,80.30000000000001,84.0,84.19999999999999,86.4,87.1,88.0,88.80000000000001,90.20000000000002,90.70000000000002,90.80000000000001,91.80000000000001,91.9,92.5,92.70000000000002,96.70000000000002,97.4,98.4,99.20000000000002,100.5,101.70000000000002,103.1,105.5,105.9,107.0,108.70000000000002,110.30000000000001,111.1,113.20000000000002,113.80000000000001,114.4,115.1,117.4,119.80000000000001,120.20000000000002,120.30000000000001,120.30000000000001,120.5,122.9,123.1,123.30000000000001,126.0,129.5,132.70000000000002,142.3,145.4,145.8,150.3,153.5,160.1,175.20000000000002,175.4,134.70000000000002,134.29999999999998,130.99999999999997,130.1,122.9,111.9,111.79999999999998,110.79999999999998,110.79999999999998,108.99999999999997,106.1,102.20000000000005,101.30000000000001,98.80000000000001,87.70000000000005,86.70000000000005,86.60000000000002,85.60000000000002,84.80000000000001,84.60000000000002,83.30000000000001,82.0,81.0,71.80000000000001,71.30000000000001,71.20000000000005,70.70000000000005,70.60000000000002,70.5,70.0,69.10000000000002,69.0,69.0,68.20000000000005,67.10000000000002,66.60000000000002,66.30000000000001,66.20000000000005,65.30000000000001,60.700000000000045,56.5,53.0,49.60000000000002,48.30000000000001,48.0,46.30000000000001,45.80000000000001,39.10000000000002
orange pink color,38.7,38.1,37.4,37.300000000000004,37.2,35.800000000000004,35.5,33.2,32.1,31.400000000000002,29.400000000000002,28.5,28.0,27.5,26.6,26.3,25.700000000000003,20.0,18.8,17.900000000000002,16.8,15.200000000000003,14.100000000000001,12.900000000000002,12.8,12.5,10.600000000000001,9.400000000000002,8.600000000000001,7.800000000000001,6.800000000000004,6.399999999999999,0.5,0.0,0.5,0.6999999999999957,1.1999999999999957,2.1999999999999957,2.8999999999999986,3.1999999999999957,3.6000000000000014,4.0,4.100000000000001,4.600000000000001,4.600000000000001,5.799999999999997,7.199999999999996,7.299999999999997,7.399999999999999,8.799999999999997,8.899999999999999,10.399999999999999,10.600000000000001,10.799999999999997,15.199999999999996,16.1,17.299999999999997,17.699999999999996,19.6,20.199999999999996,21.6,22.799999999999997,23.299999999999997,23.6,23.6,24.9,25.300000000000004,26.9,27.199999999999996,30.6,32.99999999999999,38.300000000000004,39.800000000000004,41.800000000000004,42.6,42.699999999999996,43.199999999999996,44.49999999999999,46.199999999999996,47.6,47.800000000000004,47.9,48.49999999999999,49.49999999999999,49.6,50.1,50.1,52.800000000000004,56.9,71.30000000000001,74.80000000000001,75.6,75.80000000000001,77.19999999999999,77.69999999999999,77.9,79.80000000000001,83.5,83.69999999999999,85.9,86.6,87.5,88.30000000000001,89.70000000000002,90.20000000000002,90.30000000000001,91.30000000000001,91.4,92.0,92.20000000000002,96.20000000000002,96.9,97.9,98.70000000000002,100.0,101.20000000000002,102.6,105.0,105.4,106.5,108.20000000000002,109.80000000000001,110.6,112.70000000000002,113.30000000000001,113.9,114.6,116.9,119.30000000000001,119.70000000000002,119.80000000000001,119.80000000000001,120.0,122.4,122.6,122.80000000000001,125.5,129.0,132.20000000000002,141.8,144.9,145.3,149.8,153.0,159.6,174.70000000000002,175.9,135.20000000000002,134.79999999999998,131.49999999999997,130.6,123.4,112.4,112.29999999999998,111.29999999999998,111.29999999999998,109.49999999999997,106.6,102.70000000000005,101.80000000000001,99.30000000000001,88.20000000000005,87.20000000000005,87.10000000000002,86.10000000000002,85.30000000000001,85.10000000000002,83.80000000000001,82.5,81.5,72.30000000000001,71.80000000000001,71.70000000000005,71.20000000000005,71.10000000000002,71.0,70.5,69.60000000000002,69.5,69.5,68.70000000000005,67.60000000000002,67.10000000000002,66.80000000000001,66.70000000000005,65.80000000000001,61.200000000000045,57.0,53.5,50.10000000000002,48.80000000000001,48.5,46.80000000000001,46.30000000000001,39.60000000000002
tomato color,39.2,38.6,37.9,37.800000000000004,37.7,36.300000000000004,36.0,33.7,32.6,31.900000000000002,29.900000000000002,29.0,28.5,28.0,27.1,26.8,26.200000000000003,20.5,19.3,18.400000000000002,17.3,15.700000000000003,14.600000000000001,13.400000000000002,13.3,13.0,11.100000000000001,9.900000000000002,9.100000000000001,8.3,7.300000000000004,6.899999999999999,1.0,0.5,0.0,0.19999999999999574,0.6999999999999957,1.6999999999999957,2.3999999999999986,2.6999999999999957,3.1000000000000014,3.5,3.6000000000000014,4.100000000000001,4.100000000000001,5.299999999999997,6.699999999999996,6.799999999999997,6.899999999999999,8.299999999999997,8.399999999999999,9.899999999999999,10.100000000000001,10.299999999999997,14.699999999999996,15.600000000000001,16.799999999999997,17.199999999999996,19.1,19.699999999999996,21.1,22.299999999999997,22.799999999999997,23.1,23.1,24.4,24.800000000000004,26.4,26.699999999999996,30.1,32.49999999999999,37.800000000000004,39.300000000000004,41.300000000000004,42.1,42.199999999999996,42.699999999999996,43.99999999999999,45.699999999999996,47.1,47.300000000000004,47.4,47.99999999999999,48.99999999999999,49.1,49.6,49.6,52.300000000000004,56.4,70.80000000000001,74.30000000000001,75.1,75.30000000000001,76.69999999999999,77.19999999999999,77.4,79.30000000000001,83.0,83.19999999999999,85.4,86.1,87.0,87.80000000000001,89.20000000000002,89.70000000000002,89.80000000000001,90.80000000000001,90.9,91.5,91.70000000000002,95.70000000000002,96.4,97.4,98.20000000000002,99.5,100.70000000000002,102.1,104.5,104.9,106.0,107.70000000000002,109.30000000000001,110.1,112.20000000000002,112.80000000000001,113.4,114.1,116.4,118.80000000000001,119.20000000000002,119.30000000000001,119.30000000000001,119.5,121.9,122.1,122.30000000000001,125.0,128.5,131.70000000000002,141.3,144.4,144.8,149.3,152.5,159.1,174.20000000000002,176.4,135.70000000000002,135.29999999999998,131.99999999999997,131.1,123.9,112.9,112.79999999999998,111.79999999999998,111.79999999999998,109.99999999999997,107.1,103.20000000000005,102.30000000000001,99.80000000000001,88.70000000000005,87.70000000000005,87.60000000000002,86.60000000000002,85.80000000000001,85.60000000000002,84.30000000000001,83.0,82.0,72.80000000000001,72.30000000000001,72.20000000000005,71.70000000000005,71.60000000000002,71.5,71.0,70.10000000000002,70.0,70.0,69.20000000000005,68.10000000000002,67.60000000000002,67.30000000000001,67.20000000000005,66.30000000000001,61.700000000000045,57.5,54.0,50.60000000000002,49.30000000000001,49.0,47.30000000000001,46.80000000000001,40.10000000000002
fire engine red color,39.4,38.8,38.099999999999994,38.0,37.9,36.5,36.199999999999996,33.9,32.8,32.099999999999994,30.099999999999998,29.199999999999996,28.699999999999996,28.199999999999996,27.299999999999997,26.999999999999996,26.4,20.699999999999996,19.499999999999996,18.599999999999998,17.499999999999996,15.899999999999999,14.799999999999997,13.599999999999998,13.499999999999996,13.199999999999996,11.299999999999997,10.099999999999998,9.299999999999997,8.499999999999996,7.5,7.099999999999994,1.1999999999999957,0.6999999999999957,0.19999999999999574,0.0,0.5,1.5,2.200000000000003,2.5,2.9000000000000057,3.3000000000000043,3.4000000000000057,3.9000000000000057,3.9000000000000057,5.100000000000001,6.5,6.600000000000001,6.700000000000003,8.100000000000001,8.200000000000003,9.700000000000003,9.900000000000006,10.100000000000001,14.5,15.400000000000006,16.6,17.0,18.900000000000006,19.5,20.900000000000006,22.1,22.6,22.900000000000006,22.900000000000006,24.200000000000003,24.60000000000001,26.200000000000003,26.5,29.900000000000006,32.3,37.60000000000001,39.10000000000001,41.10000000000001,41.900000000000006,42.0,42.5,43.8,45.5,46.900000000000006,47.10000000000001,47.2,47.8,48.8,48.900000000000006,49.400000000000006,49.400000000000006,52.10000000000001,56.2,70.60000000000001,74.10000000000001,74.9,75.10000000000001,76.5,77.0,77.2,79.10000000000001,82.8,83.0,85.2,85.9,86.8,87.60000000000001,89.00000000000001,89.50000000000001,89.60000000000001,90.60000000000001,90.7,91.3,91.50000000000001,95.50000000000001,96.2,97.2,98.00000000000001,99.3,100.50000000000001,101.89999999999999,104.3,104.7,105.8,107.50000000000001,109.10000000000001,109.89999999999999,112.00000000000001,112.60000000000001,113.2,113.89999999999999,116.2,118.60000000000001,119.00000000000001,119.10000000000001,119.10000000000001,119.3,121.7,121.89999999999999,122.10000000000001,124.8,128.3,131.5,141.10000000000002,144.2,144.60000000000002,149.10000000000002,152.3,158.89999999999998,174.0,176.60000000000002,135.90000000000003,135.5,132.2,131.3,124.10000000000002,113.10000000000002,113.0,112.0,112.0,110.19999999999999,107.30000000000001,103.40000000000003,102.5,100.0,88.90000000000003,87.90000000000003,87.80000000000001,86.80000000000001,86.0,85.80000000000001,84.5,83.19999999999999,82.19999999999999,73.0,72.5,72.40000000000003,71.90000000000003,71.80000000000001,71.69999999999999,71.19999999999999,70.30000000000001,70.19999999999999,70.19999999999999,69.40000000000003,68.30000000000001,67.80000000000001,67.5,67.40000000000003,66.5,61.900000000000034,57.69999999999999,54.19999999999999,50.80000000000001,49.5,49.19999999999999,47.5,47.0,40.30000000000001
orangey red color,39.9,39.3,38.599999999999994,38.5,38.4,37.0,36.699999999999996,34.4,33.3,32.599999999999994,30.599999999999998,29.699999999999996,29.199999999999996,28.699999999999996,27.799999999999997,27.499999999999996,26.9,21.199999999999996,19.999999999999996,19.099999999999998,17.999999999999996,16.4,15.299999999999997,14.099999999999998,13.999999999999996,13.699999999999996,11.799999999999997,10.599999999999998,9.799999999999997,8.999999999999996,8.0,7.599999999999994,1.6999999999999957,1.1999999999999957,0.6999999999999957,0.5,0.0,1.0,1.7000000000000028,2.0,2.4000000000000057,2.8000000000000043,2.9000000000000057,3.4000000000000057,3.4000000000000057,4.600000000000001,6.0,6.100000000000001,6.200000000000003,7.600000000000001,7.700000000000003,9.200000000000003,9.400000000000006,9.600000000000001,14.0,14.900000000000006,16.1,16.5,18.400000000000006,19.0,20.400000000000006,21.6,22.1,22.400000000000006,22.400000000000006,23.700000000000003,24.10000000000001,25.700000000000003,26.0,29.400000000000006,31.799999999999997,37.10000000000001,38.60000000000001,40.60000000000001,41.400000000000006,41.5,42.0,43.3,45.0,46.400000000000006,46.60000000000001,46.7,47.3,48.3,48.400000000000006,48.900000000000006,48.900000000000006,51.60000000000001,55.7,70.10000000000001,73.60000000000001,74.4,74.60000000000001,76.0,76.5,76.7,78.60000000000001,82.3,82.5,84.7,85.4,86.3,87.10000000000001,88.50000000000001,89.00000000000001,89.10000000000001,90.10000000000001,90.2,90.8,91.00000000000001,95.00000000000001,95.7,96.7,97.50000000000001,98.8,100.00000000000001,101.39999999999999,103.8,104.2,105.3,107.00000000000001,108.60000000000001,109.39999999999999,111.50000000000001,112.10000000000001,112.7,113.39999999999999,115.7,118.10000000000001,118.50000000000001,118.60000000000001,118.60000000000001,118.8,121.2,121.39999999999999,121.60000000000001,124.3,127.8,131.0,140.60000000000002,143.7,144.10000000000002,148.60000000000002,151.8,158.39999999999998,173.5,177.10000000000002,136.40000000000003,136.0,132.7,131.8,124.60000000000002,113.60000000000002,113.5,112.5,112.5,110.69999999999999,107.80000000000001,103.90000000000003,103.0,100.5,89.40000000000003,88.40000000000003,88.30000000000001,87.30000000000001,86.5,86.30000000000001,85.0,83.69999999999999,82.69999999999999,73.5,73.0,72.90000000000003,72.40000000000003,72.30000000000001,72.19999999999999,71.69999999999999,70.80000000000001,70.69999999999999,70.69999999999999,69.90000000000003,68.80000000000001,68.30000000000001,68.0,67.90000000000003,67.0,62.400000000000034,58.19999999999999,54.69999999999999,51.30000000000001,50.0,49.69999999999999,48.0,47.5,40.80000000000001
orange red color,40.9,40.3,39.599999999999994,39.5,39.4,38.0,37.699999999999996,35.4,34.3,33.599999999999994,31.599999999999998,30.699999999999996,30.199999999999996,29.699999999999996,28.799999999999997,28.499999999999996,27.9,22.199999999999996,20.999999999999996,20.099999999999998,18.999999999999996,17.4,16.299999999999997,15.099999999999998,14.999999999999996,14.699999999999996,12.799999999999997,11.599999999999998,10.799999999999997,9.999999999999996,9.0,8.599999999999994,2.6999999999999957,2.1999999999999957,1.6999999999999957,1.5,1.0,0.0,0.7000000000000028,1.0,1.4000000000000057,1.8000000000000043,1.9000000000000057,2.4000000000000057,2.4000000000000057,3.6000000000000014,5.0,5.100000000000001,5.200000000000003,6.600000000000001,6.700000000000003,8.200000000000003,8.400000000000006,8.600000000000001,13.0,13.900000000000006,15.100000000000001,15.5,17.400000000000006,18.0,19.400000000000006,20.6,21.1,21.400000000000006,21.400000000000006,22.700000000000003,23.10000000000001,24.700000000000003,25.0,28.400000000000006,30.799999999999997,36.10000000000001,37.60000000000001,39.60000000000001,40.400000000000006,40.5,41.0,42.3,44.0,45.400000000000006,45.60000000000001,45.7,46.3,47.3,47.400000000000006,47.900000000000006,47.900000000000006,50.60000000000001,54.7,69.10000000000001,72.60000000000001,73.4,73.60000000000001,75.0,75.5,75.7,77.60000000000001,81.3,81.5,83.7,84.4,85.3,86.10000000000001,87.50000000000001,88.00000000000001,88.10000000000001,89.10000000000001,89.2,89.8,90.00000000000001,94.00000000000001,94.7,95.7,96.50000000000001,97.8,99.00000000000001,100.39999999999999,102.8,103.2,104.3,106.00000000000001,107.60000000000001,108.39999999999999,110.50000000000001,111.10000000000001,111.7,112.39999999999999,114.7,117.10000000000001,117.50000000000001,117.60000000000001,117.60000000000001,117.8,120.2,120.39999999999999,120.60000000000001,123.3,126.8,130.0,139.60000000000002,142.7,143.10000000000002,147.60000000000002,150.8,157.39999999999998,172.5,178.10000000000002,137.40000000000003,137.0,133.7,132.8,125.60000000000002,114.60000000000002,114.5,113.5,113.5,111.69999999999999,108.80000000000001,104.90000000000003,104.0,101.5,90.40000000000003,89.40000000000003,89.30000000000001,88.30000000000001,87.5,87.30000000000001,86.0,84.69999999999999,83.69999999999999,74.5,74.0,73.90000000000003,73.40000000000003,73.30000000000001,73.19999999999999,72.69999999999999,71.80000000000001,71.69999999999999,71.69999999999999,70.90000000000003,69.80000000000001,69.30000000000001,69.0,68.90000000000003,68.0,63.400000000000034,59.19999999999999,55.69999999999999,52.30000000000001,51.0,50.69999999999999,49.0,48.5,41.80000000000001
vermillion color,41.6,41.0,40.3,40.2,40.1,38.7,38.4,36.1,35.0,34.3,32.3,31.4,30.9,30.4,29.5,29.2,28.6,22.9,21.7,20.8,19.7,18.1,17.0,15.8,15.7,15.399999999999999,13.5,12.3,11.5,10.7,9.700000000000003,9.299999999999997,3.3999999999999986,2.8999999999999986,2.3999999999999986,2.200000000000003,1.7000000000000028,0.7000000000000028,0.0,0.29999999999999716,0.7000000000000028,1.1000000000000014,1.2000000000000028,1.7000000000000028,1.7000000000000028,2.8999999999999986,4.299999999999997,4.399999999999999,4.5,5.899999999999999,6.0,7.5,7.700000000000003,7.899999999999999,12.299999999999997,13.200000000000003,14.399999999999999,14.799999999999997,16.700000000000003,17.299999999999997,18.700000000000003,19.9,20.4,20.700000000000003,20.700000000000003,22.0,22.400000000000006,24.0,24.299999999999997,27.700000000000003,30.099999999999994,35.400000000000006,36.900000000000006,38.900000000000006,39.7,39.8,40.3,41.599999999999994,43.3,44.7,44.900000000000006,45.0,45.599999999999994,46.599999999999994,46.7,47.2,47.2,49.900000000000006,54.0,68.4,71.9,72.7,72.9,74.3,74.8,75.0,76.9,80.6,80.8,83.0,83.7,84.6,85.4,86.80000000000001,87.30000000000001,87.4,88.4,88.5,89.1,89.30000000000001,93.30000000000001,94.0,95.0,95.80000000000001,97.1,98.30000000000001,99.69999999999999,102.1,102.5,103.6,105.30000000000001,106.9,107.69999999999999,109.80000000000001,110.4,111.0,111.69999999999999,114.0,116.4,116.80000000000001,116.9,116.9,117.1,119.5,119.69999999999999,119.9,122.6,126.1,129.3,138.9,142.0,142.4,146.9,150.1,156.7,171.8,178.8,138.10000000000002,137.7,134.39999999999998,133.5,126.30000000000001,115.30000000000001,115.19999999999999,114.19999999999999,114.19999999999999,112.39999999999998,109.5,105.60000000000002,104.69999999999999,102.19999999999999,91.10000000000002,90.10000000000002,90.0,89.0,88.19999999999999,88.0,86.69999999999999,85.39999999999998,84.39999999999998,75.19999999999999,74.69999999999999,74.60000000000002,74.10000000000002,74.0,73.89999999999998,73.39999999999998,72.5,72.39999999999998,72.39999999999998,71.60000000000002,70.5,70.0,69.69999999999999,69.60000000000002,68.69999999999999,64.10000000000002,59.89999999999998,56.39999999999998,53.0,51.69999999999999,51.39999999999998,49.69999999999999,49.19999999999999,42.5
pinkish orange color,41.9,41.3,40.599999999999994,40.5,40.4,39.0,38.699999999999996,36.4,35.3,34.599999999999994,32.599999999999994,31.699999999999996,31.199999999999996,30.699999999999996,29.799999999999997,29.499999999999996,28.9,23.199999999999996,21.999999999999996,21.099999999999998,19.999999999999996,18.4,17.299999999999997,16.099999999999998,15.999999999999996,15.699999999999996,13.799999999999997,12.599999999999998,11.799999999999997,10.999999999999996,10.0,9.599999999999994,3.6999999999999957,3.1999999999999957,2.6999999999999957,2.5,2.0,1.0,0.29999999999999716,0.0,0.4000000000000057,0.8000000000000043,0.9000000000000057,1.4000000000000057,1.4000000000000057,2.6000000000000014,4.0,4.100000000000001,4.200000000000003,5.600000000000001,5.700000000000003,7.200000000000003,7.400000000000006,7.600000000000001,12.0,12.900000000000006,14.100000000000001,14.5,16.400000000000006,17.0,18.400000000000006,19.6,20.1,20.400000000000006,20.400000000000006,21.700000000000003,22.10000000000001,23.700000000000003,24.0,27.400000000000006,29.799999999999997,35.10000000000001,36.60000000000001,38.60000000000001,39.400000000000006,39.5,40.0,41.3,43.0,44.400000000000006,44.60000000000001,44.7,45.3,46.3,46.400000000000006,46.900000000000006,46.900000000000006,49.60000000000001,53.7,68.10000000000001,71.60000000000001,72.4,72.60000000000001,74.0,74.5,74.7,76.60000000000001,80.3,80.5,82.7,83.4,84.3,85.10000000000001,86.50000000000001,87.00000000000001,87.10000000000001,88.10000000000001,88.2,88.8,89.00000000000001,93.00000000000001,93.7,94.7,95.50000000000001,96.8,98.00000000000001,99.39999999999999,101.8,102.2,103.3,105.00000000000001,106.60000000000001,107.39999999999999,109.50000000000001,110.10000000000001,110.7,111.39999999999999,113.7,116.10000000000001,116.50000000000001,116.60000000000001,116.60000000000001,116.8,119.2,119.39999999999999,119.60000000000001,122.3,125.8,129.0,138.60000000000002,141.7,142.10000000000002,146.60000000000002,149.8,156.39999999999998,171.5,179.10000000000002,138.40000000000003,138.0,134.7,133.8,126.60000000000002,115.60000000000002,115.5,114.5,114.5,112.69999999999999,109.80000000000001,105.90000000000003,105.0,102.5,91.40000000000003,90.40000000000003,90.30000000000001,89.30000000000001,88.5,88.30000000000001,87.0,85.69999999999999,84.69999999999999,75.5,75.0,74.90000000000003,74.40000000000003,74.30000000000001,74.19999999999999,73.69999999999999,72.80000000000001,72.69999999999999,72.69999999999999,71.90000000000003,70.80000000000001,70.30000000000001,70.0,69.90000000000003,69.0,64.40000000000003,60.19999999999999,56.69999999999999,53.30000000000001,52.0,51.69999999999999,50.0,49.5,42.80000000000001
tomato red color,42.300000000000004,41.7,41.0,40.900000000000006,40.800000000000004,39.400000000000006,39.1,36.800000000000004,35.7,35.0,33.0,32.1,31.6,31.1,30.200000000000003,29.900000000000002,29.300000000000004,23.6,22.400000000000002,21.500000000000004,20.400000000000002,18.800000000000004,17.700000000000003,16.500000000000004,16.400000000000002,16.1,14.200000000000003,13.000000000000004,12.200000000000003,11.400000000000002,10.400000000000006,10.0,4.100000000000001,3.6000000000000014,3.1000000000000014,2.9000000000000057,2.4000000000000057,1.4000000000000057,0.7000000000000028,0.4000000000000057,0.0,0.3999999999999986,0.5,1.0,1.0,2.1999999999999957,3.5999999999999943,3.6999999999999957,3.799999999999997,5.199999999999996,5.299999999999997,6.799999999999997,7.0,7.199999999999996,11.599999999999994,12.5,13.699999999999996,14.099999999999994,16.0,16.599999999999994,18.0,19.199999999999996,19.699999999999996,20.0,20.0,21.299999999999997,21.700000000000003,23.299999999999997,23.599999999999994,27.0,29.39999999999999,34.7,36.2,38.2,39.0,39.099999999999994,39.599999999999994,40.89999999999999,42.599999999999994,44.0,44.2,44.3,44.89999999999999,45.89999999999999,46.0,46.5,46.5,49.2,53.3,67.7,71.2,72.0,72.2,73.6,74.1,74.3,76.2,79.89999999999999,80.1,82.3,83.0,83.89999999999999,84.7,86.10000000000001,86.60000000000001,86.7,87.7,87.8,88.39999999999999,88.60000000000001,92.60000000000001,93.3,94.3,95.10000000000001,96.39999999999999,97.60000000000001,98.99999999999999,101.39999999999999,101.8,102.89999999999999,104.60000000000001,106.2,106.99999999999999,109.10000000000001,109.7,110.3,110.99999999999999,113.3,115.7,116.10000000000001,116.2,116.2,116.39999999999999,118.8,118.99999999999999,119.2,121.89999999999999,125.39999999999999,128.60000000000002,138.2,141.3,141.7,146.2,149.39999999999998,156.0,171.10000000000002,179.5,138.8,138.39999999999998,135.09999999999997,134.2,127.0,116.0,115.89999999999998,114.89999999999998,114.89999999999998,113.09999999999997,110.19999999999999,106.30000000000001,105.39999999999998,102.89999999999998,91.80000000000001,90.80000000000001,90.69999999999999,89.69999999999999,88.89999999999998,88.69999999999999,87.39999999999998,86.09999999999997,85.09999999999997,75.89999999999998,75.39999999999998,75.30000000000001,74.80000000000001,74.69999999999999,74.59999999999997,74.09999999999997,73.19999999999999,73.09999999999997,73.09999999999997,72.30000000000001,71.19999999999999,70.69999999999999,70.39999999999998,70.30000000000001,69.39999999999998,64.80000000000001,60.599999999999966,57.099999999999966,53.69999999999999,52.39999999999998,52.099999999999966,50.39999999999998,49.89999999999998,43.19999999999999
reddish orange color,42.7,42.1,41.4,41.300000000000004,41.2,39.800000000000004,39.5,37.2,36.1,35.4,33.400000000000006,32.5,32.0,31.5,30.6,30.3,29.700000000000003,24.0,22.8,21.900000000000002,20.8,19.200000000000003,18.1,16.900000000000002,16.8,16.5,14.600000000000001,13.400000000000002,12.600000000000001,11.8,10.800000000000004,10.399999999999999,4.5,4.0,3.5,3.3000000000000043,2.8000000000000043,1.8000000000000043,1.1000000000000014,0.8000000000000043,0.3999999999999986,0.0,0.10000000000000142,0.6000000000000014,0.6000000000000014,1.7999999999999972,3.1999999999999957,3.299999999999997,3.3999999999999986,4.799999999999997,4.899999999999999,6.399999999999999,6.600000000000001,6.799999999999997,11.199999999999996,12.100000000000001,13.299999999999997,13.699999999999996,15.600000000000001,16.199999999999996,17.6,18.799999999999997,19.299999999999997,19.6,19.6,20.9,21.300000000000004,22.9,23.199999999999996,26.6,28.999999999999993,34.300000000000004,35.800000000000004,37.800000000000004,38.6,38.699999999999996,39.199999999999996,40.49999999999999,42.199999999999996,43.6,43.800000000000004,43.9,44.49999999999999,45.49999999999999,45.6,46.1,46.1,48.800000000000004,52.9,67.30000000000001,70.80000000000001,71.6,71.80000000000001,73.19999999999999,73.69999999999999,73.9,75.80000000000001,79.5,79.69999999999999,81.9,82.6,83.5,84.30000000000001,85.70000000000002,86.20000000000002,86.30000000000001,87.30000000000001,87.4,88.0,88.20000000000002,92.20000000000002,92.9,93.9,94.70000000000002,96.0,97.20000000000002,98.6,101.0,101.4,102.5,104.20000000000002,105.80000000000001,106.6,108.70000000000002,109.30000000000001,109.9,110.6,112.9,115.30000000000001,115.70000000000002,115.80000000000001,115.80000000000001,116.0,118.4,118.6,118.80000000000001,121.5,125.0,128.20000000000002,137.8,140.9,141.3,145.8,149.0,155.6,170.70000000000002,179.9,139.20000000000002,138.79999999999998,135.49999999999997,134.6,127.4,116.4,116.29999999999998,115.29999999999998,115.29999999999998,113.49999999999997,110.6,106.70000000000002,105.79999999999998,103.30000000000001,92.20000000000005,91.20000000000005,91.10000000000002,90.10000000000002,89.30000000000001,89.10000000000002,87.80000000000001,86.5,85.5,76.30000000000001,75.80000000000001,75.70000000000005,75.20000000000005,75.10000000000002,75.0,74.5,73.60000000000002,73.5,73.5,72.70000000000005,71.60000000000002,71.10000000000002,70.80000000000001,70.70000000000005,69.80000000000001,65.20000000000005,61.0,57.5,54.10000000000002,52.80000000000001,52.5,50.80000000000001,50.30000000000001,43.60000000000002
orangish red color,42.800000000000004,42.2,41.5,41.400000000000006,41.300000000000004,39.900000000000006,39.6,37.300000000000004,36.2,35.5,33.5,32.6,32.1,31.6,30.700000000000003,30.400000000000002,29.800000000000004,24.1,22.900000000000002,22.000000000000004,20.900000000000002,19.300000000000004,18.200000000000003,17.000000000000004,16.900000000000002,16.6,14.700000000000003,13.500000000000004,12.700000000000003,11.900000000000002,10.900000000000006,10.5,4.600000000000001,4.100000000000001,3.6000000000000014,3.4000000000000057,2.9000000000000057,1.9000000000000057,1.2000000000000028,0.9000000000000057,0.5,0.10000000000000142,0.0,0.5,0.5,1.6999999999999957,3.0999999999999943,3.1999999999999957,3.299999999999997,4.699999999999996,4.799999999999997,6.299999999999997,6.5,6.699999999999996,11.099999999999994,12.0,13.199999999999996,13.599999999999994,15.5,16.099999999999994,17.5,18.699999999999996,19.199999999999996,19.5,19.5,20.799999999999997,21.200000000000003,22.799999999999997,23.099999999999994,26.5,28.89999999999999,34.2,35.7,37.7,38.5,38.599999999999994,39.099999999999994,40.39999999999999,42.099999999999994,43.5,43.7,43.8,44.39999999999999,45.39999999999999,45.5,46.0,46.0,48.7,52.8,67.2,70.7,71.5,71.7,73.1,73.6,73.8,75.7,79.39999999999999,79.6,81.8,82.5,83.39999999999999,84.2,85.60000000000001,86.10000000000001,86.2,87.2,87.3,87.89999999999999,88.10000000000001,92.10000000000001,92.8,93.8,94.60000000000001,95.89999999999999,97.10000000000001,98.49999999999999,100.89999999999999,101.3,102.39999999999999,104.10000000000001,105.7,106.49999999999999,108.60000000000001,109.2,109.8,110.49999999999999,112.8,115.2,115.60000000000001,115.7,115.7,115.89999999999999,118.3,118.49999999999999,118.7,121.39999999999999,124.89999999999999,128.10000000000002,137.7,140.8,141.2,145.7,148.89999999999998,155.5,170.60000000000002,180.0,139.3,138.89999999999998,135.59999999999997,134.7,127.5,116.5,116.39999999999998,115.39999999999998,115.39999999999998,113.59999999999997,110.69999999999999,106.80000000000001,105.89999999999998,103.39999999999998,92.30000000000001,91.30000000000001,91.19999999999999,90.19999999999999,89.39999999999998,89.19999999999999,87.89999999999998,86.59999999999997,85.59999999999997,76.39999999999998,75.89999999999998,75.80000000000001,75.30000000000001,75.19999999999999,75.09999999999997,74.59999999999997,73.69999999999999,73.59999999999997,73.59999999999997,72.80000000000001,71.69999999999999,71.19999999999999,70.89999999999998,70.80000000000001,69.89999999999998,65.30000000000001,61.099999999999966,57.599999999999966,54.19999999999999,52.89999999999998,52.599999999999966,50.89999999999998,50.39999999999998,43.69999999999999
orangered color,43.300000000000004,42.7,42.0,41.900000000000006,41.800000000000004,40.400000000000006,40.1,37.800000000000004,36.7,36.0,34.0,33.1,32.6,32.1,31.200000000000003,30.900000000000002,30.300000000000004,24.6,23.400000000000002,22.500000000000004,21.400000000000002,19.800000000000004,18.700000000000003,17.500000000000004,17.400000000000002,17.1,15.200000000000003,14.000000000000004,13.200000000000003,12.400000000000002,11.400000000000006,11.0,5.100000000000001,4.600000000000001,4.100000000000001,3.9000000000000057,3.4000000000000057,2.4000000000000057,1.7000000000000028,1.4000000000000057,1.0,0.6000000000000014,0.5,0.0,0.0,1.1999999999999957,2.5999999999999943,2.6999999999999957,2.799999999999997,4.199999999999996,4.299999999999997,5.799999999999997,6.0,6.199999999999996,10.599999999999994,11.5,12.699999999999996,13.099999999999994,15.0,15.599999999999994,17.0,18.199999999999996,18.699999999999996,19.0,19.0,20.299999999999997,20.700000000000003,22.299999999999997,22.599999999999994,26.0,28.39999999999999,33.7,35.2,37.2,38.0,38.099999999999994,38.599999999999994,39.89999999999999,41.599999999999994,43.0,43.2,43.3,43.89999999999999,44.89999999999999,45.0,45.5,45.5,48.2,52.3,66.7,70.2,71.0,71.2,72.6,73.1,73.3,75.2,78.89999999999999,79.1,81.3,82.0,82.89999999999999,83.7,85.10000000000001,85.60000000000001,85.7,86.7,86.8,87.39999999999999,87.60000000000001,91.60000000000001,92.3,93.3,94.10000000000001,95.39999999999999,96.60000000000001,97.99999999999999,100.39999999999999,100.8,101.89999999999999,103.60000000000001,105.2,105.99999999999999,108.10000000000001,108.7,109.3,109.99999999999999,112.3,114.7,115.10000000000001,115.2,115.2,115.39999999999999,117.8,117.99999999999999,118.2,120.89999999999999,124.39999999999999,127.60000000000001,137.2,140.3,140.7,145.2,148.39999999999998,155.0,170.10000000000002,179.5,139.8,139.39999999999998,136.09999999999997,135.2,128.0,117.0,116.89999999999998,115.89999999999998,115.89999999999998,114.09999999999997,111.19999999999999,107.30000000000001,106.39999999999998,103.89999999999998,92.80000000000001,91.80000000000001,91.69999999999999,90.69999999999999,89.89999999999998,89.69999999999999,88.39999999999998,87.09999999999997,86.09999999999997,76.89999999999998,76.39999999999998,76.30000000000001,75.80000000000001,75.69999999999999,75.59999999999997,75.09999999999997,74.19999999999999,74.09999999999997,74.09999999999997,73.30000000000001,72.19999999999999,71.69999999999999,71.39999999999998,71.30000000000001,70.39999999999998,65.80000000000001,61.599999999999966,58.099999999999966,54.69999999999999,53.39999999999998,53.099999999999966,51.39999999999998,50.89999999999998,44.19999999999999
red orange color,43.300000000000004,42.7,42.0,41.900000000000006,41.800000000000004,40.400000000000006,40.1,37.800000000000004,36.7,36.0,34.0,33.1,32.6,32.1,31.200000000000003,30.900000000000002,30.300000000000004,24.6,23.400000000000002,22.500000000000004,21.400000000000002,19.800000000000004,18.700000000000003,17.500000000000004,17.400000000000002,17.1,15.200000000000003,14.000000000000004,13.200000000000003,12.400000000000002,11.400000000000006,11.0,5.100000000000001,4.600000000000001,4.100000000000001,3.9000000000000057,3.4000000000000057,2.4000000000000057,1.7000000000000028,1.4000000000000057,1.0,0.6000000000000014,0.5,0.0,0.0,1.1999999999999957,2.5999999999999943,2.6999999999999957,2.799999999999997,4.199999999999996,4.299999999999997,5.799999999999997,6.0,6.199999999999996,10.599999999999994,11.5,12.699999999999996,13.099999999999994,15.0,15.599999999999994,17.0,18.199999999999996,18.699999999999996,19.0,19.0,20.299999999999997,20.700000000000003,22.299999999999997,22.599999999999994,26.0,28.39999999999999,33.7,35.2,37.2,38.0,38.099999999999994,38.599999999999994,39.89999999999999,41.599999999999994,43.0,43.2,43.3,43.89999999999999,44.89999999999999,45.0,45.5,45.5,48.2,52.3,66.7,70.2,71.0,71.2,72.6,73.1,73.3,75.2,78.89999999999999,79.1,81.3,82.0,82.89999999999999,83.7,85.10000000000001,85.60000000000001,85.7,86.7,86.8,87.39999999999999,87.60000000000001,91.60000000000001,92.3,93.3,94.10000000000001,95.39999999999999,96.60000000000001,97.99999999999999,100.39999999999999,100.8,101.89999999999999,103.60000000000001,105.2,105.99999999999999,108.10000000000001,108.7,109.3,109.99999999999999,112.3,114.7,115.10000000000001,115.2,115.2,115.39999999999999,117.8,117.99999999999999,118.2,120.89999999999999,124.39999999999999,127.60000000000001,137.2,140.3,140.7,145.2,148.39999999999998,155.0,170.10000000000002,179.5,139.8,139.39999999999998,136.09999999999997,135.2,128.0,117.0,116.89999999999998,115.89999999999998,115.89999999999998,114.09999999999997,111.19999999999999,107.30000000000001,106.39999999999998,103.89999999999998,92.80000000000001,91.80000000000001,91.69999999999999,90.69999999999999,89.89999999999998,89.69999999999999,88.39999999999998,87.09999999999997,86.09999999999997,76.89999999999998,76.39999999999998,76.30000000000001,75.80000000000001,75.69999999999999,75.59999999999997,75.09999999999997,74.19999999999999,74.09999999999997,74.09999999999997,73.30000000000001,72.19999999999999,71.69999999999999,71.39999999999998,71.30000000000001,70.39999999999998,65.80000000000001,61.599999999999966,58.099999999999966,54.69999999999999,53.39999999999998,53.099999999999966,51.39999999999998,50.89999999999998,44.19999999999999
clay color,44.5,43.9,43.199999999999996,43.1,43.0,41.6,41.3,39.0,37.9,37.199999999999996,35.2,34.3,33.8,33.3,32.4,32.099999999999994,31.5,25.799999999999997,24.599999999999998,23.7,22.599999999999998,21.0,19.9,18.7,18.599999999999998,18.299999999999997,16.4,15.2,14.399999999999999,13.599999999999998,12.600000000000001,12.199999999999996,6.299999999999997,5.799999999999997,5.299999999999997,5.100000000000001,4.600000000000001,3.6000000000000014,2.8999999999999986,2.6000000000000014,2.1999999999999957,1.7999999999999972,1.6999999999999957,1.1999999999999957,1.1999999999999957,0.0,1.3999999999999986,1.5,1.6000000000000014,3.0,3.1000000000000014,4.600000000000001,4.800000000000004,5.0,9.399999999999999,10.300000000000004,11.5,11.899999999999999,13.800000000000004,14.399999999999999,15.800000000000004,17.0,17.5,17.800000000000004,17.800000000000004,19.1,19.500000000000007,21.1,21.4,24.800000000000004,27.199999999999996,32.50000000000001,34.00000000000001,36.00000000000001,36.800000000000004,36.9,37.4,38.699999999999996,40.4,41.800000000000004,42.00000000000001,42.1,42.699999999999996,43.699999999999996,43.800000000000004,44.300000000000004,44.300000000000004,47.00000000000001,51.1,65.5,69.0,69.80000000000001,70.0,71.4,71.9,72.1,74.0,77.69999999999999,77.9,80.1,80.80000000000001,81.69999999999999,82.5,83.9,84.4,84.5,85.5,85.6,86.19999999999999,86.4,90.4,91.1,92.1,92.9,94.19999999999999,95.4,96.79999999999998,99.19999999999999,99.6,100.69999999999999,102.4,104.0,104.79999999999998,106.9,107.5,108.1,108.79999999999998,111.1,113.5,113.9,114.0,114.0,114.19999999999999,116.6,116.79999999999998,117.0,119.69999999999999,123.19999999999999,126.4,136.0,139.1,139.5,144.0,147.2,153.79999999999998,168.9,178.29999999999998,141.00000000000003,140.6,137.29999999999998,136.4,129.20000000000002,118.20000000000002,118.1,117.1,117.1,115.29999999999998,112.4,108.50000000000003,107.6,105.1,94.0,93.0,92.89999999999998,91.89999999999998,91.09999999999997,90.89999999999998,89.59999999999997,88.29999999999995,87.29999999999995,78.09999999999997,77.59999999999997,77.5,77.0,76.89999999999998,76.79999999999995,76.29999999999995,75.39999999999998,75.29999999999995,75.29999999999995,74.5,73.39999999999998,72.89999999999998,72.59999999999997,72.5,71.59999999999997,67.0,62.799999999999955,59.299999999999955,55.89999999999998,54.599999999999966,54.299999999999955,52.599999999999966,52.099999999999966,45.39999999999998
blood orange color,45.9,45.3,44.599999999999994,44.5,44.4,43.0,42.699999999999996,40.4,39.3,38.599999999999994,36.599999999999994,35.699999999999996,35.199999999999996,34.699999999999996,33.8,33.5,32.9,27.199999999999996,25.999999999999996,25.099999999999998,23.999999999999996,22.4,21.299999999999997,20.099999999999998,19.999999999999996,19.699999999999996,17.799999999999997,16.599999999999998,15.799999999999997,14.999999999999996,14.0,13.599999999999994,7.699999999999996,7.199999999999996,6.699999999999996,6.5,6.0,5.0,4.299999999999997,4.0,3.5999999999999943,3.1999999999999957,3.0999999999999943,2.5999999999999943,2.5999999999999943,1.3999999999999986,0.0,0.10000000000000142,0.20000000000000284,1.6000000000000014,1.7000000000000028,3.200000000000003,3.4000000000000057,3.6000000000000014,8.0,8.900000000000006,10.100000000000001,10.5,12.400000000000006,13.0,14.400000000000006,15.600000000000001,16.1,16.400000000000006,16.400000000000006,17.700000000000003,18.10000000000001,19.700000000000003,20.0,23.400000000000006,25.799999999999997,31.10000000000001,32.60000000000001,34.60000000000001,35.400000000000006,35.5,36.0,37.3,39.0,40.400000000000006,40.60000000000001,40.7,41.3,42.3,42.400000000000006,42.900000000000006,42.900000000000006,45.60000000000001,49.7,64.10000000000001,67.60000000000001,68.4,68.60000000000001,70.0,70.5,70.7,72.60000000000001,76.3,76.5,78.7,79.4,80.3,81.10000000000001,82.50000000000001,83.00000000000001,83.10000000000001,84.10000000000001,84.2,84.8,85.00000000000001,89.00000000000001,89.7,90.7,91.50000000000001,92.8,94.00000000000001,95.39999999999999,97.8,98.2,99.3,101.00000000000001,102.60000000000001,103.39999999999999,105.50000000000001,106.10000000000001,106.7,107.39999999999999,109.7,112.10000000000001,112.50000000000001,112.60000000000001,112.60000000000001,112.8,115.2,115.39999999999999,115.60000000000001,118.3,121.8,125.00000000000001,134.60000000000002,137.7,138.10000000000002,142.60000000000002,145.8,152.39999999999998,167.5,176.89999999999998,142.40000000000003,142.0,138.7,137.8,130.60000000000002,119.60000000000002,119.5,118.5,118.5,116.69999999999999,113.80000000000001,109.90000000000003,109.0,106.5,95.40000000000003,94.40000000000003,94.30000000000001,93.30000000000001,92.5,92.30000000000001,91.0,89.69999999999999,88.69999999999999,79.5,79.0,78.90000000000003,78.40000000000003,78.30000000000001,78.19999999999999,77.69999999999999,76.80000000000001,76.69999999999999,76.69999999999999,75.90000000000003,74.80000000000001,74.30000000000001,74.0,73.90000000000003,73.0,68.40000000000003,64.19999999999999,60.69999999999999,57.30000000000001,56.0,55.69999999999999,54.0,53.5,46.80000000000001
terracotta color,46.0,45.4,44.699999999999996,44.6,44.5,43.1,42.8,40.5,39.4,38.699999999999996,36.7,35.8,35.3,34.8,33.9,33.599999999999994,33.0,27.299999999999997,26.099999999999998,25.2,24.099999999999998,22.5,21.4,20.2,20.099999999999998,19.799999999999997,17.9,16.7,15.899999999999999,15.099999999999998,14.100000000000001,13.699999999999996,7.799999999999997,7.299999999999997,6.799999999999997,6.600000000000001,6.100000000000001,5.100000000000001,4.399999999999999,4.100000000000001,3.6999999999999957,3.299999999999997,3.1999999999999957,2.6999999999999957,2.6999999999999957,1.5,0.10000000000000142,0.0,0.10000000000000142,1.5,1.6000000000000014,3.1000000000000014,3.3000000000000043,3.5,7.899999999999999,8.800000000000004,10.0,10.399999999999999,12.300000000000004,12.899999999999999,14.300000000000004,15.5,16.0,16.300000000000004,16.300000000000004,17.6,18.000000000000007,19.6,19.9,23.300000000000004,25.699999999999996,31.000000000000007,32.50000000000001,34.50000000000001,35.300000000000004,35.4,35.9,37.199999999999996,38.9,40.300000000000004,40.50000000000001,40.6,41.199999999999996,42.199999999999996,42.300000000000004,42.800000000000004,42.800000000000004,45.50000000000001,49.6,64.0,67.5,68.30000000000001,68.5,69.9,70.4,70.6,72.5,76.19999999999999,76.4,78.6,79.30000000000001,80.19999999999999,81.0,82.4,82.9,83.0,84.0,84.1,84.69999999999999,84.9,88.9,89.6,90.6,91.4,92.69999999999999,93.9,95.29999999999998,97.69999999999999,98.1,99.19999999999999,100.9,102.5,103.29999999999998,105.4,106.0,106.6,107.29999999999998,109.6,112.0,112.4,112.5,112.5,112.69999999999999,115.1,115.29999999999998,115.5,118.19999999999999,121.69999999999999,124.9,134.5,137.6,138.0,142.5,145.7,152.29999999999998,167.4,176.79999999999998,142.50000000000003,142.1,138.79999999999998,137.9,130.70000000000002,119.70000000000002,119.6,118.6,118.6,116.79999999999998,113.9,110.00000000000003,109.1,106.6,95.5,94.5,94.39999999999998,93.39999999999998,92.59999999999997,92.39999999999998,91.09999999999997,89.79999999999995,88.79999999999995,79.59999999999997,79.09999999999997,79.0,78.5,78.39999999999998,78.29999999999995,77.79999999999995,76.89999999999998,76.79999999999995,76.79999999999995,76.0,74.89999999999998,74.39999999999998,74.09999999999997,74.0,73.09999999999997,68.5,64.29999999999995,60.799999999999955,57.39999999999998,56.099999999999966,55.799999999999955,54.099999999999966,53.599999999999966,46.89999999999998
terracota color,46.1,45.5,44.8,44.7,44.6,43.2,42.9,40.6,39.5,38.8,36.8,35.9,35.4,34.9,34.0,33.7,33.1,27.4,26.2,25.3,24.2,22.6,21.5,20.3,20.2,19.9,18.0,16.8,16.0,15.2,14.200000000000003,13.799999999999997,7.899999999999999,7.399999999999999,6.899999999999999,6.700000000000003,6.200000000000003,5.200000000000003,4.5,4.200000000000003,3.799999999999997,3.3999999999999986,3.299999999999997,2.799999999999997,2.799999999999997,1.6000000000000014,0.20000000000000284,0.10000000000000142,0.0,1.3999999999999986,1.5,3.0,3.200000000000003,3.3999999999999986,7.799999999999997,8.700000000000003,9.899999999999999,10.299999999999997,12.200000000000003,12.799999999999997,14.200000000000003,15.399999999999999,15.899999999999999,16.200000000000003,16.200000000000003,17.5,17.900000000000006,19.5,19.799999999999997,23.200000000000003,25.599999999999994,30.900000000000006,32.400000000000006,34.400000000000006,35.2,35.3,35.8,37.099999999999994,38.8,40.2,40.400000000000006,40.5,41.099999999999994,42.099999999999994,42.2,42.7,42.7,45.400000000000006,49.5,63.900000000000006,67.4,68.2,68.4,69.8,70.3,70.5,72.4,76.1,76.3,78.5,79.2,80.1,80.9,82.30000000000001,82.80000000000001,82.9,83.9,84.0,84.6,84.80000000000001,88.80000000000001,89.5,90.5,91.30000000000001,92.6,93.80000000000001,95.19999999999999,97.6,98.0,99.1,100.80000000000001,102.4,103.19999999999999,105.30000000000001,105.9,106.5,107.19999999999999,109.5,111.9,112.30000000000001,112.4,112.4,112.6,115.0,115.19999999999999,115.4,118.1,121.6,124.80000000000001,134.4,137.5,137.9,142.4,145.6,152.2,167.3,176.7,142.60000000000002,142.2,138.89999999999998,138.0,130.8,119.80000000000001,119.69999999999999,118.69999999999999,118.69999999999999,116.89999999999998,114.0,110.10000000000002,109.19999999999999,106.69999999999999,95.60000000000002,94.60000000000002,94.5,93.5,92.69999999999999,92.5,91.19999999999999,89.89999999999998,88.89999999999998,79.69999999999999,79.19999999999999,79.10000000000002,78.60000000000002,78.5,78.39999999999998,77.89999999999998,77.0,76.89999999999998,76.89999999999998,76.10000000000002,75.0,74.5,74.19999999999999,74.10000000000002,73.19999999999999,68.60000000000002,64.39999999999998,60.89999999999998,57.5,56.19999999999999,55.89999999999998,54.19999999999999,53.69999999999999,47.0
terra cotta color,47.5,46.9,46.199999999999996,46.1,46.0,44.6,44.3,42.0,40.9,40.199999999999996,38.2,37.3,36.8,36.3,35.4,35.099999999999994,34.5,28.799999999999997,27.599999999999998,26.7,25.599999999999998,24.0,22.9,21.7,21.599999999999998,21.299999999999997,19.4,18.2,17.4,16.599999999999998,15.600000000000001,15.199999999999996,9.299999999999997,8.799999999999997,8.299999999999997,8.100000000000001,7.600000000000001,6.600000000000001,5.899999999999999,5.600000000000001,5.199999999999996,4.799999999999997,4.699999999999996,4.199999999999996,4.199999999999996,3.0,1.6000000000000014,1.5,1.3999999999999986,0.0,0.10000000000000142,1.6000000000000014,1.8000000000000043,2.0,6.399999999999999,7.300000000000004,8.5,8.899999999999999,10.800000000000004,11.399999999999999,12.800000000000004,14.0,14.5,14.800000000000004,14.800000000000004,16.1,16.500000000000007,18.1,18.4,21.800000000000004,24.199999999999996,29.500000000000007,31.000000000000007,33.00000000000001,33.800000000000004,33.9,34.4,35.699999999999996,37.4,38.800000000000004,39.00000000000001,39.1,39.699999999999996,40.699999999999996,40.800000000000004,41.300000000000004,41.300000000000004,44.00000000000001,48.1,62.50000000000001,66.0,66.80000000000001,67.0,68.4,68.9,69.1,71.0,74.69999999999999,74.9,77.1,77.80000000000001,78.69999999999999,79.5,80.9,81.4,81.5,82.5,82.6,83.19999999999999,83.4,87.4,88.1,89.1,89.9,91.19999999999999,92.4,93.79999999999998,96.19999999999999,96.6,97.69999999999999,99.4,101.0,101.79999999999998,103.9,104.5,105.1,105.79999999999998,108.1,110.5,110.9,111.0,111.0,111.19999999999999,113.6,113.79999999999998,114.0,116.69999999999999,120.19999999999999,123.4,133.0,136.1,136.5,141.0,144.2,150.79999999999998,165.9,175.29999999999998,144.00000000000003,143.6,140.29999999999998,139.4,132.20000000000002,121.20000000000002,121.1,120.1,120.1,118.29999999999998,115.4,111.50000000000003,110.6,108.1,97.0,96.0,95.89999999999998,94.89999999999998,94.09999999999997,93.89999999999998,92.59999999999997,91.29999999999995,90.29999999999995,81.09999999999997,80.59999999999997,80.5,80.0,79.89999999999998,79.79999999999995,79.29999999999995,78.39999999999998,78.29999999999995,78.29999999999995,77.5,76.39999999999998,75.89999999999998,75.59999999999997,75.5,74.59999999999997,70.0,65.79999999999995,62.299999999999955,58.89999999999998,57.599999999999966,57.299999999999955,55.599999999999966,55.099999999999966,48.39999999999998
pinkish tan color,47.6,47.0,46.3,46.2,46.1,44.7,44.4,42.1,41.0,40.3,38.3,37.4,36.9,36.4,35.5,35.2,34.6,28.9,27.7,26.8,25.7,24.1,23.0,21.8,21.7,21.4,19.5,18.3,17.5,16.7,15.700000000000003,15.299999999999997,9.399999999999999,8.899999999999999,8.399999999999999,8.200000000000003,7.700000000000003,6.700000000000003,6.0,5.700000000000003,5.299999999999997,4.899999999999999,4.799999999999997,4.299999999999997,4.299999999999997,3.1000000000000014,1.7000000000000028,1.6000000000000014,1.5,0.10000000000000142,0.0,1.5,1.7000000000000028,1.8999999999999986,6.299999999999997,7.200000000000003,8.399999999999999,8.799999999999997,10.700000000000003,11.299999999999997,12.700000000000003,13.899999999999999,14.399999999999999,14.700000000000003,14.700000000000003,16.0,16.400000000000006,18.0,18.299999999999997,21.700000000000003,24.099999999999994,29.400000000000006,30.900000000000006,32.900000000000006,33.7,33.8,34.3,35.599999999999994,37.3,38.7,38.900000000000006,39.0,39.599999999999994,40.599999999999994,40.7,41.2,41.2,43.900000000000006,48.0,62.400000000000006,65.9,66.7,66.9,68.3,68.8,69.0,70.9,74.6,74.8,77.0,77.7,78.6,79.4,80.80000000000001,81.30000000000001,81.4,82.4,82.5,83.1,83.30000000000001,87.30000000000001,88.0,89.0,89.80000000000001,91.1,92.30000000000001,93.69999999999999,96.1,96.5,97.6,99.30000000000001,100.9,101.69999999999999,103.80000000000001,104.4,105.0,105.69999999999999,108.0,110.4,110.80000000000001,110.9,110.9,111.1,113.5,113.69999999999999,113.9,116.6,120.1,123.30000000000001,132.9,136.0,136.4,140.9,144.1,150.7,165.8,175.2,144.10000000000002,143.7,140.39999999999998,139.5,132.3,121.30000000000001,121.19999999999999,120.19999999999999,120.19999999999999,118.39999999999998,115.5,111.60000000000002,110.69999999999999,108.19999999999999,97.10000000000002,96.10000000000002,96.0,95.0,94.19999999999999,94.0,92.69999999999999,91.39999999999998,90.39999999999998,81.19999999999999,80.69999999999999,80.60000000000002,80.10000000000002,80.0,79.89999999999998,79.39999999999998,78.5,78.39999999999998,78.39999999999998,77.60000000000002,76.5,76.0,75.69999999999999,75.60000000000002,74.69999999999999,70.10000000000002,65.89999999999998,62.39999999999998,59.0,57.69999999999999,57.39999999999998,55.69999999999999,55.19999999999999,48.5
deep orange color,49.1,48.5,47.8,47.7,47.6,46.2,45.9,43.6,42.5,41.8,39.8,38.9,38.4,37.9,37.0,36.7,36.1,30.4,29.2,28.3,27.2,25.6,24.5,23.3,23.2,22.9,21.0,19.8,19.0,18.2,17.200000000000003,16.799999999999997,10.899999999999999,10.399999999999999,9.899999999999999,9.700000000000003,9.200000000000003,8.200000000000003,7.5,7.200000000000003,6.799999999999997,6.399999999999999,6.299999999999997,5.799999999999997,5.799999999999997,4.600000000000001,3.200000000000003,3.1000000000000014,3.0,1.6000000000000014,1.5,0.0,0.20000000000000284,0.3999999999999986,4.799999999999997,5.700000000000003,6.899999999999999,7.299999999999997,9.200000000000003,9.799999999999997,11.200000000000003,12.399999999999999,12.899999999999999,13.200000000000003,13.200000000000003,14.5,14.900000000000006,16.5,16.799999999999997,20.200000000000003,22.599999999999994,27.900000000000006,29.400000000000006,31.400000000000006,32.2,32.3,32.8,34.099999999999994,35.8,37.2,37.400000000000006,37.5,38.099999999999994,39.099999999999994,39.2,39.7,39.7,42.400000000000006,46.5,60.900000000000006,64.4,65.2,65.4,66.8,67.3,67.5,69.4,73.1,73.3,75.5,76.2,77.1,77.9,79.30000000000001,79.80000000000001,79.9,80.9,81.0,81.6,81.80000000000001,85.80000000000001,86.5,87.5,88.30000000000001,89.6,90.80000000000001,92.19999999999999,94.6,95.0,96.1,97.80000000000001,99.4,100.19999999999999,102.30000000000001,102.9,103.5,104.19999999999999,106.5,108.9,109.30000000000001,109.4,109.4,109.6,112.0,112.19999999999999,112.4,115.1,118.6,121.80000000000001,131.4,134.5,134.9,139.4,142.6,149.2,164.3,173.7,145.60000000000002,145.2,141.89999999999998,141.0,133.8,122.80000000000001,122.69999999999999,121.69999999999999,121.69999999999999,119.89999999999998,117.0,113.10000000000002,112.19999999999999,109.69999999999999,98.60000000000002,97.60000000000002,97.5,96.5,95.69999999999999,95.5,94.19999999999999,92.89999999999998,91.89999999999998,82.69999999999999,82.19999999999999,82.10000000000002,81.60000000000002,81.5,81.39999999999998,80.89999999999998,80.0,79.89999999999998,79.89999999999998,79.10000000000002,78.0,77.5,77.19999999999999,77.10000000000002,76.19999999999999,71.60000000000002,67.39999999999998,63.89999999999998,60.5,59.19999999999999,58.89999999999998,57.19999999999999,56.69999999999999,50.0
bright orange color,49.300000000000004,48.7,48.0,47.900000000000006,47.800000000000004,46.400000000000006,46.1,43.800000000000004,42.7,42.0,40.0,39.1,38.6,38.1,37.2,36.900000000000006,36.300000000000004,30.6,29.400000000000002,28.500000000000004,27.400000000000002,25.800000000000004,24.700000000000003,23.500000000000004,23.400000000000002,23.1,21.200000000000003,20.000000000000004,19.200000000000003,18.400000000000002,17.400000000000006,17.0,11.100000000000001,10.600000000000001,10.100000000000001,9.900000000000006,9.400000000000006,8.400000000000006,7.700000000000003,7.400000000000006,7.0,6.600000000000001,6.5,6.0,6.0,4.800000000000004,3.4000000000000057,3.3000000000000043,3.200000000000003,1.8000000000000043,1.7000000000000028,0.20000000000000284,0.0,0.19999999999999574,4.599999999999994,5.5,6.699999999999996,7.099999999999994,9.0,9.599999999999994,11.0,12.199999999999996,12.699999999999996,13.0,13.0,14.299999999999997,14.700000000000003,16.299999999999997,16.599999999999994,20.0,22.39999999999999,27.700000000000003,29.200000000000003,31.200000000000003,32.0,32.099999999999994,32.599999999999994,33.89999999999999,35.599999999999994,37.0,37.2,37.3,37.89999999999999,38.89999999999999,39.0,39.5,39.5,42.2,46.3,60.7,64.2,65.0,65.2,66.6,67.1,67.3,69.2,72.89999999999999,73.1,75.3,76.0,76.89999999999999,77.7,79.10000000000001,79.60000000000001,79.7,80.7,80.8,81.39999999999999,81.60000000000001,85.60000000000001,86.3,87.3,88.10000000000001,89.39999999999999,90.60000000000001,91.99999999999999,94.39999999999999,94.8,95.89999999999999,97.60000000000001,99.2,99.99999999999999,102.10000000000001,102.7,103.3,103.99999999999999,106.3,108.7,109.10000000000001,109.2,109.2,109.39999999999999,111.8,111.99999999999999,112.2,114.89999999999999,118.39999999999999,121.60000000000001,131.2,134.3,134.7,139.2,142.39999999999998,149.0,164.10000000000002,173.5,145.8,145.39999999999998,142.09999999999997,141.2,134.0,123.0,122.89999999999998,121.89999999999998,121.89999999999998,120.09999999999997,117.19999999999999,113.30000000000001,112.39999999999998,109.89999999999998,98.80000000000001,97.80000000000001,97.69999999999999,96.69999999999999,95.89999999999998,95.69999999999999,94.39999999999998,93.09999999999997,92.09999999999997,82.89999999999998,82.39999999999998,82.30000000000001,81.80000000000001,81.69999999999999,81.59999999999997,81.09999999999997,80.19999999999999,80.09999999999997,80.09999999999997,79.30000000000001,78.19999999999999,77.69999999999999,77.39999999999998,77.30000000000001,76.39999999999998,71.80000000000001,67.59999999999997,64.09999999999997,60.69999999999999,59.39999999999998,59.099999999999966,57.39999999999998,56.89999999999998,50.19999999999999
orangish color,49.5,48.9,48.199999999999996,48.1,48.0,46.6,46.3,44.0,42.9,42.199999999999996,40.2,39.3,38.8,38.3,37.4,37.099999999999994,36.5,30.799999999999997,29.599999999999998,28.7,27.599999999999998,26.0,24.9,23.7,23.599999999999998,23.299999999999997,21.4,20.2,19.4,18.599999999999998,17.6,17.199999999999996,11.299999999999997,10.799999999999997,10.299999999999997,10.100000000000001,9.600000000000001,8.600000000000001,7.899999999999999,7.600000000000001,7.199999999999996,6.799999999999997,6.699999999999996,6.199999999999996,6.199999999999996,5.0,3.6000000000000014,3.5,3.3999999999999986,2.0,1.8999999999999986,0.3999999999999986,0.19999999999999574,0.0,4.399999999999999,5.300000000000004,6.5,6.899999999999999,8.800000000000004,9.399999999999999,10.800000000000004,12.0,12.5,12.800000000000004,12.800000000000004,14.100000000000001,14.500000000000007,16.1,16.4,19.800000000000004,22.199999999999996,27.500000000000007,29.000000000000007,31.000000000000007,31.800000000000004,31.9,32.4,33.699999999999996,35.4,36.800000000000004,37.00000000000001,37.1,37.699999999999996,38.699999999999996,38.800000000000004,39.300000000000004,39.300000000000004,42.00000000000001,46.1,60.50000000000001,64.0,64.80000000000001,65.0,66.4,66.9,67.1,69.0,72.69999999999999,72.9,75.1,75.80000000000001,76.69999999999999,77.5,78.9,79.4,79.5,80.5,80.6,81.19999999999999,81.4,85.4,86.1,87.1,87.9,89.19999999999999,90.4,91.79999999999998,94.19999999999999,94.6,95.69999999999999,97.4,99.0,99.79999999999998,101.9,102.5,103.1,103.79999999999998,106.1,108.5,108.9,109.0,109.0,109.19999999999999,111.6,111.79999999999998,112.0,114.69999999999999,118.19999999999999,121.4,131.0,134.1,134.5,139.0,142.2,148.79999999999998,163.9,173.29999999999998,146.00000000000003,145.6,142.29999999999998,141.4,134.20000000000002,123.20000000000002,123.1,122.1,122.1,120.29999999999998,117.4,113.50000000000003,112.6,110.1,99.0,98.0,97.89999999999998,96.89999999999998,96.09999999999997,95.89999999999998,94.59999999999997,93.29999999999995,92.29999999999995,83.09999999999997,82.59999999999997,82.5,82.0,81.89999999999998,81.79999999999995,81.29999999999995,80.39999999999998,80.29999999999995,80.29999999999995,79.5,78.39999999999998,77.89999999999998,77.59999999999997,77.5,76.59999999999997,72.0,67.79999999999995,64.29999999999995,60.89999999999998,59.599999999999966,59.299999999999955,57.599999999999966,57.099999999999966,50.39999999999998
rusty orange color,53.9,53.3,52.599999999999994,52.5,52.4,51.0,50.699999999999996,48.4,47.3,46.599999999999994,44.599999999999994,43.699999999999996,43.199999999999996,42.699999999999996,41.8,41.5,40.9,35.199999999999996,34.0,33.099999999999994,31.999999999999996,30.4,29.299999999999997,28.099999999999998,27.999999999999996,27.699999999999996,25.799999999999997,24.599999999999998,23.799999999999997,22.999999999999996,22.0,21.599999999999994,15.699999999999996,15.199999999999996,14.699999999999996,14.5,14.0,13.0,12.299999999999997,12.0,11.599999999999994,11.199999999999996,11.099999999999994,10.599999999999994,10.599999999999994,9.399999999999999,8.0,7.899999999999999,7.799999999999997,6.399999999999999,6.299999999999997,4.799999999999997,4.599999999999994,4.399999999999999,0.0,0.9000000000000057,2.1000000000000014,2.5,4.400000000000006,5.0,6.400000000000006,7.600000000000001,8.100000000000001,8.400000000000006,8.400000000000006,9.700000000000003,10.100000000000009,11.700000000000003,12.0,15.400000000000006,17.799999999999997,23.10000000000001,24.60000000000001,26.60000000000001,27.400000000000006,27.5,28.0,29.299999999999997,31.0,32.400000000000006,32.60000000000001,32.7,33.3,34.3,34.400000000000006,34.900000000000006,34.900000000000006,37.60000000000001,41.7,56.10000000000001,59.60000000000001,60.400000000000006,60.60000000000001,62.0,62.5,62.7,64.60000000000001,68.3,68.5,70.7,71.4,72.3,73.10000000000001,74.50000000000001,75.00000000000001,75.10000000000001,76.10000000000001,76.2,76.8,77.00000000000001,81.00000000000001,81.7,82.7,83.50000000000001,84.8,86.00000000000001,87.39999999999999,89.8,90.2,91.3,93.00000000000001,94.60000000000001,95.39999999999999,97.50000000000001,98.10000000000001,98.7,99.39999999999999,101.7,104.10000000000001,104.50000000000001,104.60000000000001,104.60000000000001,104.8,107.2,107.39999999999999,107.60000000000001,110.3,113.8,117.00000000000001,126.60000000000001,129.7,130.10000000000002,134.60000000000002,137.8,144.39999999999998,159.5,168.89999999999998,150.40000000000003,150.0,146.7,145.8,138.60000000000002,127.60000000000002,127.5,126.5,126.5,124.69999999999999,121.80000000000001,117.90000000000003,117.0,114.5,103.40000000000003,102.40000000000003,102.30000000000001,101.30000000000001,100.5,100.30000000000001,99.0,97.69999999999999,96.69999999999999,87.5,87.0,86.90000000000003,86.40000000000003,86.30000000000001,86.19999999999999,85.69999999999999,84.80000000000001,84.69999999999999,84.69999999999999,83.90000000000003,82.80000000000001,82.30000000000001,82.0,81.90000000000003,81.0,76.40000000000003,72.19999999999999,68.69999999999999,65.30000000000001,64.0,63.69999999999999,62.0,61.5,54.80000000000001
orangeish color,54.800000000000004,54.2,53.5,53.400000000000006,53.300000000000004,51.900000000000006,51.6,49.300000000000004,48.2,47.5,45.5,44.6,44.1,43.6,42.7,42.400000000000006,41.800000000000004,36.1,34.900000000000006,34.0,32.900000000000006,31.300000000000004,30.200000000000003,29.000000000000004,28.900000000000002,28.6,26.700000000000003,25.500000000000004,24.700000000000003,23.900000000000002,22.900000000000006,22.5,16.6,16.1,15.600000000000001,15.400000000000006,14.900000000000006,13.900000000000006,13.200000000000003,12.900000000000006,12.5,12.100000000000001,12.0,11.5,11.5,10.300000000000004,8.900000000000006,8.800000000000004,8.700000000000003,7.300000000000004,7.200000000000003,5.700000000000003,5.5,5.300000000000004,0.9000000000000057,0.0,1.1999999999999957,1.5999999999999943,3.5,4.099999999999994,5.5,6.699999999999996,7.199999999999996,7.5,7.5,8.799999999999997,9.200000000000003,10.799999999999997,11.099999999999994,14.5,16.89999999999999,22.200000000000003,23.700000000000003,25.700000000000003,26.5,26.599999999999994,27.099999999999994,28.39999999999999,30.099999999999994,31.5,31.700000000000003,31.799999999999997,32.39999999999999,33.39999999999999,33.5,34.0,34.0,36.7,40.8,55.2,58.7,59.5,59.7,61.099999999999994,61.599999999999994,61.8,63.7,67.39999999999999,67.6,69.8,70.5,71.39999999999999,72.2,73.60000000000001,74.10000000000001,74.2,75.2,75.3,75.89999999999999,76.10000000000001,80.10000000000001,80.8,81.8,82.60000000000001,83.89999999999999,85.10000000000001,86.49999999999999,88.89999999999999,89.3,90.39999999999999,92.10000000000001,93.7,94.49999999999999,96.60000000000001,97.2,97.8,98.49999999999999,100.8,103.2,103.60000000000001,103.7,103.7,103.89999999999999,106.3,106.49999999999999,106.7,109.39999999999999,112.89999999999999,116.10000000000001,125.7,128.8,129.2,133.7,136.89999999999998,143.5,158.60000000000002,168.0,151.3,150.89999999999998,147.59999999999997,146.7,139.5,128.5,128.39999999999998,127.39999999999998,127.39999999999998,125.59999999999997,122.69999999999999,118.80000000000001,117.89999999999998,115.39999999999998,104.30000000000001,103.30000000000001,103.19999999999999,102.19999999999999,101.39999999999998,101.19999999999999,99.89999999999998,98.59999999999997,97.59999999999997,88.39999999999998,87.89999999999998,87.80000000000001,87.30000000000001,87.19999999999999,87.09999999999997,86.59999999999997,85.69999999999999,85.59999999999997,85.59999999999997,84.80000000000001,83.69999999999999,83.19999999999999,82.89999999999998,82.80000000000001,81.89999999999998,77.30000000000001,73.09999999999997,69.59999999999997,66.19999999999999,64.89999999999998,64.59999999999997,62.89999999999998,62.39999999999998,55.69999999999999
orange color,56.0,55.4,54.699999999999996,54.6,54.5,53.1,52.8,50.5,49.4,48.699999999999996,46.7,45.8,45.3,44.8,43.9,43.599999999999994,43.0,37.3,36.099999999999994,35.2,34.099999999999994,32.5,31.4,30.2,30.099999999999998,29.799999999999997,27.9,26.7,25.9,25.099999999999998,24.1,23.699999999999996,17.799999999999997,17.299999999999997,16.799999999999997,16.6,16.1,15.100000000000001,14.399999999999999,14.100000000000001,13.699999999999996,13.299999999999997,13.199999999999996,12.699999999999996,12.699999999999996,11.5,10.100000000000001,10.0,9.899999999999999,8.5,8.399999999999999,6.899999999999999,6.699999999999996,6.5,2.1000000000000014,1.1999999999999957,0.0,0.3999999999999986,2.3000000000000043,2.8999999999999986,4.300000000000004,5.5,6.0,6.300000000000004,6.300000000000004,7.600000000000001,8.000000000000007,9.600000000000001,9.899999999999999,13.300000000000004,15.699999999999996,21.000000000000007,22.500000000000007,24.500000000000007,25.300000000000004,25.4,25.9,27.199999999999996,28.9,30.300000000000004,30.500000000000007,30.6,31.199999999999996,32.199999999999996,32.300000000000004,32.800000000000004,32.800000000000004,35.50000000000001,39.6,54.00000000000001,57.50000000000001,58.300000000000004,58.50000000000001,59.9,60.4,60.6,62.50000000000001,66.19999999999999,66.4,68.6,69.30000000000001,70.19999999999999,71.0,72.4,72.9,73.0,74.0,74.1,74.69999999999999,74.9,78.9,79.6,80.6,81.4,82.69999999999999,83.9,85.29999999999998,87.69999999999999,88.1,89.19999999999999,90.9,92.5,93.29999999999998,95.4,96.0,96.6,97.29999999999998,99.6,102.0,102.4,102.5,102.5,102.69999999999999,105.1,105.29999999999998,105.5,108.19999999999999,111.69999999999999,114.9,124.5,127.6,128.0,132.5,135.7,142.29999999999998,157.4,166.79999999999998,152.50000000000003,152.1,148.79999999999998,147.9,140.70000000000002,129.70000000000002,129.6,128.6,128.6,126.79999999999998,123.9,120.00000000000003,119.1,116.6,105.50000000000003,104.50000000000003,104.4,103.39999999999998,102.59999999999997,102.39999999999998,101.09999999999997,99.79999999999995,98.79999999999995,89.59999999999997,89.09999999999997,89.0,88.5,88.39999999999998,88.29999999999995,87.79999999999995,86.89999999999998,86.79999999999995,86.79999999999995,86.0,84.89999999999998,84.39999999999998,84.09999999999997,84.0,83.09999999999997,78.5,74.29999999999995,70.79999999999995,67.39999999999998,66.09999999999997,65.79999999999995,64.09999999999997,63.599999999999966,56.89999999999998
dusty orange color,56.4,55.8,55.099999999999994,55.0,54.9,53.5,53.199999999999996,50.9,49.8,49.099999999999994,47.099999999999994,46.199999999999996,45.699999999999996,45.199999999999996,44.3,44.0,43.4,37.699999999999996,36.5,35.599999999999994,34.5,32.9,31.799999999999997,30.599999999999998,30.499999999999996,30.199999999999996,28.299999999999997,27.099999999999998,26.299999999999997,25.499999999999996,24.5,24.099999999999994,18.199999999999996,17.699999999999996,17.199999999999996,17.0,16.5,15.5,14.799999999999997,14.5,14.099999999999994,13.699999999999996,13.599999999999994,13.099999999999994,13.099999999999994,11.899999999999999,10.5,10.399999999999999,10.299999999999997,8.899999999999999,8.799999999999997,7.299999999999997,7.099999999999994,6.899999999999999,2.5,1.5999999999999943,0.3999999999999986,0.0,1.9000000000000057,2.5,3.9000000000000057,5.100000000000001,5.600000000000001,5.900000000000006,5.900000000000006,7.200000000000003,7.6000000000000085,9.200000000000003,9.5,12.900000000000006,15.299999999999997,20.60000000000001,22.10000000000001,24.10000000000001,24.900000000000006,25.0,25.5,26.799999999999997,28.5,29.900000000000006,30.10000000000001,30.200000000000003,30.799999999999997,31.799999999999997,31.900000000000006,32.400000000000006,32.400000000000006,35.10000000000001,39.2,53.60000000000001,57.10000000000001,57.900000000000006,58.10000000000001,59.5,60.0,60.2,62.10000000000001,65.8,66.0,68.2,68.9,69.8,70.60000000000001,72.00000000000001,72.50000000000001,72.60000000000001,73.60000000000001,73.7,74.3,74.50000000000001,78.50000000000001,79.2,80.2,81.00000000000001,82.3,83.50000000000001,84.89999999999999,87.3,87.7,88.8,90.50000000000001,92.10000000000001,92.89999999999999,95.00000000000001,95.60000000000001,96.2,96.89999999999999,99.2,101.60000000000001,102.00000000000001,102.10000000000001,102.10000000000001,102.3,104.7,104.89999999999999,105.10000000000001,107.8,111.3,114.50000000000001,124.10000000000001,127.2,127.60000000000001,132.10000000000002,135.3,141.89999999999998,157.0,166.39999999999998,152.90000000000003,152.5,149.2,148.3,141.10000000000002,130.10000000000002,130.0,129.0,129.0,127.19999999999999,124.30000000000001,120.40000000000003,119.5,117.0,105.90000000000003,104.90000000000003,104.80000000000001,103.80000000000001,103.0,102.80000000000001,101.5,100.19999999999999,99.19999999999999,90.0,89.5,89.40000000000003,88.90000000000003,88.80000000000001,88.69999999999999,88.19999999999999,87.30000000000001,87.19999999999999,87.19999999999999,86.40000000000003,85.30000000000001,84.80000000000001,84.5,84.40000000000003,83.5,78.90000000000003,74.69999999999999,71.19999999999999,67.80000000000001,66.5,66.19999999999999,64.5,64.0,57.30000000000001
copper color,58.300000000000004,57.7,57.0,56.900000000000006,56.800000000000004,55.400000000000006,55.1,52.800000000000004,51.7,51.0,49.0,48.1,47.6,47.1,46.2,45.900000000000006,45.300000000000004,39.6,38.400000000000006,37.5,36.400000000000006,34.800000000000004,33.7,32.5,32.400000000000006,32.1,30.200000000000003,29.000000000000004,28.200000000000003,27.400000000000002,26.400000000000006,26.0,20.1,19.6,19.1,18.900000000000006,18.400000000000006,17.400000000000006,16.700000000000003,16.400000000000006,16.0,15.600000000000001,15.5,15.0,15.0,13.800000000000004,12.400000000000006,12.300000000000004,12.200000000000003,10.800000000000004,10.700000000000003,9.200000000000003,9.0,8.800000000000004,4.400000000000006,3.5,2.3000000000000043,1.9000000000000057,0.0,0.5999999999999943,2.0,3.1999999999999957,3.6999999999999957,4.0,4.0,5.299999999999997,5.700000000000003,7.299999999999997,7.599999999999994,11.0,13.399999999999991,18.700000000000003,20.200000000000003,22.200000000000003,23.0,23.099999999999994,23.599999999999994,24.89999999999999,26.599999999999994,28.0,28.200000000000003,28.299999999999997,28.89999999999999,29.89999999999999,30.0,30.5,30.5,33.2,37.3,51.7,55.2,56.0,56.2,57.599999999999994,58.099999999999994,58.3,60.2,63.89999999999999,64.1,66.3,67.0,67.89999999999999,68.7,70.10000000000001,70.60000000000001,70.7,71.7,71.8,72.39999999999999,72.60000000000001,76.60000000000001,77.3,78.3,79.10000000000001,80.39999999999999,81.60000000000001,82.99999999999999,85.39999999999999,85.8,86.89999999999999,88.60000000000001,90.2,90.99999999999999,93.10000000000001,93.7,94.3,94.99999999999999,97.3,99.7,100.10000000000001,100.2,100.2,100.39999999999999,102.8,102.99999999999999,103.2,105.89999999999999,109.39999999999999,112.60000000000001,122.2,125.3,125.7,130.2,133.39999999999998,140.0,155.10000000000002,164.5,154.8,154.39999999999998,151.09999999999997,150.2,143.0,132.0,131.89999999999998,130.89999999999998,130.89999999999998,129.09999999999997,126.19999999999999,122.30000000000001,121.39999999999998,118.89999999999998,107.80000000000001,106.80000000000001,106.69999999999999,105.69999999999999,104.89999999999998,104.69999999999999,103.39999999999998,102.09999999999997,101.09999999999997,91.89999999999998,91.39999999999998,91.30000000000001,90.80000000000001,90.69999999999999,90.59999999999997,90.09999999999997,89.19999999999999,89.09999999999997,89.09999999999997,88.30000000000001,87.19999999999999,86.69999999999999,86.39999999999998,86.30000000000001,85.39999999999998,80.80000000000001,76.59999999999997,73.09999999999997,69.69999999999999,68.39999999999998,68.09999999999997,66.39999999999998,65.89999999999998,59.19999999999999
pumpkin orange color,58.9,58.3,57.599999999999994,57.5,57.4,56.0,55.699999999999996,53.4,52.3,51.599999999999994,49.599999999999994,48.699999999999996,48.199999999999996,47.699999999999996,46.8,46.5,45.9,40.199999999999996,39.0,38.099999999999994,37.0,35.4,34.3,33.099999999999994,33.0,32.699999999999996,30.799999999999997,29.599999999999998,28.799999999999997,27.999999999999996,27.0,26.599999999999994,20.699999999999996,20.199999999999996,19.699999999999996,19.5,19.0,18.0,17.299999999999997,17.0,16.599999999999994,16.199999999999996,16.099999999999994,15.599999999999994,15.599999999999994,14.399999999999999,13.0,12.899999999999999,12.799999999999997,11.399999999999999,11.299999999999997,9.799999999999997,9.599999999999994,9.399999999999999,5.0,4.099999999999994,2.8999999999999986,2.5,0.5999999999999943,0.0,1.4000000000000057,2.6000000000000014,3.1000000000000014,3.4000000000000057,3.4000000000000057,4.700000000000003,5.1000000000000085,6.700000000000003,7.0,10.400000000000006,12.799999999999997,18.10000000000001,19.60000000000001,21.60000000000001,22.400000000000006,22.5,23.0,24.299999999999997,26.0,27.400000000000006,27.60000000000001,27.700000000000003,28.299999999999997,29.299999999999997,29.400000000000006,29.900000000000006,29.900000000000006,32.60000000000001,36.7,51.10000000000001,54.60000000000001,55.400000000000006,55.60000000000001,57.0,57.5,57.7,59.60000000000001,63.3,63.5,65.7,66.4,67.3,68.10000000000001,69.50000000000001,70.00000000000001,70.10000000000001,71.10000000000001,71.2,71.8,72.00000000000001,76.00000000000001,76.7,77.7,78.50000000000001,79.8,81.00000000000001,82.39999999999999,84.8,85.2,86.3,88.00000000000001,89.60000000000001,90.39999999999999,92.50000000000001,93.10000000000001,93.7,94.39999999999999,96.7,99.10000000000001,99.50000000000001,99.60000000000001,99.60000000000001,99.8,102.2,102.39999999999999,102.60000000000001,105.3,108.8,112.00000000000001,121.60000000000001,124.7,125.10000000000001,129.60000000000002,132.8,139.39999999999998,154.5,163.89999999999998,155.40000000000003,155.0,151.7,150.8,143.60000000000002,132.60000000000002,132.5,131.5,131.5,129.7,126.80000000000001,122.90000000000003,122.0,119.5,108.40000000000003,107.40000000000003,107.30000000000001,106.30000000000001,105.5,105.30000000000001,104.0,102.69999999999999,101.69999999999999,92.5,92.0,91.90000000000003,91.40000000000003,91.30000000000001,91.19999999999999,90.69999999999999,89.80000000000001,89.69999999999999,89.69999999999999,88.90000000000003,87.80000000000001,87.30000000000001,87.0,86.90000000000003,86.0,81.40000000000003,77.19999999999999,73.69999999999999,70.30000000000001,69.0,68.69999999999999,67.0,66.5,59.80000000000001
faded orange color,60.300000000000004,59.7,59.0,58.900000000000006,58.800000000000004,57.400000000000006,57.1,54.800000000000004,53.7,53.0,51.0,50.1,49.6,49.1,48.2,47.900000000000006,47.300000000000004,41.6,40.400000000000006,39.5,38.400000000000006,36.800000000000004,35.7,34.5,34.400000000000006,34.1,32.2,31.000000000000004,30.200000000000003,29.400000000000002,28.400000000000006,28.0,22.1,21.6,21.1,20.900000000000006,20.400000000000006,19.400000000000006,18.700000000000003,18.400000000000006,18.0,17.6,17.5,17.0,17.0,15.800000000000004,14.400000000000006,14.300000000000004,14.200000000000003,12.800000000000004,12.700000000000003,11.200000000000003,11.0,10.800000000000004,6.400000000000006,5.5,4.300000000000004,3.9000000000000057,2.0,1.4000000000000057,0.0,1.1999999999999957,1.6999999999999957,2.0,2.0,3.299999999999997,3.700000000000003,5.299999999999997,5.599999999999994,9.0,11.399999999999991,16.700000000000003,18.200000000000003,20.200000000000003,21.0,21.099999999999994,21.599999999999994,22.89999999999999,24.599999999999994,26.0,26.200000000000003,26.299999999999997,26.89999999999999,27.89999999999999,28.0,28.5,28.5,31.200000000000003,35.3,49.7,53.2,54.0,54.2,55.599999999999994,56.099999999999994,56.3,58.2,61.89999999999999,62.099999999999994,64.3,65.0,65.89999999999999,66.7,68.10000000000001,68.60000000000001,68.7,69.7,69.8,70.39999999999999,70.60000000000001,74.60000000000001,75.3,76.3,77.10000000000001,78.39999999999999,79.60000000000001,80.99999999999999,83.39999999999999,83.8,84.89999999999999,86.60000000000001,88.2,88.99999999999999,91.10000000000001,91.7,92.3,92.99999999999999,95.3,97.7,98.10000000000001,98.2,98.2,98.39999999999999,100.8,100.99999999999999,101.2,103.89999999999999,107.39999999999999,110.60000000000001,120.2,123.3,123.7,128.2,131.39999999999998,138.0,153.10000000000002,162.5,156.8,156.39999999999998,153.09999999999997,152.2,145.0,134.0,133.89999999999998,132.89999999999998,132.89999999999998,131.09999999999997,128.2,124.30000000000001,123.39999999999998,120.89999999999998,109.80000000000001,108.80000000000001,108.69999999999999,107.69999999999999,106.89999999999998,106.69999999999999,105.39999999999998,104.09999999999997,103.09999999999997,93.89999999999998,93.39999999999998,93.30000000000001,92.80000000000001,92.69999999999999,92.59999999999997,92.09999999999997,91.19999999999999,91.09999999999997,91.09999999999997,90.30000000000001,89.19999999999999,88.69999999999999,88.39999999999998,88.30000000000001,87.39999999999998,82.80000000000001,78.59999999999997,75.09999999999997,71.69999999999999,70.39999999999998,70.09999999999997,68.39999999999998,67.89999999999998,61.19999999999999
clay brown color,61.5,60.9,60.199999999999996,60.1,60.0,58.6,58.3,56.0,54.9,54.199999999999996,52.2,51.3,50.8,50.3,49.4,49.099999999999994,48.5,42.8,41.599999999999994,40.7,39.599999999999994,38.0,36.9,35.7,35.599999999999994,35.3,33.4,32.2,31.4,30.599999999999998,29.6,29.199999999999996,23.299999999999997,22.799999999999997,22.299999999999997,22.1,21.6,20.6,19.9,19.6,19.199999999999996,18.799999999999997,18.699999999999996,18.199999999999996,18.199999999999996,17.0,15.600000000000001,15.5,15.399999999999999,14.0,13.899999999999999,12.399999999999999,12.199999999999996,12.0,7.600000000000001,6.699999999999996,5.5,5.100000000000001,3.1999999999999957,2.6000000000000014,1.1999999999999957,0.0,0.5,0.8000000000000043,0.8000000000000043,2.1000000000000014,2.500000000000007,4.100000000000001,4.399999999999999,7.800000000000004,10.199999999999996,15.500000000000007,17.000000000000007,19.000000000000007,19.800000000000004,19.9,20.4,21.699999999999996,23.4,24.800000000000004,25.000000000000007,25.1,25.699999999999996,26.699999999999996,26.800000000000004,27.300000000000004,27.300000000000004,30.000000000000007,34.1,48.50000000000001,52.00000000000001,52.800000000000004,53.00000000000001,54.4,54.9,55.1,57.00000000000001,60.699999999999996,60.9,63.1,63.800000000000004,64.69999999999999,65.5,66.9,67.4,67.5,68.5,68.6,69.19999999999999,69.4,73.4,74.1,75.1,75.9,77.19999999999999,78.4,79.79999999999998,82.19999999999999,82.6,83.69999999999999,85.4,87.0,87.79999999999998,89.9,90.5,91.1,91.79999999999998,94.1,96.5,96.9,97.0,97.0,97.19999999999999,99.6,99.79999999999998,100.0,102.69999999999999,106.19999999999999,109.4,119.0,122.1,122.5,127.0,130.2,136.79999999999998,151.9,161.29999999999998,158.00000000000003,157.6,154.29999999999998,153.4,146.20000000000002,135.20000000000002,135.1,134.1,134.1,132.29999999999998,129.4,125.50000000000003,124.6,122.1,111.00000000000003,110.00000000000003,109.9,108.9,108.1,107.9,106.6,105.29999999999998,104.29999999999998,95.09999999999997,94.59999999999997,94.5,94.0,93.89999999999998,93.79999999999995,93.29999999999995,92.39999999999998,92.29999999999995,92.29999999999995,91.5,90.39999999999998,89.89999999999998,89.59999999999997,89.5,88.59999999999997,84.0,79.79999999999995,76.29999999999995,72.89999999999998,71.59999999999997,71.29999999999995,69.59999999999997,69.09999999999997,62.39999999999998
pumpkin color,62.0,61.4,60.699999999999996,60.6,60.5,59.1,58.8,56.5,55.4,54.699999999999996,52.7,51.8,51.3,50.8,49.9,49.599999999999994,49.0,43.3,42.099999999999994,41.2,40.099999999999994,38.5,37.4,36.2,36.099999999999994,35.8,33.9,32.7,31.9,31.099999999999998,30.1,29.699999999999996,23.799999999999997,23.299999999999997,22.799999999999997,22.6,22.1,21.1,20.4,20.1,19.699999999999996,19.299999999999997,19.199999999999996,18.699999999999996,18.699999999999996,17.5,16.1,16.0,15.899999999999999,14.5,14.399999999999999,12.899999999999999,12.699999999999996,12.5,8.100000000000001,7.199999999999996,6.0,5.600000000000001,3.6999999999999957,3.1000000000000014,1.6999999999999957,0.5,0.0,0.30000000000000426,0.30000000000000426,1.6000000000000014,2.000000000000007,3.6000000000000014,3.8999999999999986,7.300000000000004,9.699999999999996,15.000000000000007,16.500000000000007,18.500000000000007,19.300000000000004,19.4,19.9,21.199999999999996,22.9,24.300000000000004,24.500000000000007,24.6,25.199999999999996,26.199999999999996,26.300000000000004,26.800000000000004,26.800000000000004,29.500000000000007,33.6,48.00000000000001,51.50000000000001,52.300000000000004,52.50000000000001,53.9,54.4,54.6,56.50000000000001,60.199999999999996,60.4,62.6,63.300000000000004,64.19999999999999,65.0,66.4,66.9,67.0,68.0,68.1,68.69999999999999,68.9,72.9,73.6,74.6,75.4,76.69999999999999,77.9,79.29999999999998,81.69999999999999,82.1,83.19999999999999,84.9,86.5,87.29999999999998,89.4,90.0,90.6,91.29999999999998,93.6,96.0,96.4,96.5,96.5,96.69999999999999,99.1,99.29999999999998,99.5,102.19999999999999,105.69999999999999,108.9,118.5,121.6,122.0,126.5,129.7,136.29999999999998,151.4,160.79999999999998,158.50000000000003,158.1,154.79999999999998,153.9,146.70000000000002,135.70000000000002,135.6,134.6,134.6,132.79999999999998,129.9,126.00000000000003,125.1,122.6,111.50000000000003,110.50000000000003,110.4,109.4,108.6,108.4,107.1,105.79999999999998,104.79999999999998,95.59999999999997,95.09999999999997,95.0,94.5,94.39999999999998,94.29999999999995,93.79999999999995,92.89999999999998,92.79999999999995,92.79999999999995,92.0,90.89999999999998,90.39999999999998,90.09999999999997,90.0,89.09999999999997,84.5,80.29999999999995,76.79999999999995,73.39999999999998,72.09999999999997,71.79999999999995,70.09999999999997,69.59999999999997,62.89999999999998
browny orange color,62.300000000000004,61.7,61.0,60.900000000000006,60.800000000000004,59.400000000000006,59.1,56.800000000000004,55.7,55.0,53.0,52.1,51.6,51.1,50.2,49.900000000000006,49.300000000000004,43.6,42.400000000000006,41.5,40.400000000000006,38.800000000000004,37.7,36.5,36.400000000000006,36.1,34.2,33.0,32.2,31.400000000000002,30.400000000000006,30.0,24.1,23.6,23.1,22.900000000000006,22.400000000000006,21.400000000000006,20.700000000000003,20.400000000000006,20.0,19.6,19.5,19.0,19.0,17.800000000000004,16.400000000000006,16.300000000000004,16.200000000000003,14.800000000000004,14.700000000000003,13.200000000000003,13.0,12.800000000000004,8.400000000000006,7.5,6.300000000000004,5.900000000000006,4.0,3.4000000000000057,2.0,0.8000000000000043,0.30000000000000426,0.0,0.0,1.2999999999999972,1.7000000000000028,3.299999999999997,3.5999999999999943,7.0,9.399999999999991,14.700000000000003,16.200000000000003,18.200000000000003,19.0,19.099999999999994,19.599999999999994,20.89999999999999,22.599999999999994,24.0,24.200000000000003,24.299999999999997,24.89999999999999,25.89999999999999,26.0,26.5,26.5,29.200000000000003,33.3,47.7,51.2,52.0,52.2,53.599999999999994,54.099999999999994,54.3,56.2,59.89999999999999,60.099999999999994,62.3,63.0,63.89999999999999,64.7,66.10000000000001,66.60000000000001,66.7,67.7,67.8,68.39999999999999,68.60000000000001,72.60000000000001,73.3,74.3,75.10000000000001,76.39999999999999,77.60000000000001,78.99999999999999,81.39999999999999,81.8,82.89999999999999,84.60000000000001,86.2,86.99999999999999,89.10000000000001,89.7,90.3,90.99999999999999,93.3,95.7,96.10000000000001,96.2,96.2,96.39999999999999,98.8,98.99999999999999,99.2,101.89999999999999,105.39999999999999,108.60000000000001,118.2,121.3,121.7,126.2,129.39999999999998,136.0,151.10000000000002,160.5,158.8,158.39999999999998,155.09999999999997,154.2,147.0,136.0,135.89999999999998,134.89999999999998,134.89999999999998,133.09999999999997,130.2,126.30000000000001,125.39999999999998,122.89999999999998,111.80000000000001,110.80000000000001,110.69999999999999,109.69999999999999,108.89999999999998,108.69999999999999,107.39999999999998,106.09999999999997,105.09999999999997,95.89999999999998,95.39999999999998,95.30000000000001,94.80000000000001,94.69999999999999,94.59999999999997,94.09999999999997,93.19999999999999,93.09999999999997,93.09999999999997,92.30000000000001,91.19999999999999,90.69999999999999,90.39999999999998,90.30000000000001,89.39999999999998,84.80000000000001,80.59999999999997,77.09999999999997,73.69999999999999,72.39999999999998,72.09999999999997,70.39999999999998,69.89999999999998,63.19999999999999
orange brown color,62.300000000000004,61.7,61.0,60.900000000000006,60.800000000000004,59.400000000000006,59.1,56.800000000000004,55.7,55.0,53.0,52.1,51.6,51.1,50.2,49.900000000000006,49.300000000000004,43.6,42.400000000000006,41.5,40.400000000000006,38.800000000000004,37.7,36.5,36.400000000000006,36.1,34.2,33.0,32.2,31.400000000000002,30.400000000000006,30.0,24.1,23.6,23.1,22.900000000000006,22.400000000000006,21.400000000000006,20.700000000000003,20.400000000000006,20.0,19.6,19.5,19.0,19.0,17.800000000000004,16.400000000000006,16.300000000000004,16.200000000000003,14.800000000000004,14.700000000000003,13.200000000000003,13.0,12.800000000000004,8.400000000000006,7.5,6.300000000000004,5.900000000000006,4.0,3.4000000000000057,2.0,0.8000000000000043,0.30000000000000426,0.0,0.0,1.2999999999999972,1.7000000000000028,3.299999999999997,3.5999999999999943,7.0,9.399999999999991,14.700000000000003,16.200000000000003,18.200000000000003,19.0,19.099999999999994,19.599999999999994,20.89999999999999,22.599999999999994,24.0,24.200000000000003,24.299999999999997,24.89999999999999,25.89999999999999,26.0,26.5,26.5,29.200000000000003,33.3,47.7,51.2,52.0,52.2,53.599999999999994,54.099999999999994,54.3,56.2,59.89999999999999,60.099999999999994,62.3,63.0,63.89999999999999,64.7,66.10000000000001,66.60000000000001,66.7,67.7,67.8,68.39999999999999,68.60000000000001,72.60000000000001,73.3,74.3,75.10000000000001,76.39999999999999,77.60000000000001,78.99999999999999,81.39999999999999,81.8,82.89999999999999,84.60000000000001,86.2,86.99999999999999,89.10000000000001,89.7,90.3,90.99999999999999,93.3,95.7,96.10000000000001,96.2,96.2,96.39999999999999,98.8,98.99999999999999,99.2,101.89999999999999,105.39999999999999,108.60000000000001,118.2,121.3,121.7,126.2,129.39999999999998,136.0,151.10000000000002,160.5,158.8,158.39999999999998,155.09999999999997,154.2,147.0,136.0,135.89999999999998,134.89999999999998,134.89999999999998,133.09999999999997,130.2,126.30000000000001,125.39999999999998,122.89999999999998,111.80000000000001,110.80000000000001,110.69999999999999,109.69999999999999,108.89999999999998,108.69999999999999,107.39999999999998,106.09999999999997,105.09999999999997,95.89999999999998,95.39999999999998,95.30000000000001,94.80000000000001,94.69999999999999,94.59999999999997,94.09999999999997,93.19999999999999,93.09999999999997,93.09999999999997,92.30000000000001,91.19999999999999,90.69999999999999,90.39999999999998,90.30000000000001,89.39999999999998,84.80000000000001,80.59999999999997,77.09999999999997,73.69999999999999,72.39999999999998,72.09999999999997,70.39999999999998,69.89999999999998,63.19999999999999
dull orange color,63.6,63.0,62.3,62.2,62.1,60.7,60.4,58.1,57.0,56.3,54.3,53.4,52.9,52.4,51.5,51.2,50.6,44.9,43.7,42.8,41.7,40.1,39.0,37.8,37.7,37.4,35.5,34.3,33.5,32.7,31.700000000000003,31.299999999999997,25.4,24.9,24.4,24.200000000000003,23.700000000000003,22.700000000000003,22.0,21.700000000000003,21.299999999999997,20.9,20.799999999999997,20.299999999999997,20.299999999999997,19.1,17.700000000000003,17.6,17.5,16.1,16.0,14.5,14.299999999999997,14.100000000000001,9.700000000000003,8.799999999999997,7.600000000000001,7.200000000000003,5.299999999999997,4.700000000000003,3.299999999999997,2.1000000000000014,1.6000000000000014,1.2999999999999972,1.2999999999999972,0.0,0.4000000000000057,2.0,2.299999999999997,5.700000000000003,8.099999999999994,13.400000000000006,14.900000000000006,16.900000000000006,17.700000000000003,17.799999999999997,18.299999999999997,19.599999999999994,21.299999999999997,22.700000000000003,22.900000000000006,23.0,23.599999999999994,24.599999999999994,24.700000000000003,25.200000000000003,25.200000000000003,27.900000000000006,32.0,46.400000000000006,49.900000000000006,50.7,50.900000000000006,52.3,52.8,53.0,54.900000000000006,58.599999999999994,58.8,61.0,61.7,62.599999999999994,63.400000000000006,64.80000000000001,65.30000000000001,65.4,66.4,66.5,67.1,67.30000000000001,71.30000000000001,72.0,73.0,73.80000000000001,75.1,76.30000000000001,77.69999999999999,80.1,80.5,81.6,83.30000000000001,84.9,85.69999999999999,87.80000000000001,88.4,89.0,89.69999999999999,92.0,94.4,94.80000000000001,94.9,94.9,95.1,97.5,97.69999999999999,97.9,100.6,104.1,107.30000000000001,116.9,120.0,120.4,124.9,128.1,134.7,149.8,159.2,160.10000000000002,159.7,156.39999999999998,155.5,148.3,137.3,137.2,136.2,136.2,134.39999999999998,131.5,127.60000000000002,126.69999999999999,124.19999999999999,113.10000000000002,112.10000000000002,112.0,111.0,110.19999999999999,110.0,108.69999999999999,107.39999999999998,106.39999999999998,97.19999999999999,96.69999999999999,96.60000000000002,96.10000000000002,96.0,95.89999999999998,95.39999999999998,94.5,94.39999999999998,94.39999999999998,93.60000000000002,92.5,92.0,91.69999999999999,91.60000000000002,90.69999999999999,86.10000000000002,81.89999999999998,78.39999999999998,75.0,73.69999999999999,73.39999999999998,71.69999999999999,71.19999999999999,64.5
brownish orange color,64.0,63.400000000000006,62.7,62.60000000000001,62.50000000000001,61.10000000000001,60.800000000000004,58.50000000000001,57.400000000000006,56.7,54.7,53.800000000000004,53.300000000000004,52.800000000000004,51.900000000000006,51.60000000000001,51.00000000000001,45.300000000000004,44.10000000000001,43.2,42.10000000000001,40.50000000000001,39.400000000000006,38.2,38.10000000000001,37.800000000000004,35.900000000000006,34.7,33.900000000000006,33.10000000000001,32.10000000000001,31.700000000000003,25.800000000000004,25.300000000000004,24.800000000000004,24.60000000000001,24.10000000000001,23.10000000000001,22.400000000000006,22.10000000000001,21.700000000000003,21.300000000000004,21.200000000000003,20.700000000000003,20.700000000000003,19.500000000000007,18.10000000000001,18.000000000000007,17.900000000000006,16.500000000000007,16.400000000000006,14.900000000000006,14.700000000000003,14.500000000000007,10.100000000000009,9.200000000000003,8.000000000000007,7.6000000000000085,5.700000000000003,5.1000000000000085,3.700000000000003,2.500000000000007,2.000000000000007,1.7000000000000028,1.7000000000000028,0.4000000000000057,0.0,1.5999999999999943,1.8999999999999915,5.299999999999997,7.699999999999989,13.0,14.5,16.5,17.299999999999997,17.39999999999999,17.89999999999999,19.19999999999999,20.89999999999999,22.299999999999997,22.5,22.599999999999994,23.19999999999999,24.19999999999999,24.299999999999997,24.799999999999997,24.799999999999997,27.5,31.599999999999994,46.0,49.5,50.3,50.5,51.89999999999999,52.39999999999999,52.599999999999994,54.5,58.19999999999999,58.39999999999999,60.599999999999994,61.3,62.19999999999999,63.0,64.4,64.9,65.0,66.0,66.1,66.69999999999999,66.9,70.9,71.6,72.6,73.4,74.69999999999999,75.9,77.29999999999998,79.69999999999999,80.1,81.19999999999999,82.9,84.5,85.29999999999998,87.4,88.0,88.6,89.29999999999998,91.6,94.0,94.4,94.5,94.5,94.69999999999999,97.1,97.29999999999998,97.5,100.19999999999999,103.69999999999999,106.9,116.5,119.6,120.0,124.5,127.69999999999999,134.29999999999998,149.4,158.79999999999998,160.50000000000003,160.1,156.79999999999998,155.9,148.70000000000002,137.70000000000002,137.6,136.6,136.6,134.79999999999998,131.9,128.00000000000003,127.1,124.6,113.50000000000003,112.50000000000003,112.4,111.4,110.6,110.4,109.1,107.79999999999998,106.79999999999998,97.60000000000002,97.10000000000002,97.0,96.5,96.39999999999998,96.29999999999995,95.79999999999995,94.89999999999998,94.79999999999995,94.79999999999995,94.0,92.89999999999998,92.39999999999998,92.10000000000002,92.0,91.10000000000002,86.5,82.29999999999995,78.79999999999995,75.39999999999998,74.10000000000002,73.79999999999995,72.10000000000002,71.60000000000002,64.89999999999998
umber color,65.6,65.0,64.3,64.2,64.1,62.7,62.4,60.1,59.0,58.3,56.3,55.4,54.9,54.4,53.5,53.2,52.6,46.9,45.7,44.8,43.7,42.1,41.0,39.8,39.7,39.4,37.5,36.3,35.5,34.7,33.7,33.3,27.4,26.9,26.4,26.200000000000003,25.700000000000003,24.700000000000003,24.0,23.700000000000003,23.299999999999997,22.9,22.799999999999997,22.299999999999997,22.299999999999997,21.1,19.700000000000003,19.6,19.5,18.1,18.0,16.5,16.299999999999997,16.1,11.700000000000003,10.799999999999997,9.600000000000001,9.200000000000003,7.299999999999997,6.700000000000003,5.299999999999997,4.100000000000001,3.6000000000000014,3.299999999999997,3.299999999999997,2.0,1.5999999999999943,0.0,0.29999999999999716,3.700000000000003,6.099999999999994,11.400000000000006,12.900000000000006,14.900000000000006,15.700000000000003,15.799999999999997,16.299999999999997,17.599999999999994,19.299999999999997,20.700000000000003,20.900000000000006,21.0,21.599999999999994,22.599999999999994,22.700000000000003,23.200000000000003,23.200000000000003,25.900000000000006,30.0,44.400000000000006,47.900000000000006,48.7,48.900000000000006,50.3,50.8,51.0,52.900000000000006,56.599999999999994,56.8,59.0,59.7,60.599999999999994,61.400000000000006,62.80000000000001,63.30000000000001,63.400000000000006,64.4,64.5,65.1,65.30000000000001,69.30000000000001,70.0,71.0,71.80000000000001,73.1,74.30000000000001,75.69999999999999,78.1,78.5,79.6,81.30000000000001,82.9,83.69999999999999,85.80000000000001,86.4,87.0,87.69999999999999,90.0,92.4,92.80000000000001,92.9,92.9,93.1,95.5,95.69999999999999,95.9,98.6,102.1,105.30000000000001,114.9,118.0,118.4,122.9,126.1,132.7,147.8,157.2,162.10000000000002,161.7,158.39999999999998,157.5,150.3,139.3,139.2,138.2,138.2,136.39999999999998,133.5,129.60000000000002,128.7,126.19999999999999,115.10000000000002,114.10000000000002,114.0,113.0,112.19999999999999,112.0,110.69999999999999,109.39999999999998,108.39999999999998,99.19999999999999,98.69999999999999,98.60000000000002,98.10000000000002,98.0,97.89999999999998,97.39999999999998,96.5,96.39999999999998,96.39999999999998,95.60000000000002,94.5,94.0,93.69999999999999,93.60000000000002,92.69999999999999,88.10000000000002,83.89999999999998,80.39999999999998,77.0,75.69999999999999,75.39999999999998,73.69999999999999,73.19999999999999,66.5
brown orange color,65.89999999999999,65.3,64.6,64.5,64.39999999999999,63.0,62.699999999999996,60.4,59.3,58.599999999999994,56.599999999999994,55.699999999999996,55.199999999999996,54.699999999999996,53.8,53.5,52.9,47.199999999999996,46.0,45.099999999999994,44.0,42.4,41.3,40.099999999999994,40.0,39.699999999999996,37.8,36.599999999999994,35.8,35.0,34.0,33.599999999999994,27.699999999999996,27.199999999999996,26.699999999999996,26.5,26.0,25.0,24.299999999999997,24.0,23.599999999999994,23.199999999999996,23.099999999999994,22.599999999999994,22.599999999999994,21.4,20.0,19.9,19.799999999999997,18.4,18.299999999999997,16.799999999999997,16.599999999999994,16.4,12.0,11.099999999999994,9.899999999999999,9.5,7.599999999999994,7.0,5.599999999999994,4.399999999999999,3.8999999999999986,3.5999999999999943,3.5999999999999943,2.299999999999997,1.8999999999999915,0.29999999999999716,0.0,3.4000000000000057,5.799999999999997,11.100000000000009,12.600000000000009,14.600000000000009,15.400000000000006,15.5,16.0,17.299999999999997,19.0,20.400000000000006,20.60000000000001,20.700000000000003,21.299999999999997,22.299999999999997,22.400000000000006,22.900000000000006,22.900000000000006,25.60000000000001,29.700000000000003,44.10000000000001,47.60000000000001,48.400000000000006,48.60000000000001,50.0,50.5,50.7,52.60000000000001,56.3,56.5,58.7,59.400000000000006,60.3,61.10000000000001,62.500000000000014,63.000000000000014,63.10000000000001,64.10000000000001,64.2,64.8,65.00000000000001,69.00000000000001,69.7,70.7,71.50000000000001,72.8,74.00000000000001,75.39999999999999,77.8,78.2,79.3,81.00000000000001,82.60000000000001,83.39999999999999,85.50000000000001,86.10000000000001,86.7,87.39999999999999,89.7,92.10000000000001,92.50000000000001,92.60000000000001,92.60000000000001,92.8,95.2,95.39999999999999,95.60000000000001,98.3,101.8,105.00000000000001,114.60000000000001,117.7,118.10000000000001,122.60000000000001,125.8,132.39999999999998,147.5,156.89999999999998,162.40000000000003,162.0,158.7,157.8,150.60000000000002,139.60000000000002,139.5,138.5,138.5,136.7,133.8,129.90000000000003,129.0,126.5,115.40000000000003,114.40000000000003,114.30000000000001,113.30000000000001,112.5,112.30000000000001,111.0,109.69999999999999,108.69999999999999,99.5,99.0,98.90000000000003,98.40000000000003,98.30000000000001,98.19999999999999,97.69999999999999,96.80000000000001,96.69999999999999,96.69999999999999,95.90000000000003,94.80000000000001,94.30000000000001,94.0,93.90000000000003,93.0,88.40000000000003,84.19999999999999,80.69999999999999,77.30000000000001,76.0,75.69999999999999,74.0,73.5,66.80000000000001
leather color,69.3,68.7,68.0,67.9,67.8,66.4,66.10000000000001,63.800000000000004,62.7,62.0,60.0,59.1,58.6,58.1,57.2,56.900000000000006,56.300000000000004,50.6,49.400000000000006,48.5,47.400000000000006,45.800000000000004,44.7,43.5,43.400000000000006,43.1,41.2,40.0,39.2,38.400000000000006,37.400000000000006,37.0,31.1,30.6,30.1,29.900000000000006,29.400000000000006,28.400000000000006,27.700000000000003,27.400000000000006,27.0,26.6,26.5,26.0,26.0,24.800000000000004,23.400000000000006,23.300000000000004,23.200000000000003,21.800000000000004,21.700000000000003,20.200000000000003,20.0,19.800000000000004,15.400000000000006,14.5,13.300000000000004,12.900000000000006,11.0,10.400000000000006,9.0,7.800000000000004,7.300000000000004,7.0,7.0,5.700000000000003,5.299999999999997,3.700000000000003,3.4000000000000057,0.0,2.3999999999999915,7.700000000000003,9.200000000000003,11.200000000000003,12.0,12.099999999999994,12.599999999999994,13.899999999999991,15.599999999999994,17.0,17.200000000000003,17.299999999999997,17.89999999999999,18.89999999999999,19.0,19.5,19.5,22.200000000000003,26.299999999999997,40.7,44.2,45.0,45.2,46.599999999999994,47.099999999999994,47.3,49.2,52.89999999999999,53.099999999999994,55.3,56.0,56.89999999999999,57.7,59.10000000000001,59.60000000000001,59.7,60.7,60.8,61.39999999999999,61.60000000000001,65.60000000000001,66.3,67.3,68.10000000000001,69.39999999999999,70.60000000000001,71.99999999999999,74.39999999999999,74.8,75.89999999999999,77.60000000000001,79.2,79.99999999999999,82.10000000000001,82.7,83.3,83.99999999999999,86.3,88.7,89.10000000000001,89.2,89.2,89.39999999999999,91.8,91.99999999999999,92.2,94.89999999999999,98.39999999999999,101.60000000000001,111.2,114.3,114.7,119.2,122.39999999999999,129.0,144.10000000000002,153.5,165.8,165.39999999999998,162.09999999999997,161.2,154.0,143.0,142.89999999999998,141.89999999999998,141.89999999999998,140.09999999999997,137.2,133.3,132.39999999999998,129.89999999999998,118.80000000000001,117.80000000000001,117.69999999999999,116.69999999999999,115.89999999999998,115.69999999999999,114.39999999999998,113.09999999999997,112.09999999999997,102.89999999999998,102.39999999999998,102.30000000000001,101.80000000000001,101.69999999999999,101.59999999999997,101.09999999999997,100.19999999999999,100.09999999999997,100.09999999999997,99.30000000000001,98.19999999999999,97.69999999999999,97.39999999999998,97.30000000000001,96.39999999999998,91.80000000000001,87.59999999999997,84.09999999999997,80.69999999999999,79.39999999999998,79.09999999999997,77.39999999999998,76.89999999999998,70.19999999999999
caramel color,71.69999999999999,71.1,70.39999999999999,70.3,70.19999999999999,68.8,68.5,66.19999999999999,65.1,64.39999999999999,62.39999999999999,61.49999999999999,60.99999999999999,60.49999999999999,59.599999999999994,59.3,58.699999999999996,52.99999999999999,51.8,50.89999999999999,49.8,48.199999999999996,47.099999999999994,45.89999999999999,45.8,45.49999999999999,43.599999999999994,42.39999999999999,41.599999999999994,40.8,39.8,39.39999999999999,33.49999999999999,32.99999999999999,32.49999999999999,32.3,31.799999999999997,30.799999999999997,30.099999999999994,29.799999999999997,29.39999999999999,28.999999999999993,28.89999999999999,28.39999999999999,28.39999999999999,27.199999999999996,25.799999999999997,25.699999999999996,25.599999999999994,24.199999999999996,24.099999999999994,22.599999999999994,22.39999999999999,22.199999999999996,17.799999999999997,16.89999999999999,15.699999999999996,15.299999999999997,13.399999999999991,12.799999999999997,11.399999999999991,10.199999999999996,9.699999999999996,9.399999999999991,9.399999999999991,8.099999999999994,7.699999999999989,6.099999999999994,5.799999999999997,2.3999999999999915,0.0,5.300000000000011,6.800000000000011,8.800000000000011,9.600000000000009,9.700000000000003,10.200000000000003,11.5,13.200000000000003,14.600000000000009,14.800000000000011,14.900000000000006,15.5,16.5,16.60000000000001,17.10000000000001,17.10000000000001,19.80000000000001,23.900000000000006,38.30000000000001,41.80000000000001,42.60000000000001,42.80000000000001,44.2,44.7,44.900000000000006,46.80000000000001,50.5,50.7,52.900000000000006,53.60000000000001,54.5,55.30000000000001,56.70000000000002,57.20000000000002,57.30000000000001,58.30000000000001,58.400000000000006,59.0,59.20000000000002,63.20000000000002,63.900000000000006,64.9,65.70000000000002,67.0,68.20000000000002,69.6,72.0,72.4,73.5,75.20000000000002,76.80000000000001,77.6,79.70000000000002,80.30000000000001,80.9,81.6,83.9,86.30000000000001,86.70000000000002,86.80000000000001,86.80000000000001,87.0,89.4,89.6,89.80000000000001,92.5,96.0,99.20000000000002,108.80000000000001,111.9,112.30000000000001,116.80000000000001,120.0,126.6,141.70000000000002,151.1,168.20000000000002,167.79999999999998,164.49999999999997,163.6,156.4,145.4,145.29999999999998,144.29999999999998,144.29999999999998,142.49999999999997,139.6,135.70000000000002,134.79999999999998,132.29999999999998,121.20000000000002,120.20000000000002,120.1,119.1,118.29999999999998,118.1,116.79999999999998,115.49999999999997,114.49999999999997,105.29999999999998,104.79999999999998,104.70000000000002,104.20000000000002,104.1,104.0,103.5,102.60000000000002,102.5,102.5,101.70000000000005,100.60000000000002,100.10000000000002,99.79999999999995,99.70000000000005,98.79999999999995,94.20000000000005,90.0,86.5,83.10000000000002,81.79999999999995,81.5,79.79999999999995,79.29999999999995,72.60000000000002
golden brown color,77.0,76.4,75.7,75.60000000000001,75.5,74.10000000000001,73.80000000000001,71.5,70.4,69.7,67.7,66.80000000000001,66.30000000000001,65.80000000000001,64.9,64.60000000000001,64.0,58.300000000000004,57.10000000000001,56.2,55.10000000000001,53.50000000000001,52.400000000000006,51.2,51.10000000000001,50.800000000000004,48.900000000000006,47.7,46.900000000000006,46.10000000000001,45.10000000000001,44.7,38.800000000000004,38.300000000000004,37.800000000000004,37.60000000000001,37.10000000000001,36.10000000000001,35.400000000000006,35.10000000000001,34.7,34.300000000000004,34.2,33.7,33.7,32.50000000000001,31.10000000000001,31.000000000000007,30.900000000000006,29.500000000000007,29.400000000000006,27.900000000000006,27.700000000000003,27.500000000000007,23.10000000000001,22.200000000000003,21.000000000000007,20.60000000000001,18.700000000000003,18.10000000000001,16.700000000000003,15.500000000000007,15.000000000000007,14.700000000000003,14.700000000000003,13.400000000000006,13.0,11.400000000000006,11.100000000000009,7.700000000000003,5.300000000000011,0.0,1.5,3.5,4.299999999999997,4.3999999999999915,4.8999999999999915,6.199999999999989,7.8999999999999915,9.299999999999997,9.5,9.599999999999994,10.199999999999989,11.199999999999989,11.299999999999997,11.799999999999997,11.799999999999997,14.5,18.599999999999994,33.0,36.5,37.3,37.5,38.89999999999999,39.39999999999999,39.599999999999994,41.5,45.19999999999999,45.39999999999999,47.599999999999994,48.3,49.19999999999999,50.0,51.400000000000006,51.900000000000006,52.0,53.0,53.099999999999994,53.69999999999999,53.900000000000006,57.900000000000006,58.599999999999994,59.599999999999994,60.400000000000006,61.69999999999999,62.900000000000006,64.29999999999998,66.69999999999999,67.1,68.19999999999999,69.9,71.5,72.29999999999998,74.4,75.0,75.6,76.29999999999998,78.6,81.0,81.4,81.5,81.5,81.69999999999999,84.1,84.29999999999998,84.5,87.19999999999999,90.69999999999999,93.9,103.5,106.6,107.0,111.5,114.69999999999999,121.29999999999998,136.4,145.79999999999998,173.50000000000003,173.1,169.79999999999998,168.9,161.70000000000002,150.70000000000002,150.6,149.6,149.6,147.79999999999998,144.9,141.00000000000003,140.1,137.6,126.50000000000003,125.50000000000003,125.4,124.4,123.6,123.4,122.1,120.79999999999998,119.79999999999998,110.6,110.1,110.00000000000003,109.50000000000003,109.4,109.29999999999998,108.79999999999998,107.9,107.79999999999998,107.79999999999998,107.00000000000003,105.9,105.4,105.1,105.00000000000003,104.1,99.5,95.29999999999995,91.79999999999995,88.39999999999998,87.10000000000002,86.79999999999995,85.10000000000002,84.60000000000002,77.89999999999998
dark tan color,78.5,77.9,77.2,77.10000000000001,77.0,75.60000000000001,75.30000000000001,73.0,71.9,71.2,69.2,68.30000000000001,67.80000000000001,67.30000000000001,66.4,66.10000000000001,65.5,59.800000000000004,58.60000000000001,57.7,56.60000000000001,55.00000000000001,53.900000000000006,52.7,52.60000000000001,52.300000000000004,50.400000000000006,49.2,48.400000000000006,47.60000000000001,46.60000000000001,46.2,40.300000000000004,39.800000000000004,39.300000000000004,39.10000000000001,38.60000000000001,37.60000000000001,36.900000000000006,36.60000000000001,36.2,35.800000000000004,35.7,35.2,35.2,34.00000000000001,32.60000000000001,32.50000000000001,32.400000000000006,31.000000000000007,30.900000000000006,29.400000000000006,29.200000000000003,29.000000000000007,24.60000000000001,23.700000000000003,22.500000000000007,22.10000000000001,20.200000000000003,19.60000000000001,18.200000000000003,17.000000000000007,16.500000000000007,16.200000000000003,16.200000000000003,14.900000000000006,14.5,12.900000000000006,12.600000000000009,9.200000000000003,6.800000000000011,1.5,0.0,2.0,2.799999999999997,2.8999999999999915,3.3999999999999915,4.699999999999989,6.3999999999999915,7.799999999999997,8.0,8.099999999999994,8.699999999999989,9.699999999999989,9.799999999999997,10.299999999999997,10.299999999999997,13.0,17.099999999999994,31.5,35.0,35.8,36.0,37.39999999999999,37.89999999999999,38.099999999999994,40.0,43.69999999999999,43.89999999999999,46.099999999999994,46.8,47.69999999999999,48.5,49.900000000000006,50.400000000000006,50.5,51.5,51.599999999999994,52.19999999999999,52.400000000000006,56.400000000000006,57.099999999999994,58.099999999999994,58.900000000000006,60.19999999999999,61.400000000000006,62.79999999999998,65.19999999999999,65.6,66.69999999999999,68.4,70.0,70.79999999999998,72.9,73.5,74.1,74.79999999999998,77.1,79.5,79.9,80.0,80.0,80.19999999999999,82.6,82.79999999999998,83.0,85.69999999999999,89.19999999999999,92.4,102.0,105.1,105.5,110.0,113.19999999999999,119.79999999999998,134.9,144.29999999999998,175.00000000000003,174.6,171.29999999999998,170.4,163.20000000000002,152.20000000000002,152.1,151.1,151.1,149.29999999999998,146.4,142.50000000000003,141.6,139.1,128.00000000000003,127.00000000000003,126.9,125.9,125.1,124.9,123.6,122.29999999999998,121.29999999999998,112.1,111.6,111.50000000000003,111.00000000000003,110.9,110.79999999999998,110.29999999999998,109.4,109.29999999999998,109.29999999999998,108.50000000000003,107.4,106.9,106.6,106.50000000000003,105.6,101.0,96.79999999999995,93.29999999999995,89.89999999999998,88.60000000000002,88.29999999999995,86.60000000000002,86.10000000000002,79.39999999999998
bronze color,80.5,79.9,79.2,79.10000000000001,79.0,77.60000000000001,77.30000000000001,75.0,73.9,73.2,71.2,70.30000000000001,69.80000000000001,69.30000000000001,68.4,68.10000000000001,67.5,61.800000000000004,60.60000000000001,59.7,58.60000000000001,57.00000000000001,55.900000000000006,54.7,54.60000000000001,54.300000000000004,52.400000000000006,51.2,50.400000000000006,49.60000000000001,48.60000000000001,48.2,42.300000000000004,41.800000000000004,41.300000000000004,41.10000000000001,40.60000000000001,39.60000000000001,38.900000000000006,38.60000000000001,38.2,37.800000000000004,37.7,37.2,37.2,36.00000000000001,34.60000000000001,34.50000000000001,34.400000000000006,33.00000000000001,32.900000000000006,31.400000000000006,31.200000000000003,31.000000000000007,26.60000000000001,25.700000000000003,24.500000000000007,24.10000000000001,22.200000000000003,21.60000000000001,20.200000000000003,19.000000000000007,18.500000000000007,18.200000000000003,18.200000000000003,16.900000000000006,16.5,14.900000000000006,14.600000000000009,11.200000000000003,8.800000000000011,3.5,2.0,0.0,0.7999999999999972,0.8999999999999915,1.3999999999999915,2.6999999999999886,4.3999999999999915,5.799999999999997,6.0,6.099999999999994,6.699999999999989,7.699999999999989,7.799999999999997,8.299999999999997,8.299999999999997,11.0,15.099999999999994,29.5,33.0,33.8,34.0,35.39999999999999,35.89999999999999,36.099999999999994,38.0,41.69999999999999,41.89999999999999,44.099999999999994,44.8,45.69999999999999,46.5,47.900000000000006,48.400000000000006,48.5,49.5,49.599999999999994,50.19999999999999,50.400000000000006,54.400000000000006,55.099999999999994,56.099999999999994,56.900000000000006,58.19999999999999,59.400000000000006,60.79999999999998,63.19999999999999,63.599999999999994,64.69999999999999,66.4,68.0,68.79999999999998,70.9,71.5,72.1,72.79999999999998,75.1,77.5,77.9,78.0,78.0,78.19999999999999,80.6,80.79999999999998,81.0,83.69999999999999,87.19999999999999,90.4,100.0,103.1,103.5,108.0,111.19999999999999,117.79999999999998,132.9,142.29999999999998,177.00000000000003,176.6,173.29999999999998,172.4,165.20000000000002,154.20000000000002,154.1,153.1,153.1,151.29999999999998,148.4,144.50000000000003,143.6,141.1,130.00000000000003,129.00000000000003,128.9,127.9,127.1,126.9,125.6,124.29999999999998,123.29999999999998,114.1,113.6,113.50000000000003,113.00000000000003,112.9,112.79999999999998,112.29999999999998,111.4,111.29999999999998,111.29999999999998,110.50000000000003,109.4,108.9,108.6,108.50000000000003,107.6,103.0,98.79999999999995,95.29999999999995,91.89999999999998,90.60000000000002,90.29999999999995,88.60000000000002,88.10000000000002,81.39999999999998
camel color,81.3,80.7,80.0,79.9,79.8,78.4,78.10000000000001,75.8,74.7,74.0,72.0,71.10000000000001,70.60000000000001,70.10000000000001,69.2,68.9,68.3,62.6,61.400000000000006,60.5,59.400000000000006,57.800000000000004,56.7,55.5,55.400000000000006,55.1,53.2,52.0,51.2,50.400000000000006,49.400000000000006,49.0,43.1,42.6,42.1,41.900000000000006,41.400000000000006,40.400000000000006,39.7,39.400000000000006,39.0,38.6,38.5,38.0,38.0,36.800000000000004,35.400000000000006,35.300000000000004,35.2,33.800000000000004,33.7,32.2,32.0,31.800000000000004,27.400000000000006,26.5,25.300000000000004,24.900000000000006,23.0,22.400000000000006,21.0,19.800000000000004,19.300000000000004,19.0,19.0,17.700000000000003,17.299999999999997,15.700000000000003,15.400000000000006,12.0,9.600000000000009,4.299999999999997,2.799999999999997,0.7999999999999972,0.0,0.09999999999999432,0.5999999999999943,1.8999999999999915,3.5999999999999943,5.0,5.200000000000003,5.299999999999997,5.8999999999999915,6.8999999999999915,7.0,7.5,7.5,10.200000000000003,14.299999999999997,28.700000000000003,32.2,33.0,33.2,34.599999999999994,35.099999999999994,35.3,37.2,40.89999999999999,41.099999999999994,43.3,44.0,44.89999999999999,45.7,47.10000000000001,47.60000000000001,47.7,48.7,48.8,49.39999999999999,49.60000000000001,53.60000000000001,54.3,55.3,56.10000000000001,57.39999999999999,58.60000000000001,59.999999999999986,62.39999999999999,62.8,63.89999999999999,65.60000000000001,67.2,67.99999999999999,70.10000000000001,70.7,71.3,71.99999999999999,74.3,76.7,77.10000000000001,77.2,77.2,77.39999999999999,79.8,79.99999999999999,80.2,82.89999999999999,86.39999999999999,89.60000000000001,99.2,102.3,102.7,107.2,110.39999999999999,116.99999999999999,132.10000000000002,141.5,177.8,177.39999999999998,174.09999999999997,173.2,166.0,155.0,154.89999999999998,153.89999999999998,153.89999999999998,152.09999999999997,149.2,145.3,144.39999999999998,141.89999999999998,130.8,129.8,129.7,128.7,127.89999999999998,127.69999999999999,126.39999999999998,125.09999999999997,124.09999999999997,114.89999999999998,114.39999999999998,114.30000000000001,113.80000000000001,113.69999999999999,113.59999999999997,113.09999999999997,112.19999999999999,112.09999999999997,112.09999999999997,111.30000000000001,110.19999999999999,109.69999999999999,109.39999999999998,109.30000000000001,108.39999999999998,103.80000000000001,99.59999999999997,96.09999999999997,92.69999999999999,91.39999999999998,91.09999999999997,89.39999999999998,88.89999999999998,82.19999999999999
mustard brown color,81.39999999999999,80.8,80.1,80.0,79.89999999999999,78.5,78.2,75.89999999999999,74.8,74.1,72.1,71.2,70.7,70.2,69.3,69.0,68.39999999999999,62.699999999999996,61.5,60.599999999999994,59.5,57.9,56.8,55.599999999999994,55.5,55.199999999999996,53.3,52.099999999999994,51.3,50.5,49.5,49.099999999999994,43.199999999999996,42.699999999999996,42.199999999999996,42.0,41.5,40.5,39.8,39.5,39.099999999999994,38.699999999999996,38.599999999999994,38.099999999999994,38.099999999999994,36.9,35.5,35.4,35.3,33.9,33.8,32.3,32.099999999999994,31.9,27.5,26.599999999999994,25.4,25.0,23.099999999999994,22.5,21.099999999999994,19.9,19.4,19.099999999999994,19.099999999999994,17.799999999999997,17.39999999999999,15.799999999999997,15.5,12.099999999999994,9.700000000000003,4.3999999999999915,2.8999999999999915,0.8999999999999915,0.09999999999999432,0.0,0.5,1.7999999999999972,3.5,4.900000000000006,5.1000000000000085,5.200000000000003,5.799999999999997,6.799999999999997,6.900000000000006,7.400000000000006,7.400000000000006,10.100000000000009,14.200000000000003,28.60000000000001,32.10000000000001,32.900000000000006,33.10000000000001,34.5,35.0,35.2,37.10000000000001,40.8,41.0,43.2,43.900000000000006,44.8,45.60000000000001,47.000000000000014,47.500000000000014,47.60000000000001,48.60000000000001,48.7,49.3,49.500000000000014,53.500000000000014,54.2,55.2,56.000000000000014,57.3,58.500000000000014,59.89999999999999,62.3,62.7,63.8,65.50000000000001,67.10000000000001,67.89999999999999,70.00000000000001,70.60000000000001,71.2,71.89999999999999,74.2,76.60000000000001,77.00000000000001,77.10000000000001,77.10000000000001,77.3,79.7,79.89999999999999,80.10000000000001,82.8,86.3,89.50000000000001,99.10000000000001,102.2,102.60000000000001,107.10000000000001,110.3,116.89999999999999,132.0,141.39999999999998,177.90000000000003,177.5,174.2,173.3,166.10000000000002,155.10000000000002,155.0,154.0,154.0,152.2,149.3,145.40000000000003,144.5,142.0,130.90000000000003,129.90000000000003,129.8,128.8,128.0,127.80000000000001,126.5,125.19999999999999,124.19999999999999,115.0,114.5,114.40000000000003,113.90000000000003,113.80000000000001,113.69999999999999,113.19999999999999,112.30000000000001,112.19999999999999,112.19999999999999,111.40000000000003,110.30000000000001,109.80000000000001,109.5,109.40000000000003,108.5,103.90000000000003,99.69999999999999,96.19999999999999,92.80000000000001,91.5,91.19999999999999,89.5,89.0,82.30000000000001
sand brown color,81.89999999999999,81.3,80.6,80.5,80.39999999999999,79.0,78.7,76.39999999999999,75.3,74.6,72.6,71.7,71.2,70.7,69.8,69.5,68.89999999999999,63.199999999999996,62.0,61.099999999999994,60.0,58.4,57.3,56.099999999999994,56.0,55.699999999999996,53.8,52.599999999999994,51.8,51.0,50.0,49.599999999999994,43.699999999999996,43.199999999999996,42.699999999999996,42.5,42.0,41.0,40.3,40.0,39.599999999999994,39.199999999999996,39.099999999999994,38.599999999999994,38.599999999999994,37.4,36.0,35.9,35.8,34.4,34.3,32.8,32.599999999999994,32.4,28.0,27.099999999999994,25.9,25.5,23.599999999999994,23.0,21.599999999999994,20.4,19.9,19.599999999999994,19.599999999999994,18.299999999999997,17.89999999999999,16.299999999999997,16.0,12.599999999999994,10.200000000000003,4.8999999999999915,3.3999999999999915,1.3999999999999915,0.5999999999999943,0.5,0.0,1.2999999999999972,3.0,4.400000000000006,4.6000000000000085,4.700000000000003,5.299999999999997,6.299999999999997,6.400000000000006,6.900000000000006,6.900000000000006,9.600000000000009,13.700000000000003,28.10000000000001,31.60000000000001,32.400000000000006,32.60000000000001,34.0,34.5,34.7,36.60000000000001,40.3,40.5,42.7,43.400000000000006,44.3,45.10000000000001,46.500000000000014,47.000000000000014,47.10000000000001,48.10000000000001,48.2,48.8,49.000000000000014,53.000000000000014,53.7,54.7,55.500000000000014,56.8,58.000000000000014,59.39999999999999,61.8,62.2,63.3,65.00000000000001,66.60000000000001,67.39999999999999,69.50000000000001,70.10000000000001,70.7,71.39999999999999,73.7,76.10000000000001,76.50000000000001,76.60000000000001,76.60000000000001,76.8,79.2,79.39999999999999,79.60000000000001,82.3,85.8,89.00000000000001,98.60000000000001,101.7,102.10000000000001,106.60000000000001,109.8,116.39999999999999,131.5,140.89999999999998,178.40000000000003,178.0,174.7,173.8,166.60000000000002,155.60000000000002,155.5,154.5,154.5,152.7,149.8,145.90000000000003,145.0,142.5,131.40000000000003,130.40000000000003,130.3,129.3,128.5,128.3,127.0,125.69999999999999,124.69999999999999,115.5,115.0,114.90000000000003,114.40000000000003,114.30000000000001,114.19999999999999,113.69999999999999,112.80000000000001,112.69999999999999,112.69999999999999,111.90000000000003,110.80000000000001,110.30000000000001,110.0,109.90000000000003,109.0,104.40000000000003,100.19999999999999,96.69999999999999,93.30000000000001,92.0,91.69999999999999,90.0,89.5,82.80000000000001
ochre color,83.19999999999999,82.6,81.89999999999999,81.8,81.69999999999999,80.3,80.0,77.69999999999999,76.6,75.89999999999999,73.89999999999999,73.0,72.5,72.0,71.1,70.8,70.19999999999999,64.5,63.3,62.39999999999999,61.3,59.699999999999996,58.599999999999994,57.39999999999999,57.3,56.99999999999999,55.099999999999994,53.89999999999999,53.099999999999994,52.3,51.3,50.89999999999999,44.99999999999999,44.49999999999999,43.99999999999999,43.8,43.3,42.3,41.599999999999994,41.3,40.89999999999999,40.49999999999999,40.39999999999999,39.89999999999999,39.89999999999999,38.699999999999996,37.3,37.199999999999996,37.099999999999994,35.699999999999996,35.599999999999994,34.099999999999994,33.89999999999999,33.699999999999996,29.299999999999997,28.39999999999999,27.199999999999996,26.799999999999997,24.89999999999999,24.299999999999997,22.89999999999999,21.699999999999996,21.199999999999996,20.89999999999999,20.89999999999999,19.599999999999994,19.19999999999999,17.599999999999994,17.299999999999997,13.899999999999991,11.5,6.199999999999989,4.699999999999989,2.6999999999999886,1.8999999999999915,1.7999999999999972,1.2999999999999972,0.0,1.7000000000000028,3.1000000000000085,3.3000000000000114,3.4000000000000057,4.0,5.0,5.1000000000000085,5.6000000000000085,5.6000000000000085,8.300000000000011,12.400000000000006,26.80000000000001,30.30000000000001,31.10000000000001,31.30000000000001,32.7,33.2,33.400000000000006,35.30000000000001,39.0,39.2,41.400000000000006,42.10000000000001,43.0,43.80000000000001,45.20000000000002,45.70000000000002,45.80000000000001,46.80000000000001,46.900000000000006,47.5,47.70000000000002,51.70000000000002,52.400000000000006,53.400000000000006,54.20000000000002,55.5,56.70000000000002,58.099999999999994,60.5,60.900000000000006,62.0,63.70000000000002,65.30000000000001,66.1,68.20000000000002,68.80000000000001,69.4,70.1,72.4,74.80000000000001,75.20000000000002,75.30000000000001,75.30000000000001,75.5,77.9,78.1,78.30000000000001,81.0,84.5,87.70000000000002,97.30000000000001,100.4,100.80000000000001,105.30000000000001,108.5,115.1,130.20000000000002,139.6,179.70000000000002,179.29999999999998,175.99999999999997,175.1,167.9,156.9,156.79999999999998,155.79999999999998,155.79999999999998,153.99999999999997,151.1,147.20000000000002,146.29999999999998,143.79999999999998,132.70000000000002,131.70000000000002,131.6,130.6,129.79999999999998,129.6,128.29999999999998,126.99999999999997,125.99999999999997,116.79999999999998,116.29999999999998,116.20000000000002,115.70000000000002,115.6,115.49999999999997,114.99999999999997,114.1,113.99999999999997,113.99999999999997,113.20000000000002,112.1,111.6,111.29999999999998,111.20000000000002,110.29999999999998,105.70000000000002,101.5,98.0,94.60000000000002,93.29999999999995,93.0,91.29999999999995,90.79999999999995,84.10000000000002
yellow ochre color,84.89999999999999,84.3,83.6,83.5,83.39999999999999,82.0,81.7,79.39999999999999,78.3,77.6,75.6,74.7,74.2,73.7,72.8,72.5,71.89999999999999,66.19999999999999,65.0,64.1,63.0,61.4,60.3,59.099999999999994,59.0,58.699999999999996,56.8,55.599999999999994,54.8,54.0,53.0,52.599999999999994,46.699999999999996,46.199999999999996,45.699999999999996,45.5,45.0,44.0,43.3,43.0,42.599999999999994,42.199999999999996,42.099999999999994,41.599999999999994,41.599999999999994,40.4,39.0,38.9,38.8,37.4,37.3,35.8,35.599999999999994,35.4,31.0,30.099999999999994,28.9,28.5,26.599999999999994,26.0,24.599999999999994,23.4,22.9,22.599999999999994,22.599999999999994,21.299999999999997,20.89999999999999,19.299999999999997,19.0,15.599999999999994,13.200000000000003,7.8999999999999915,6.3999999999999915,4.3999999999999915,3.5999999999999943,3.5,3.0,1.7000000000000028,0.0,1.4000000000000057,1.6000000000000085,1.7000000000000028,2.299999999999997,3.299999999999997,3.4000000000000057,3.9000000000000057,3.9000000000000057,6.6000000000000085,10.700000000000003,25.10000000000001,28.60000000000001,29.400000000000006,29.60000000000001,31.0,31.5,31.700000000000003,33.60000000000001,37.3,37.5,39.7,40.400000000000006,41.3,42.10000000000001,43.500000000000014,44.000000000000014,44.10000000000001,45.10000000000001,45.2,45.8,46.000000000000014,50.000000000000014,50.7,51.7,52.500000000000014,53.8,55.000000000000014,56.39999999999999,58.8,59.2,60.3,62.000000000000014,63.60000000000001,64.39999999999999,66.50000000000001,67.10000000000001,67.7,68.39999999999999,70.7,73.10000000000001,73.50000000000001,73.60000000000001,73.60000000000001,73.8,76.2,76.39999999999999,76.60000000000001,79.3,82.8,86.00000000000001,95.60000000000001,98.7,99.10000000000001,103.60000000000001,106.8,113.39999999999999,128.5,137.89999999999998,178.59999999999997,179.0,177.7,176.8,169.60000000000002,158.60000000000002,158.5,157.5,157.5,155.7,152.8,148.90000000000003,148.0,145.5,134.40000000000003,133.40000000000003,133.3,132.3,131.5,131.3,130.0,128.7,127.69999999999999,118.5,118.0,117.90000000000003,117.40000000000003,117.30000000000001,117.19999999999999,116.69999999999999,115.80000000000001,115.69999999999999,115.69999999999999,114.90000000000003,113.80000000000001,113.30000000000001,113.0,112.90000000000003,112.0,107.40000000000003,103.19999999999999,99.69999999999999,96.30000000000001,95.0,94.69999999999999,93.0,92.5,85.80000000000001
ocre color,86.3,85.7,85.0,84.9,84.8,83.4,83.10000000000001,80.8,79.7,79.0,77.0,76.10000000000001,75.60000000000001,75.10000000000001,74.2,73.9,73.3,67.6,66.4,65.5,64.4,62.800000000000004,61.7,60.5,60.400000000000006,60.1,58.2,57.0,56.2,55.400000000000006,54.400000000000006,54.0,48.1,47.6,47.1,46.900000000000006,46.400000000000006,45.400000000000006,44.7,44.400000000000006,44.0,43.6,43.5,43.0,43.0,41.800000000000004,40.400000000000006,40.300000000000004,40.2,38.800000000000004,38.7,37.2,37.0,36.800000000000004,32.400000000000006,31.5,30.300000000000004,29.900000000000006,28.0,27.400000000000006,26.0,24.800000000000004,24.300000000000004,24.0,24.0,22.700000000000003,22.299999999999997,20.700000000000003,20.400000000000006,17.0,14.600000000000009,9.299999999999997,7.799999999999997,5.799999999999997,5.0,4.900000000000006,4.400000000000006,3.1000000000000085,1.4000000000000057,0.0,0.20000000000000284,0.29999999999999716,0.8999999999999915,1.8999999999999915,2.0,2.5,2.5,5.200000000000003,9.299999999999997,23.700000000000003,27.200000000000003,28.0,28.200000000000003,29.599999999999994,30.099999999999994,30.299999999999997,32.2,35.89999999999999,36.099999999999994,38.3,39.0,39.89999999999999,40.7,42.10000000000001,42.60000000000001,42.7,43.7,43.8,44.39999999999999,44.60000000000001,48.60000000000001,49.3,50.3,51.10000000000001,52.39999999999999,53.60000000000001,54.999999999999986,57.39999999999999,57.8,58.89999999999999,60.60000000000001,62.2,62.999999999999986,65.10000000000001,65.7,66.3,66.99999999999999,69.3,71.7,72.10000000000001,72.2,72.2,72.39999999999999,74.8,74.99999999999999,75.2,77.89999999999999,81.39999999999999,84.60000000000001,94.2,97.3,97.7,102.2,105.39999999999999,111.99999999999999,127.10000000000001,136.5,177.2,177.60000000000002,179.09999999999997,178.2,171.0,160.0,159.89999999999998,158.89999999999998,158.89999999999998,157.09999999999997,154.2,150.3,149.39999999999998,146.89999999999998,135.8,134.8,134.7,133.7,132.89999999999998,132.7,131.39999999999998,130.09999999999997,129.09999999999997,119.89999999999998,119.39999999999998,119.30000000000001,118.80000000000001,118.69999999999999,118.59999999999997,118.09999999999997,117.19999999999999,117.09999999999997,117.09999999999997,116.30000000000001,115.19999999999999,114.69999999999999,114.39999999999998,114.30000000000001,113.39999999999998,108.80000000000001,104.59999999999997,101.09999999999997,97.69999999999999,96.39999999999998,96.09999999999997,94.39999999999998,93.89999999999998,87.19999999999999
sandy brown color,86.5,85.9,85.2,85.10000000000001,85.0,83.60000000000001,83.30000000000001,81.0,79.9,79.2,77.2,76.30000000000001,75.80000000000001,75.30000000000001,74.4,74.10000000000001,73.5,67.80000000000001,66.60000000000001,65.7,64.60000000000001,63.00000000000001,61.900000000000006,60.7,60.60000000000001,60.300000000000004,58.400000000000006,57.2,56.400000000000006,55.60000000000001,54.60000000000001,54.2,48.300000000000004,47.800000000000004,47.300000000000004,47.10000000000001,46.60000000000001,45.60000000000001,44.900000000000006,44.60000000000001,44.2,43.800000000000004,43.7,43.2,43.2,42.00000000000001,40.60000000000001,40.50000000000001,40.400000000000006,39.00000000000001,38.900000000000006,37.400000000000006,37.2,37.00000000000001,32.60000000000001,31.700000000000003,30.500000000000007,30.10000000000001,28.200000000000003,27.60000000000001,26.200000000000003,25.000000000000007,24.500000000000007,24.200000000000003,24.200000000000003,22.900000000000006,22.5,20.900000000000006,20.60000000000001,17.200000000000003,14.800000000000011,9.5,8.0,6.0,5.200000000000003,5.1000000000000085,4.6000000000000085,3.3000000000000114,1.6000000000000085,0.20000000000000284,0.0,0.09999999999999432,0.6999999999999886,1.6999999999999886,1.7999999999999972,2.299999999999997,2.299999999999997,5.0,9.099999999999994,23.5,27.0,27.799999999999997,28.0,29.39999999999999,29.89999999999999,30.099999999999994,32.0,35.69999999999999,35.89999999999999,38.099999999999994,38.8,39.69999999999999,40.5,41.900000000000006,42.400000000000006,42.5,43.5,43.599999999999994,44.19999999999999,44.400000000000006,48.400000000000006,49.099999999999994,50.099999999999994,50.900000000000006,52.19999999999999,53.400000000000006,54.79999999999998,57.19999999999999,57.599999999999994,58.69999999999999,60.400000000000006,62.0,62.79999999999998,64.9,65.5,66.1,66.79999999999998,69.1,71.5,71.9,72.0,72.0,72.19999999999999,74.6,74.79999999999998,75.0,77.69999999999999,81.19999999999999,84.4,94.0,97.1,97.5,102.0,105.19999999999999,111.79999999999998,126.9,136.29999999999998,176.99999999999997,177.4,179.29999999999998,178.4,171.20000000000002,160.20000000000002,160.1,159.1,159.1,157.29999999999998,154.4,150.50000000000003,149.6,147.1,136.00000000000003,135.00000000000003,134.9,133.9,133.1,132.9,131.6,130.29999999999998,129.29999999999998,120.1,119.6,119.50000000000003,119.00000000000003,118.9,118.79999999999998,118.29999999999998,117.4,117.29999999999998,117.29999999999998,116.50000000000003,115.4,114.9,114.6,114.50000000000003,113.6,109.00000000000003,104.79999999999998,101.29999999999995,97.89999999999998,96.60000000000002,96.29999999999995,94.60000000000002,94.10000000000002,87.39999999999998
yellowish brown color,86.6,86.0,85.3,85.2,85.1,83.7,83.4,81.1,80.0,79.3,77.3,76.4,75.9,75.4,74.5,74.2,73.6,67.9,66.7,65.8,64.7,63.1,62.0,60.8,60.7,60.4,58.5,57.3,56.5,55.7,54.7,54.3,48.4,47.9,47.4,47.2,46.7,45.7,45.0,44.7,44.3,43.9,43.8,43.3,43.3,42.1,40.7,40.6,40.5,39.1,39.0,37.5,37.3,37.1,32.7,31.799999999999997,30.6,30.200000000000003,28.299999999999997,27.700000000000003,26.299999999999997,25.1,24.6,24.299999999999997,24.299999999999997,23.0,22.599999999999994,21.0,20.700000000000003,17.299999999999997,14.900000000000006,9.599999999999994,8.099999999999994,6.099999999999994,5.299999999999997,5.200000000000003,4.700000000000003,3.4000000000000057,1.7000000000000028,0.29999999999999716,0.09999999999999432,0.0,0.5999999999999943,1.5999999999999943,1.7000000000000028,2.200000000000003,2.200000000000003,4.900000000000006,9.0,23.400000000000006,26.900000000000006,27.700000000000003,27.900000000000006,29.299999999999997,29.799999999999997,30.0,31.900000000000006,35.599999999999994,35.8,38.0,38.7,39.599999999999994,40.400000000000006,41.80000000000001,42.30000000000001,42.400000000000006,43.400000000000006,43.5,44.099999999999994,44.30000000000001,48.30000000000001,49.0,50.0,50.80000000000001,52.099999999999994,53.30000000000001,54.69999999999999,57.099999999999994,57.5,58.599999999999994,60.30000000000001,61.900000000000006,62.69999999999999,64.80000000000001,65.4,66.0,66.69999999999999,69.0,71.4,71.80000000000001,71.9,71.9,72.1,74.5,74.69999999999999,74.9,77.6,81.1,84.30000000000001,93.9,97.0,97.4,101.9,105.1,111.69999999999999,126.80000000000001,136.2,176.89999999999998,177.3,179.39999999999998,178.5,171.3,160.3,160.2,159.2,159.2,157.39999999999998,154.5,150.60000000000002,149.7,147.2,136.10000000000002,135.10000000000002,135.0,134.0,133.2,133.0,131.7,130.39999999999998,129.39999999999998,120.19999999999999,119.69999999999999,119.60000000000002,119.10000000000002,119.0,118.89999999999998,118.39999999999998,117.5,117.39999999999998,117.39999999999998,116.60000000000002,115.5,115.0,114.69999999999999,114.60000000000002,113.69999999999999,109.10000000000002,104.89999999999998,101.39999999999998,98.0,96.69999999999999,96.39999999999998,94.69999999999999,94.19999999999999,87.5
yellowy brown color,87.19999999999999,86.6,85.89999999999999,85.8,85.69999999999999,84.3,84.0,81.69999999999999,80.6,79.89999999999999,77.89999999999999,77.0,76.5,76.0,75.1,74.8,74.19999999999999,68.5,67.3,66.39999999999999,65.3,63.699999999999996,62.599999999999994,61.39999999999999,61.3,60.99999999999999,59.099999999999994,57.89999999999999,57.099999999999994,56.3,55.3,54.89999999999999,48.99999999999999,48.49999999999999,47.99999999999999,47.8,47.3,46.3,45.599999999999994,45.3,44.89999999999999,44.49999999999999,44.39999999999999,43.89999999999999,43.89999999999999,42.699999999999996,41.3,41.199999999999996,41.099999999999994,39.699999999999996,39.599999999999994,38.099999999999994,37.89999999999999,37.699999999999996,33.3,32.39999999999999,31.199999999999996,30.799999999999997,28.89999999999999,28.299999999999997,26.89999999999999,25.699999999999996,25.199999999999996,24.89999999999999,24.89999999999999,23.599999999999994,23.19999999999999,21.599999999999994,21.299999999999997,17.89999999999999,15.5,10.199999999999989,8.699999999999989,6.699999999999989,5.8999999999999915,5.799999999999997,5.299999999999997,4.0,2.299999999999997,0.8999999999999915,0.6999999999999886,0.5999999999999943,0.0,1.0,1.1000000000000085,1.6000000000000085,1.6000000000000085,4.300000000000011,8.400000000000006,22.80000000000001,26.30000000000001,27.10000000000001,27.30000000000001,28.700000000000003,29.200000000000003,29.400000000000006,31.30000000000001,35.0,35.2,37.400000000000006,38.10000000000001,39.0,39.80000000000001,41.20000000000002,41.70000000000002,41.80000000000001,42.80000000000001,42.900000000000006,43.5,43.70000000000002,47.70000000000002,48.400000000000006,49.400000000000006,50.20000000000002,51.5,52.70000000000002,54.099999999999994,56.5,56.900000000000006,58.0,59.70000000000002,61.30000000000001,62.099999999999994,64.20000000000002,64.80000000000001,65.4,66.1,68.4,70.80000000000001,71.20000000000002,71.30000000000001,71.30000000000001,71.5,73.9,74.1,74.30000000000001,77.0,80.5,83.70000000000002,93.30000000000001,96.4,96.80000000000001,101.30000000000001,104.5,111.1,126.20000000000002,135.6,176.29999999999998,176.70000000000002,179.99999999999997,179.1,171.9,160.9,160.79999999999998,159.79999999999998,159.79999999999998,157.99999999999997,155.1,151.20000000000002,150.29999999999998,147.79999999999998,136.70000000000002,135.70000000000002,135.6,134.6,133.79999999999998,133.6,132.29999999999998,130.99999999999997,129.99999999999997,120.79999999999998,120.29999999999998,120.20000000000002,119.70000000000002,119.6,119.49999999999997,118.99999999999997,118.1,117.99999999999997,117.99999999999997,117.20000000000002,116.1,115.6,115.29999999999998,115.20000000000002,114.29999999999998,109.70000000000002,105.49999999999997,102.0,98.60000000000002,97.29999999999995,97.0,95.29999999999995,94.79999999999995,88.10000000000002
yellow brown color,88.19999999999999,87.6,86.89999999999999,86.8,86.69999999999999,85.3,85.0,82.69999999999999,81.6,80.89999999999999,78.89999999999999,78.0,77.5,77.0,76.1,75.8,75.19999999999999,69.5,68.3,67.39999999999999,66.3,64.69999999999999,63.599999999999994,62.39999999999999,62.3,61.99999999999999,60.099999999999994,58.89999999999999,58.099999999999994,57.3,56.3,55.89999999999999,49.99999999999999,49.49999999999999,48.99999999999999,48.8,48.3,47.3,46.599999999999994,46.3,45.89999999999999,45.49999999999999,45.39999999999999,44.89999999999999,44.89999999999999,43.699999999999996,42.3,42.199999999999996,42.099999999999994,40.699999999999996,40.599999999999994,39.099999999999994,38.89999999999999,38.699999999999996,34.3,33.39999999999999,32.199999999999996,31.799999999999997,29.89999999999999,29.299999999999997,27.89999999999999,26.699999999999996,26.199999999999996,25.89999999999999,25.89999999999999,24.599999999999994,24.19999999999999,22.599999999999994,22.299999999999997,18.89999999999999,16.5,11.199999999999989,9.699999999999989,7.699999999999989,6.8999999999999915,6.799999999999997,6.299999999999997,5.0,3.299999999999997,1.8999999999999915,1.6999999999999886,1.5999999999999943,1.0,0.0,0.10000000000000853,0.6000000000000085,0.6000000000000085,3.3000000000000114,7.400000000000006,21.80000000000001,25.30000000000001,26.10000000000001,26.30000000000001,27.700000000000003,28.200000000000003,28.400000000000006,30.30000000000001,34.0,34.2,36.400000000000006,37.10000000000001,38.0,38.80000000000001,40.20000000000002,40.70000000000002,40.80000000000001,41.80000000000001,41.900000000000006,42.5,42.70000000000002,46.70000000000002,47.400000000000006,48.400000000000006,49.20000000000002,50.5,51.70000000000002,53.099999999999994,55.5,55.900000000000006,57.0,58.70000000000002,60.30000000000001,61.099999999999994,63.20000000000002,63.80000000000001,64.4,65.1,67.4,69.80000000000001,70.20000000000002,70.30000000000001,70.30000000000001,70.5,72.9,73.1,73.30000000000001,76.0,79.5,82.70000000000002,92.30000000000001,95.4,95.80000000000001,100.30000000000001,103.5,110.1,125.20000000000002,134.6,175.29999999999998,175.70000000000002,179.00000000000003,179.9,172.9,161.9,161.79999999999998,160.79999999999998,160.79999999999998,158.99999999999997,156.1,152.20000000000002,151.29999999999998,148.79999999999998,137.70000000000002,136.70000000000002,136.6,135.6,134.79999999999998,134.6,133.29999999999998,131.99999999999997,130.99999999999997,121.79999999999998,121.29999999999998,121.20000000000002,120.70000000000002,120.6,120.49999999999997,119.99999999999997,119.1,118.99999999999997,118.99999999999997,118.20000000000002,117.1,116.6,116.29999999999998,116.20000000000002,115.29999999999998,110.70000000000002,106.49999999999997,103.0,99.60000000000002,98.29999999999995,98.0,96.29999999999995,95.79999999999995,89.10000000000002
ocher color,88.3,87.7,87.0,86.9,86.8,85.4,85.10000000000001,82.8,81.7,81.0,79.0,78.10000000000001,77.60000000000001,77.10000000000001,76.2,75.9,75.3,69.6,68.4,67.5,66.4,64.80000000000001,63.7,62.5,62.400000000000006,62.1,60.2,59.0,58.2,57.400000000000006,56.400000000000006,56.0,50.1,49.6,49.1,48.900000000000006,48.400000000000006,47.400000000000006,46.7,46.400000000000006,46.0,45.6,45.5,45.0,45.0,43.800000000000004,42.400000000000006,42.300000000000004,42.2,40.800000000000004,40.7,39.2,39.0,38.800000000000004,34.400000000000006,33.5,32.300000000000004,31.900000000000006,30.0,29.400000000000006,28.0,26.800000000000004,26.300000000000004,26.0,26.0,24.700000000000003,24.299999999999997,22.700000000000003,22.400000000000006,19.0,16.60000000000001,11.299999999999997,9.799999999999997,7.799999999999997,7.0,6.900000000000006,6.400000000000006,5.1000000000000085,3.4000000000000057,2.0,1.7999999999999972,1.7000000000000028,1.1000000000000085,0.10000000000000853,0.0,0.5,0.5,3.200000000000003,7.299999999999997,21.700000000000003,25.200000000000003,26.0,26.200000000000003,27.599999999999994,28.099999999999994,28.299999999999997,30.200000000000003,33.89999999999999,34.099999999999994,36.3,37.0,37.89999999999999,38.7,40.10000000000001,40.60000000000001,40.7,41.7,41.8,42.39999999999999,42.60000000000001,46.60000000000001,47.3,48.3,49.10000000000001,50.39999999999999,51.60000000000001,52.999999999999986,55.39999999999999,55.8,56.89999999999999,58.60000000000001,60.2,60.999999999999986,63.10000000000001,63.7,64.3,64.99999999999999,67.3,69.7,70.10000000000001,70.2,70.2,70.39999999999999,72.8,72.99999999999999,73.2,75.89999999999999,79.39999999999999,82.60000000000001,92.2,95.3,95.7,100.2,103.39999999999999,109.99999999999999,125.10000000000001,134.5,175.2,175.60000000000002,178.90000000000003,179.8,173.0,162.0,161.89999999999998,160.89999999999998,160.89999999999998,159.09999999999997,156.2,152.3,151.39999999999998,148.89999999999998,137.8,136.8,136.7,135.7,134.89999999999998,134.7,133.39999999999998,132.09999999999997,131.09999999999997,121.89999999999998,121.39999999999998,121.30000000000001,120.80000000000001,120.69999999999999,120.59999999999997,120.09999999999997,119.19999999999999,119.09999999999997,119.09999999999997,118.30000000000001,117.19999999999999,116.69999999999999,116.39999999999998,116.30000000000001,115.39999999999998,110.80000000000001,106.59999999999997,103.09999999999997,99.69999999999999,98.39999999999998,98.09999999999997,96.39999999999998,95.89999999999998,89.19999999999999
dark gold color,88.8,88.2,87.5,87.4,87.3,85.9,85.60000000000001,83.3,82.2,81.5,79.5,78.60000000000001,78.10000000000001,77.60000000000001,76.7,76.4,75.8,70.1,68.9,68.0,66.9,65.30000000000001,64.2,63.0,62.900000000000006,62.6,60.7,59.5,58.7,57.900000000000006,56.900000000000006,56.5,50.6,50.1,49.6,49.400000000000006,48.900000000000006,47.900000000000006,47.2,46.900000000000006,46.5,46.1,46.0,45.5,45.5,44.300000000000004,42.900000000000006,42.800000000000004,42.7,41.300000000000004,41.2,39.7,39.5,39.300000000000004,34.900000000000006,34.0,32.800000000000004,32.400000000000006,30.5,29.900000000000006,28.5,27.300000000000004,26.800000000000004,26.5,26.5,25.200000000000003,24.799999999999997,23.200000000000003,22.900000000000006,19.5,17.10000000000001,11.799999999999997,10.299999999999997,8.299999999999997,7.5,7.400000000000006,6.900000000000006,5.6000000000000085,3.9000000000000057,2.5,2.299999999999997,2.200000000000003,1.6000000000000085,0.6000000000000085,0.5,0.0,0.0,2.700000000000003,6.799999999999997,21.200000000000003,24.700000000000003,25.5,25.700000000000003,27.099999999999994,27.599999999999994,27.799999999999997,29.700000000000003,33.39999999999999,33.599999999999994,35.8,36.5,37.39999999999999,38.2,39.60000000000001,40.10000000000001,40.2,41.2,41.3,41.89999999999999,42.10000000000001,46.10000000000001,46.8,47.8,48.60000000000001,49.89999999999999,51.10000000000001,52.499999999999986,54.89999999999999,55.3,56.39999999999999,58.10000000000001,59.7,60.499999999999986,62.60000000000001,63.2,63.8,64.49999999999999,66.8,69.2,69.60000000000001,69.7,69.7,69.89999999999999,72.3,72.49999999999999,72.7,75.39999999999999,78.89999999999999,82.10000000000001,91.7,94.8,95.2,99.7,102.89999999999999,109.49999999999999,124.60000000000001,134.0,174.7,175.10000000000002,178.40000000000003,179.3,173.5,162.5,162.39999999999998,161.39999999999998,161.39999999999998,159.59999999999997,156.7,152.8,151.89999999999998,149.39999999999998,138.3,137.3,137.2,136.2,135.39999999999998,135.2,133.89999999999998,132.59999999999997,131.59999999999997,122.39999999999998,121.89999999999998,121.80000000000001,121.30000000000001,121.19999999999999,121.09999999999997,120.59999999999997,119.69999999999999,119.59999999999997,119.59999999999997,118.80000000000001,117.69999999999999,117.19999999999999,116.89999999999998,116.80000000000001,115.89999999999998,111.30000000000001,107.09999999999997,103.59999999999997,100.19999999999999,98.89999999999998,98.59999999999997,96.89999999999998,96.39999999999998,89.69999999999999
dark mustard color,88.8,88.2,87.5,87.4,87.3,85.9,85.60000000000001,83.3,82.2,81.5,79.5,78.60000000000001,78.10000000000001,77.60000000000001,76.7,76.4,75.8,70.1,68.9,68.0,66.9,65.30000000000001,64.2,63.0,62.900000000000006,62.6,60.7,59.5,58.7,57.900000000000006,56.900000000000006,56.5,50.6,50.1,49.6,49.400000000000006,48.900000000000006,47.900000000000006,47.2,46.900000000000006,46.5,46.1,46.0,45.5,45.5,44.300000000000004,42.900000000000006,42.800000000000004,42.7,41.300000000000004,41.2,39.7,39.5,39.300000000000004,34.900000000000006,34.0,32.800000000000004,32.400000000000006,30.5,29.900000000000006,28.5,27.300000000000004,26.800000000000004,26.5,26.5,25.200000000000003,24.799999999999997,23.200000000000003,22.900000000000006,19.5,17.10000000000001,11.799999999999997,10.299999999999997,8.299999999999997,7.5,7.400000000000006,6.900000000000006,5.6000000000000085,3.9000000000000057,2.5,2.299999999999997,2.200000000000003,1.6000000000000085,0.6000000000000085,0.5,0.0,0.0,2.700000000000003,6.799999999999997,21.200000000000003,24.700000000000003,25.5,25.700000000000003,27.099999999999994,27.599999999999994,27.799999999999997,29.700000000000003,33.39999999999999,33.599999999999994,35.8,36.5,37.39999999999999,38.2,39.60000000000001,40.10000000000001,40.2,41.2,41.3,41.89999999999999,42.10000000000001,46.10000000000001,46.8,47.8,48.60000000000001,49.89999999999999,51.10000000000001,52.499999999999986,54.89999999999999,55.3,56.39999999999999,58.10000000000001,59.7,60.499999999999986,62.60000000000001,63.2,63.8,64.49999999999999,66.8,69.2,69.60000000000001,69.7,69.7,69.89999999999999,72.3,72.49999999999999,72.7,75.39999999999999,78.89999999999999,82.10000000000001,91.7,94.8,95.2,99.7,102.89999999999999,109.49999999999999,124.60000000000001,134.0,174.7,175.10000000000002,178.40000000000003,179.3,173.5,162.5,162.39999999999998,161.39999999999998,161.39999999999998,159.59999999999997,156.7,152.8,151.89999999999998,149.39999999999998,138.3,137.3,137.2,136.2,135.39999999999998,135.2,133.89999999999998,132.59999999999997,131.59999999999997,122.39999999999998,121.89999999999998,121.80000000000001,121.30000000000001,121.19999999999999,121.09999999999997,120.59999999999997,119.69999999999999,119.59999999999997,119.59999999999997,118.80000000000001,117.69999999999999,117.19999999999999,116.89999999999998,116.80000000000001,115.89999999999998,111.30000000000001,107.09999999999997,103.59999999999997,100.19999999999999,98.89999999999998,98.59999999999997,96.89999999999998,96.39999999999998,89.69999999999999
brown yellow color,91.5,90.9,90.2,90.10000000000001,90.0,88.60000000000001,88.30000000000001,86.0,84.9,84.2,82.2,81.30000000000001,80.80000000000001,80.30000000000001,79.4,79.10000000000001,78.5,72.80000000000001,71.60000000000001,70.7,69.60000000000001,68.0,66.9,65.7,65.60000000000001,65.30000000000001,63.400000000000006,62.2,61.400000000000006,60.60000000000001,59.60000000000001,59.2,53.300000000000004,52.800000000000004,52.300000000000004,52.10000000000001,51.60000000000001,50.60000000000001,49.900000000000006,49.60000000000001,49.2,48.800000000000004,48.7,48.2,48.2,47.00000000000001,45.60000000000001,45.50000000000001,45.400000000000006,44.00000000000001,43.900000000000006,42.400000000000006,42.2,42.00000000000001,37.60000000000001,36.7,35.50000000000001,35.10000000000001,33.2,32.60000000000001,31.200000000000003,30.000000000000007,29.500000000000007,29.200000000000003,29.200000000000003,27.900000000000006,27.5,25.900000000000006,25.60000000000001,22.200000000000003,19.80000000000001,14.5,13.0,11.0,10.200000000000003,10.100000000000009,9.600000000000009,8.300000000000011,6.6000000000000085,5.200000000000003,5.0,4.900000000000006,4.300000000000011,3.3000000000000114,3.200000000000003,2.700000000000003,2.700000000000003,0.0,4.099999999999994,18.5,22.0,22.799999999999997,23.0,24.39999999999999,24.89999999999999,25.099999999999994,27.0,30.69999999999999,30.89999999999999,33.099999999999994,33.8,34.69999999999999,35.5,36.900000000000006,37.400000000000006,37.5,38.5,38.599999999999994,39.19999999999999,39.400000000000006,43.400000000000006,44.099999999999994,45.099999999999994,45.900000000000006,47.19999999999999,48.400000000000006,49.79999999999998,52.19999999999999,52.599999999999994,53.69999999999999,55.400000000000006,57.0,57.79999999999998,59.900000000000006,60.5,61.099999999999994,61.79999999999998,64.1,66.5,66.9,67.0,67.0,67.19999999999999,69.6,69.79999999999998,70.0,72.69999999999999,76.19999999999999,79.4,89.0,92.1,92.5,97.0,100.19999999999999,106.79999999999998,121.9,131.29999999999998,171.99999999999997,172.4,175.70000000000002,176.6,176.20000000000002,165.20000000000002,165.1,164.1,164.1,162.29999999999998,159.4,155.50000000000003,154.6,152.1,141.00000000000003,140.00000000000003,139.9,138.9,138.1,137.9,136.6,135.29999999999998,134.29999999999998,125.1,124.6,124.50000000000003,124.00000000000003,123.9,123.79999999999998,123.29999999999998,122.4,122.29999999999998,122.29999999999998,121.50000000000003,120.4,119.9,119.6,119.50000000000003,118.6,114.00000000000003,109.79999999999998,106.29999999999998,102.89999999999998,101.60000000000002,101.29999999999995,99.60000000000002,99.10000000000002,92.39999999999998
muddy yellow color,95.6,95.0,94.3,94.2,94.1,92.7,92.4,90.1,89.0,88.3,86.3,85.4,84.9,84.4,83.5,83.2,82.6,76.9,75.7,74.8,73.7,72.1,71.0,69.8,69.7,69.4,67.5,66.3,65.5,64.7,63.7,63.3,57.4,56.9,56.4,56.2,55.7,54.7,54.0,53.7,53.3,52.9,52.8,52.3,52.3,51.1,49.7,49.6,49.5,48.1,48.0,46.5,46.3,46.1,41.7,40.8,39.6,39.2,37.3,36.7,35.3,34.1,33.6,33.3,33.3,32.0,31.599999999999994,30.0,29.700000000000003,26.299999999999997,23.900000000000006,18.599999999999994,17.099999999999994,15.099999999999994,14.299999999999997,14.200000000000003,13.700000000000003,12.400000000000006,10.700000000000003,9.299999999999997,9.099999999999994,9.0,8.400000000000006,7.400000000000006,7.299999999999997,6.799999999999997,6.799999999999997,4.099999999999994,0.0,14.400000000000006,17.900000000000006,18.700000000000003,18.900000000000006,20.299999999999997,20.799999999999997,21.0,22.900000000000006,26.599999999999994,26.799999999999997,29.0,29.700000000000003,30.599999999999994,31.400000000000006,32.80000000000001,33.30000000000001,33.400000000000006,34.400000000000006,34.5,35.099999999999994,35.30000000000001,39.30000000000001,40.0,41.0,41.80000000000001,43.099999999999994,44.30000000000001,45.69999999999999,48.099999999999994,48.5,49.599999999999994,51.30000000000001,52.900000000000006,53.69999999999999,55.80000000000001,56.400000000000006,57.0,57.69999999999999,60.0,62.400000000000006,62.80000000000001,62.900000000000006,62.900000000000006,63.099999999999994,65.5,65.69999999999999,65.9,68.6,72.1,75.30000000000001,84.9,88.0,88.4,92.9,96.1,102.69999999999999,117.80000000000001,127.19999999999999,167.89999999999998,168.3,171.60000000000002,172.5,179.7,169.3,169.2,168.2,168.2,166.39999999999998,163.5,159.60000000000002,158.7,156.2,145.10000000000002,144.10000000000002,144.0,143.0,142.2,142.0,140.7,139.39999999999998,138.39999999999998,129.2,128.7,128.60000000000002,128.10000000000002,128.0,127.89999999999998,127.39999999999998,126.5,126.39999999999998,126.39999999999998,125.60000000000002,124.5,124.0,123.69999999999999,123.60000000000002,122.69999999999999,118.10000000000002,113.89999999999998,110.39999999999998,107.0,105.69999999999999,105.39999999999998,103.69999999999999,103.19999999999999,96.5
swamp green color,110.0,109.4,108.7,108.60000000000001,108.5,107.10000000000001,106.80000000000001,104.5,103.4,102.7,100.7,99.80000000000001,99.30000000000001,98.80000000000001,97.9,97.60000000000001,97.0,91.30000000000001,90.10000000000001,89.2,88.10000000000001,86.5,85.4,84.2,84.10000000000001,83.80000000000001,81.9,80.7,79.9,79.10000000000001,78.10000000000001,77.7,71.80000000000001,71.30000000000001,70.80000000000001,70.60000000000001,70.10000000000001,69.10000000000001,68.4,68.10000000000001,67.7,67.30000000000001,67.2,66.7,66.7,65.5,64.10000000000001,64.0,63.900000000000006,62.50000000000001,62.400000000000006,60.900000000000006,60.7,60.50000000000001,56.10000000000001,55.2,54.00000000000001,53.60000000000001,51.7,51.10000000000001,49.7,48.50000000000001,48.00000000000001,47.7,47.7,46.400000000000006,46.0,44.400000000000006,44.10000000000001,40.7,38.30000000000001,33.0,31.5,29.5,28.700000000000003,28.60000000000001,28.10000000000001,26.80000000000001,25.10000000000001,23.700000000000003,23.5,23.400000000000006,22.80000000000001,21.80000000000001,21.700000000000003,21.200000000000003,21.200000000000003,18.5,14.400000000000006,0.0,3.5,4.299999999999997,4.5,5.8999999999999915,6.3999999999999915,6.599999999999994,8.5,12.199999999999989,12.399999999999991,14.599999999999994,15.299999999999997,16.19999999999999,17.0,18.400000000000006,18.900000000000006,19.0,20.0,20.099999999999994,20.69999999999999,20.900000000000006,24.900000000000006,25.599999999999994,26.599999999999994,27.400000000000006,28.69999999999999,29.900000000000006,31.299999999999983,33.69999999999999,34.099999999999994,35.19999999999999,36.900000000000006,38.5,39.29999999999998,41.400000000000006,42.0,42.599999999999994,43.29999999999998,45.599999999999994,48.0,48.400000000000006,48.5,48.5,48.69999999999999,51.099999999999994,51.29999999999998,51.5,54.19999999999999,57.69999999999999,60.900000000000006,70.5,73.6,74.0,78.5,81.69999999999999,88.29999999999998,103.4,112.79999999999998,153.49999999999997,153.9,157.20000000000002,158.1,165.29999999999998,176.29999999999998,176.4,177.4,177.4,179.20000000000002,177.9,174.00000000000003,173.1,170.6,159.50000000000003,158.50000000000003,158.4,157.4,156.6,156.4,155.1,153.79999999999998,152.79999999999998,143.6,143.1,143.00000000000003,142.50000000000003,142.4,142.29999999999998,141.79999999999998,140.9,140.79999999999998,140.79999999999998,140.00000000000003,138.9,138.4,138.1,138.00000000000003,137.1,132.50000000000003,128.29999999999998,124.79999999999998,121.4,120.1,119.79999999999998,118.1,117.6,110.9
sickly green color,113.5,112.9,112.2,112.10000000000001,112.0,110.60000000000001,110.30000000000001,108.0,106.9,106.2,104.2,103.30000000000001,102.80000000000001,102.30000000000001,101.4,101.10000000000001,100.5,94.80000000000001,93.60000000000001,92.7,91.60000000000001,90.0,88.9,87.7,87.60000000000001,87.30000000000001,85.4,84.2,83.4,82.60000000000001,81.60000000000001,81.2,75.30000000000001,74.80000000000001,74.30000000000001,74.10000000000001,73.60000000000001,72.60000000000001,71.9,71.60000000000001,71.2,70.80000000000001,70.7,70.2,70.2,69.0,67.60000000000001,67.5,67.4,66.0,65.9,64.4,64.2,64.0,59.60000000000001,58.7,57.50000000000001,57.10000000000001,55.2,54.60000000000001,53.2,52.00000000000001,51.50000000000001,51.2,51.2,49.900000000000006,49.5,47.900000000000006,47.60000000000001,44.2,41.80000000000001,36.5,35.0,33.0,32.2,32.10000000000001,31.60000000000001,30.30000000000001,28.60000000000001,27.200000000000003,27.0,26.900000000000006,26.30000000000001,25.30000000000001,25.200000000000003,24.700000000000003,24.700000000000003,22.0,17.900000000000006,3.5,0.0,0.7999999999999972,1.0,2.3999999999999915,2.8999999999999915,3.0999999999999943,5.0,8.699999999999989,8.899999999999991,11.099999999999994,11.799999999999997,12.699999999999989,13.5,14.900000000000006,15.400000000000006,15.5,16.5,16.599999999999994,17.19999999999999,17.400000000000006,21.400000000000006,22.099999999999994,23.099999999999994,23.900000000000006,25.19999999999999,26.400000000000006,27.799999999999983,30.19999999999999,30.599999999999994,31.69999999999999,33.400000000000006,35.0,35.79999999999998,37.900000000000006,38.5,39.099999999999994,39.79999999999998,42.099999999999994,44.5,44.900000000000006,45.0,45.0,45.19999999999999,47.599999999999994,47.79999999999998,48.0,50.69999999999999,54.19999999999999,57.400000000000006,67.0,70.1,70.5,75.0,78.19999999999999,84.79999999999998,99.9,109.29999999999998,149.99999999999997,150.4,153.70000000000002,154.6,161.79999999999998,172.79999999999998,172.9,173.9,173.9,175.70000000000002,178.6,177.50000000000003,176.6,174.1,163.00000000000003,162.00000000000003,161.9,160.9,160.1,159.9,158.6,157.29999999999998,156.29999999999998,147.1,146.6,146.50000000000003,146.00000000000003,145.9,145.79999999999998,145.29999999999998,144.4,144.29999999999998,144.29999999999998,143.50000000000003,142.4,141.9,141.6,141.50000000000003,140.6,136.00000000000003,131.79999999999998,128.29999999999998,124.9,123.6,123.29999999999998,121.6,121.1,114.4
dark yellow green color,114.3,113.7,113.0,112.9,112.8,111.4,111.10000000000001,108.8,107.7,107.0,105.0,104.10000000000001,103.60000000000001,103.10000000000001,102.2,101.9,101.3,95.6,94.4,93.5,92.4,90.80000000000001,89.7,88.5,88.4,88.1,86.2,85.0,84.2,83.4,82.4,82.0,76.1,75.6,75.1,74.9,74.4,73.4,72.7,72.4,72.0,71.6,71.5,71.0,71.0,69.80000000000001,68.4,68.30000000000001,68.2,66.80000000000001,66.7,65.2,65.0,64.80000000000001,60.400000000000006,59.5,58.300000000000004,57.900000000000006,56.0,55.400000000000006,54.0,52.800000000000004,52.300000000000004,52.0,52.0,50.7,50.3,48.7,48.400000000000006,45.0,42.60000000000001,37.3,35.8,33.8,33.0,32.900000000000006,32.400000000000006,31.10000000000001,29.400000000000006,28.0,27.799999999999997,27.700000000000003,27.10000000000001,26.10000000000001,26.0,25.5,25.5,22.799999999999997,18.700000000000003,4.299999999999997,0.7999999999999972,0.0,0.20000000000000284,1.5999999999999943,2.0999999999999943,2.299999999999997,4.200000000000003,7.8999999999999915,8.099999999999994,10.299999999999997,11.0,11.899999999999991,12.700000000000003,14.100000000000009,14.600000000000009,14.700000000000003,15.700000000000003,15.799999999999997,16.39999999999999,16.60000000000001,20.60000000000001,21.299999999999997,22.299999999999997,23.10000000000001,24.39999999999999,25.60000000000001,26.999999999999986,29.39999999999999,29.799999999999997,30.89999999999999,32.60000000000001,34.2,34.999999999999986,37.10000000000001,37.7,38.3,38.999999999999986,41.3,43.7,44.10000000000001,44.2,44.2,44.39999999999999,46.8,46.999999999999986,47.2,49.89999999999999,53.39999999999999,56.60000000000001,66.2,69.3,69.7,74.2,77.39999999999999,83.99999999999999,99.10000000000001,108.49999999999999,149.2,149.60000000000002,152.90000000000003,153.8,161.0,172.0,172.10000000000002,173.10000000000002,173.10000000000002,174.90000000000003,177.8,178.3,177.39999999999998,174.89999999999998,163.8,162.8,162.7,161.7,160.89999999999998,160.7,159.39999999999998,158.09999999999997,157.09999999999997,147.89999999999998,147.39999999999998,147.3,146.8,146.7,146.59999999999997,146.09999999999997,145.2,145.09999999999997,145.09999999999997,144.3,143.2,142.7,142.39999999999998,142.3,141.39999999999998,136.8,132.59999999999997,129.09999999999997,125.69999999999999,124.39999999999998,124.09999999999997,122.39999999999998,121.89999999999998,115.19999999999999
icky green color,114.5,113.9,113.2,113.10000000000001,113.0,111.60000000000001,111.30000000000001,109.0,107.9,107.2,105.2,104.30000000000001,103.80000000000001,103.30000000000001,102.4,102.10000000000001,101.5,95.80000000000001,94.60000000000001,93.7,92.60000000000001,91.0,89.9,88.7,88.60000000000001,88.30000000000001,86.4,85.2,84.4,83.60000000000001,82.60000000000001,82.2,76.30000000000001,75.80000000000001,75.30000000000001,75.10000000000001,74.60000000000001,73.60000000000001,72.9,72.60000000000001,72.2,71.80000000000001,71.7,71.2,71.2,70.0,68.60000000000001,68.5,68.4,67.0,66.9,65.4,65.2,65.0,60.60000000000001,59.7,58.50000000000001,58.10000000000001,56.2,55.60000000000001,54.2,53.00000000000001,52.50000000000001,52.2,52.2,50.900000000000006,50.5,48.900000000000006,48.60000000000001,45.2,42.80000000000001,37.5,36.0,34.0,33.2,33.10000000000001,32.60000000000001,31.30000000000001,29.60000000000001,28.200000000000003,28.0,27.900000000000006,27.30000000000001,26.30000000000001,26.200000000000003,25.700000000000003,25.700000000000003,23.0,18.900000000000006,4.5,1.0,0.20000000000000284,0.0,1.3999999999999915,1.8999999999999915,2.0999999999999943,4.0,7.699999999999989,7.8999999999999915,10.099999999999994,10.799999999999997,11.699999999999989,12.5,13.900000000000006,14.400000000000006,14.5,15.5,15.599999999999994,16.19999999999999,16.400000000000006,20.400000000000006,21.099999999999994,22.099999999999994,22.900000000000006,24.19999999999999,25.400000000000006,26.799999999999983,29.19999999999999,29.599999999999994,30.69999999999999,32.400000000000006,34.0,34.79999999999998,36.900000000000006,37.5,38.099999999999994,38.79999999999998,41.099999999999994,43.5,43.900000000000006,44.0,44.0,44.19999999999999,46.599999999999994,46.79999999999998,47.0,49.69999999999999,53.19999999999999,56.400000000000006,66.0,69.1,69.5,74.0,77.19999999999999,83.79999999999998,98.9,108.29999999999998,148.99999999999997,149.4,152.70000000000002,153.6,160.79999999999998,171.79999999999998,171.9,172.9,172.9,174.70000000000002,177.6,178.50000000000003,177.6,175.1,164.00000000000003,163.00000000000003,162.9,161.9,161.1,160.9,159.6,158.29999999999998,157.29999999999998,148.1,147.6,147.50000000000003,147.00000000000003,146.9,146.79999999999998,146.29999999999998,145.4,145.29999999999998,145.29999999999998,144.50000000000003,143.4,142.9,142.6,142.50000000000003,141.6,137.00000000000003,132.79999999999998,129.29999999999998,125.9,124.6,124.29999999999998,122.6,122.1,115.4
avocado green color,115.89999999999999,115.3,114.6,114.5,114.39999999999999,113.0,112.7,110.39999999999999,109.3,108.6,106.6,105.7,105.2,104.7,103.8,103.5,102.89999999999999,97.19999999999999,96.0,95.1,94.0,92.4,91.3,90.1,90.0,89.69999999999999,87.8,86.6,85.8,85.0,84.0,83.6,77.69999999999999,77.19999999999999,76.69999999999999,76.5,76.0,75.0,74.3,74.0,73.6,73.19999999999999,73.1,72.6,72.6,71.4,70.0,69.9,69.8,68.4,68.3,66.8,66.6,66.4,62.0,61.099999999999994,59.9,59.5,57.599999999999994,57.0,55.599999999999994,54.4,53.9,53.599999999999994,53.599999999999994,52.3,51.89999999999999,50.3,50.0,46.599999999999994,44.2,38.89999999999999,37.39999999999999,35.39999999999999,34.599999999999994,34.5,34.0,32.7,31.0,29.599999999999994,29.39999999999999,29.299999999999997,28.700000000000003,27.700000000000003,27.599999999999994,27.099999999999994,27.099999999999994,24.39999999999999,20.299999999999997,5.8999999999999915,2.3999999999999915,1.5999999999999943,1.3999999999999915,0.0,0.5,0.7000000000000028,2.6000000000000085,6.299999999999997,6.5,8.700000000000003,9.400000000000006,10.299999999999997,11.100000000000009,12.500000000000014,13.000000000000014,13.100000000000009,14.100000000000009,14.200000000000003,14.799999999999997,15.000000000000014,19.000000000000014,19.700000000000003,20.700000000000003,21.500000000000014,22.799999999999997,24.000000000000014,25.39999999999999,27.799999999999997,28.200000000000003,29.299999999999997,31.000000000000014,32.60000000000001,33.39999999999999,35.500000000000014,36.10000000000001,36.7,37.39999999999999,39.7,42.10000000000001,42.500000000000014,42.60000000000001,42.60000000000001,42.8,45.2,45.39999999999999,45.60000000000001,48.3,51.8,55.000000000000014,64.60000000000001,67.7,68.10000000000001,72.60000000000001,75.8,82.39999999999999,97.50000000000001,106.89999999999999,147.59999999999997,148.0,151.3,152.2,159.39999999999998,170.39999999999998,170.5,171.5,171.5,173.3,176.2,179.90000000000003,179.0,176.5,165.40000000000003,164.40000000000003,164.3,163.3,162.5,162.3,161.0,159.7,158.7,149.5,149.0,148.90000000000003,148.40000000000003,148.3,148.2,147.7,146.8,146.7,146.7,145.90000000000003,144.8,144.3,144.0,143.90000000000003,143.0,138.40000000000003,134.2,130.7,127.30000000000001,126.0,125.69999999999999,124.0,123.5,116.80000000000001
avocado color,116.39999999999999,115.8,115.1,115.0,114.89999999999999,113.5,113.2,110.89999999999999,109.8,109.1,107.1,106.2,105.7,105.2,104.3,104.0,103.39999999999999,97.69999999999999,96.5,95.6,94.5,92.9,91.8,90.6,90.5,90.19999999999999,88.3,87.1,86.3,85.5,84.5,84.1,78.19999999999999,77.69999999999999,77.19999999999999,77.0,76.5,75.5,74.8,74.5,74.1,73.69999999999999,73.6,73.1,73.1,71.9,70.5,70.4,70.3,68.9,68.8,67.3,67.1,66.9,62.5,61.599999999999994,60.4,60.0,58.099999999999994,57.5,56.099999999999994,54.9,54.4,54.099999999999994,54.099999999999994,52.8,52.39999999999999,50.8,50.5,47.099999999999994,44.7,39.39999999999999,37.89999999999999,35.89999999999999,35.099999999999994,35.0,34.5,33.2,31.5,30.099999999999994,29.89999999999999,29.799999999999997,29.200000000000003,28.200000000000003,28.099999999999994,27.599999999999994,27.599999999999994,24.89999999999999,20.799999999999997,6.3999999999999915,2.8999999999999915,2.0999999999999943,1.8999999999999915,0.5,0.0,0.20000000000000284,2.1000000000000085,5.799999999999997,6.0,8.200000000000003,8.900000000000006,9.799999999999997,10.600000000000009,12.000000000000014,12.500000000000014,12.600000000000009,13.600000000000009,13.700000000000003,14.299999999999997,14.500000000000014,18.500000000000014,19.200000000000003,20.200000000000003,21.000000000000014,22.299999999999997,23.500000000000014,24.89999999999999,27.299999999999997,27.700000000000003,28.799999999999997,30.500000000000014,32.10000000000001,32.89999999999999,35.000000000000014,35.60000000000001,36.2,36.89999999999999,39.2,41.60000000000001,42.000000000000014,42.10000000000001,42.10000000000001,42.3,44.7,44.89999999999999,45.10000000000001,47.8,51.3,54.500000000000014,64.10000000000001,67.2,67.60000000000001,72.10000000000001,75.3,81.89999999999999,97.00000000000001,106.39999999999999,147.09999999999997,147.5,150.8,151.7,158.89999999999998,169.89999999999998,170.0,171.0,171.0,172.8,175.7,179.59999999999997,179.5,177.0,165.90000000000003,164.90000000000003,164.8,163.8,163.0,162.8,161.5,160.2,159.2,150.0,149.5,149.40000000000003,148.90000000000003,148.8,148.7,148.2,147.3,147.2,147.2,146.40000000000003,145.3,144.8,144.5,144.40000000000003,143.5,138.90000000000003,134.7,131.2,127.80000000000001,126.5,126.19999999999999,124.5,124.0,117.30000000000001
khaki green color,116.6,116.0,115.3,115.2,115.1,113.7,113.4,111.1,110.0,109.3,107.3,106.4,105.9,105.4,104.5,104.2,103.6,97.9,96.7,95.8,94.7,93.1,92.0,90.8,90.7,90.4,88.5,87.3,86.5,85.7,84.7,84.3,78.4,77.9,77.4,77.2,76.7,75.7,75.0,74.7,74.3,73.9,73.8,73.3,73.3,72.1,70.7,70.6,70.5,69.1,69.0,67.5,67.3,67.1,62.7,61.8,60.6,60.2,58.3,57.7,56.3,55.1,54.6,54.3,54.3,53.0,52.599999999999994,51.0,50.7,47.3,44.900000000000006,39.599999999999994,38.099999999999994,36.099999999999994,35.3,35.2,34.7,33.400000000000006,31.700000000000003,30.299999999999997,30.099999999999994,30.0,29.400000000000006,28.400000000000006,28.299999999999997,27.799999999999997,27.799999999999997,25.099999999999994,21.0,6.599999999999994,3.0999999999999943,2.299999999999997,2.0999999999999943,0.7000000000000028,0.20000000000000284,0.0,1.9000000000000057,5.599999999999994,5.799999999999997,8.0,8.700000000000003,9.599999999999994,10.400000000000006,11.800000000000011,12.300000000000011,12.400000000000006,13.400000000000006,13.5,14.099999999999994,14.300000000000011,18.30000000000001,19.0,20.0,20.80000000000001,22.099999999999994,23.30000000000001,24.69999999999999,27.099999999999994,27.5,28.599999999999994,30.30000000000001,31.900000000000006,32.69999999999999,34.80000000000001,35.400000000000006,36.0,36.69999999999999,39.0,41.400000000000006,41.80000000000001,41.900000000000006,41.900000000000006,42.099999999999994,44.5,44.69999999999999,44.900000000000006,47.599999999999994,51.099999999999994,54.30000000000001,63.900000000000006,67.0,67.4,71.9,75.1,81.69999999999999,96.80000000000001,106.19999999999999,146.89999999999998,147.3,150.60000000000002,151.5,158.7,169.7,169.8,170.8,170.8,172.60000000000002,175.5,179.39999999999998,179.7,177.2,166.10000000000002,165.10000000000002,165.0,164.0,163.2,163.0,161.7,160.39999999999998,159.39999999999998,150.2,149.7,149.60000000000002,149.10000000000002,149.0,148.89999999999998,148.39999999999998,147.5,147.39999999999998,147.39999999999998,146.60000000000002,145.5,145.0,144.7,144.60000000000002,143.7,139.10000000000002,134.89999999999998,131.39999999999998,128.0,126.69999999999999,126.39999999999998,124.69999999999999,124.19999999999999,117.5
dark lime color,118.5,117.9,117.2,117.10000000000001,117.0,115.60000000000001,115.30000000000001,113.0,111.9,111.2,109.2,108.30000000000001,107.80000000000001,107.30000000000001,106.4,106.10000000000001,105.5,99.80000000000001,98.60000000000001,97.7,96.60000000000001,95.0,93.9,92.7,92.60000000000001,92.30000000000001,90.4,89.2,88.4,87.60000000000001,86.60000000000001,86.2,80.30000000000001,79.80000000000001,79.30000000000001,79.10000000000001,78.60000000000001,77.60000000000001,76.9,76.60000000000001,76.2,75.80000000000001,75.7,75.2,75.2,74.0,72.60000000000001,72.5,72.4,71.0,70.9,69.4,69.2,69.0,64.60000000000001,63.7,62.50000000000001,62.10000000000001,60.2,59.60000000000001,58.2,57.00000000000001,56.50000000000001,56.2,56.2,54.900000000000006,54.5,52.900000000000006,52.60000000000001,49.2,46.80000000000001,41.5,40.0,38.0,37.2,37.10000000000001,36.60000000000001,35.30000000000001,33.60000000000001,32.2,32.0,31.900000000000006,31.30000000000001,30.30000000000001,30.200000000000003,29.700000000000003,29.700000000000003,27.0,22.900000000000006,8.5,5.0,4.200000000000003,4.0,2.6000000000000085,2.1000000000000085,1.9000000000000057,0.0,3.6999999999999886,3.8999999999999915,6.099999999999994,6.799999999999997,7.699999999999989,8.5,9.900000000000006,10.400000000000006,10.5,11.5,11.599999999999994,12.199999999999989,12.400000000000006,16.400000000000006,17.099999999999994,18.099999999999994,18.900000000000006,20.19999999999999,21.400000000000006,22.799999999999983,25.19999999999999,25.599999999999994,26.69999999999999,28.400000000000006,30.0,30.799999999999983,32.900000000000006,33.5,34.099999999999994,34.79999999999998,37.099999999999994,39.5,39.900000000000006,40.0,40.0,40.19999999999999,42.599999999999994,42.79999999999998,43.0,45.69999999999999,49.19999999999999,52.400000000000006,62.0,65.1,65.5,70.0,73.19999999999999,79.79999999999998,94.9,104.29999999999998,144.99999999999997,145.4,148.70000000000002,149.6,156.79999999999998,167.79999999999998,167.9,168.9,168.9,170.70000000000002,173.6,177.49999999999997,178.4,179.1,168.00000000000003,167.00000000000003,166.9,165.9,165.1,164.9,163.6,162.29999999999998,161.29999999999998,152.1,151.6,151.50000000000003,151.00000000000003,150.9,150.79999999999998,150.29999999999998,149.4,149.29999999999998,149.29999999999998,148.50000000000003,147.4,146.9,146.6,146.50000000000003,145.6,141.00000000000003,136.79999999999998,133.29999999999998,129.9,128.6,128.29999999999998,126.6,126.1,119.4
mossy green color,122.19999999999999,121.6,120.89999999999999,120.8,120.69999999999999,119.3,119.0,116.69999999999999,115.6,114.89999999999999,112.89999999999999,112.0,111.5,111.0,110.1,109.8,109.19999999999999,103.5,102.3,101.39999999999999,100.3,98.69999999999999,97.6,96.39999999999999,96.3,96.0,94.1,92.89999999999999,92.1,91.3,90.3,89.89999999999999,84.0,83.5,83.0,82.8,82.3,81.3,80.6,80.3,79.89999999999999,79.5,79.39999999999999,78.89999999999999,78.89999999999999,77.69999999999999,76.3,76.19999999999999,76.1,74.69999999999999,74.6,73.1,72.89999999999999,72.69999999999999,68.3,67.39999999999999,66.19999999999999,65.8,63.89999999999999,63.3,61.89999999999999,60.699999999999996,60.199999999999996,59.89999999999999,59.89999999999999,58.599999999999994,58.19999999999999,56.599999999999994,56.3,52.89999999999999,50.5,45.19999999999999,43.69999999999999,41.69999999999999,40.89999999999999,40.8,40.3,39.0,37.3,35.89999999999999,35.69999999999999,35.599999999999994,35.0,34.0,33.89999999999999,33.39999999999999,33.39999999999999,30.69999999999999,26.599999999999994,12.199999999999989,8.699999999999989,7.8999999999999915,7.699999999999989,6.299999999999997,5.799999999999997,5.599999999999994,3.6999999999999886,0.0,0.20000000000000284,2.4000000000000057,3.1000000000000085,4.0,4.800000000000011,6.200000000000017,6.700000000000017,6.800000000000011,7.800000000000011,7.900000000000006,8.5,8.700000000000017,12.700000000000017,13.400000000000006,14.400000000000006,15.200000000000017,16.5,17.700000000000017,19.099999999999994,21.5,21.900000000000006,23.0,24.700000000000017,26.30000000000001,27.099999999999994,29.200000000000017,29.80000000000001,30.400000000000006,31.099999999999994,33.400000000000006,35.80000000000001,36.20000000000002,36.30000000000001,36.30000000000001,36.5,38.900000000000006,39.099999999999994,39.30000000000001,42.0,45.5,48.70000000000002,58.30000000000001,61.400000000000006,61.80000000000001,66.30000000000001,69.5,76.1,91.20000000000002,100.6,141.29999999999998,141.70000000000002,145.00000000000003,145.9,153.1,164.1,164.20000000000002,165.20000000000002,165.20000000000002,167.00000000000003,169.9,173.79999999999998,174.70000000000002,177.20000000000002,171.70000000000002,170.70000000000002,170.6,169.6,168.79999999999998,168.6,167.29999999999998,165.99999999999997,164.99999999999997,155.79999999999998,155.29999999999998,155.20000000000002,154.70000000000002,154.6,154.49999999999997,153.99999999999997,153.1,152.99999999999997,152.99999999999997,152.20000000000002,151.1,150.6,150.29999999999998,150.20000000000002,149.29999999999998,144.70000000000002,140.49999999999997,136.99999999999997,133.6,132.29999999999998,131.99999999999997,130.29999999999998,129.79999999999998,123.1
sap green color,122.39999999999999,121.8,121.1,121.0,120.89999999999999,119.5,119.2,116.89999999999999,115.8,115.1,113.1,112.2,111.7,111.2,110.3,110.0,109.39999999999999,103.69999999999999,102.5,101.6,100.5,98.9,97.8,96.6,96.5,96.19999999999999,94.3,93.1,92.3,91.5,90.5,90.1,84.19999999999999,83.69999999999999,83.19999999999999,83.0,82.5,81.5,80.8,80.5,80.1,79.69999999999999,79.6,79.1,79.1,77.9,76.5,76.4,76.3,74.9,74.8,73.3,73.1,72.9,68.5,67.6,66.4,66.0,64.1,63.5,62.099999999999994,60.9,60.4,60.099999999999994,60.099999999999994,58.8,58.39999999999999,56.8,56.5,53.099999999999994,50.7,45.39999999999999,43.89999999999999,41.89999999999999,41.099999999999994,41.0,40.5,39.2,37.5,36.099999999999994,35.89999999999999,35.8,35.2,34.2,34.099999999999994,33.599999999999994,33.599999999999994,30.89999999999999,26.799999999999997,12.399999999999991,8.899999999999991,8.099999999999994,7.8999999999999915,6.5,6.0,5.799999999999997,3.8999999999999915,0.20000000000000284,0.0,2.200000000000003,2.9000000000000057,3.799999999999997,4.6000000000000085,6.000000000000014,6.500000000000014,6.6000000000000085,7.6000000000000085,7.700000000000003,8.299999999999997,8.500000000000014,12.500000000000014,13.200000000000003,14.200000000000003,15.000000000000014,16.299999999999997,17.500000000000014,18.89999999999999,21.299999999999997,21.700000000000003,22.799999999999997,24.500000000000014,26.10000000000001,26.89999999999999,29.000000000000014,29.60000000000001,30.200000000000003,30.89999999999999,33.2,35.60000000000001,36.000000000000014,36.10000000000001,36.10000000000001,36.3,38.7,38.89999999999999,39.10000000000001,41.8,45.3,48.500000000000014,58.10000000000001,61.2,61.60000000000001,66.10000000000001,69.3,75.89999999999999,91.00000000000001,100.39999999999999,141.09999999999997,141.5,144.8,145.7,152.89999999999998,163.89999999999998,164.0,165.0,165.0,166.8,169.7,173.59999999999997,174.5,177.0,171.90000000000003,170.90000000000003,170.8,169.8,169.0,168.8,167.5,166.2,165.2,156.0,155.5,155.40000000000003,154.90000000000003,154.8,154.7,154.2,153.3,153.2,153.2,152.40000000000003,151.3,150.8,150.5,150.40000000000003,149.5,144.90000000000003,140.7,137.2,133.8,132.5,132.2,130.5,130.0,123.30000000000001
moss green color,124.6,124.0,123.3,123.2,123.1,121.7,121.4,119.1,118.0,117.3,115.3,114.4,113.9,113.4,112.5,112.2,111.6,105.9,104.7,103.8,102.7,101.1,100.0,98.8,98.7,98.4,96.5,95.3,94.5,93.7,92.7,92.3,86.4,85.9,85.4,85.2,84.7,83.7,83.0,82.7,82.3,81.9,81.8,81.3,81.3,80.1,78.7,78.6,78.5,77.1,77.0,75.5,75.3,75.1,70.7,69.8,68.6,68.2,66.3,65.7,64.3,63.1,62.6,62.3,62.3,61.0,60.599999999999994,59.0,58.7,55.3,52.900000000000006,47.599999999999994,46.099999999999994,44.099999999999994,43.3,43.2,42.7,41.400000000000006,39.7,38.3,38.099999999999994,38.0,37.400000000000006,36.400000000000006,36.3,35.8,35.8,33.099999999999994,29.0,14.599999999999994,11.099999999999994,10.299999999999997,10.099999999999994,8.700000000000003,8.200000000000003,8.0,6.099999999999994,2.4000000000000057,2.200000000000003,0.0,0.7000000000000028,1.5999999999999943,2.4000000000000057,3.8000000000000114,4.300000000000011,4.400000000000006,5.400000000000006,5.5,6.099999999999994,6.300000000000011,10.300000000000011,11.0,12.0,12.800000000000011,14.099999999999994,15.300000000000011,16.69999999999999,19.099999999999994,19.5,20.599999999999994,22.30000000000001,23.900000000000006,24.69999999999999,26.80000000000001,27.400000000000006,28.0,28.69999999999999,31.0,33.400000000000006,33.80000000000001,33.900000000000006,33.900000000000006,34.099999999999994,36.5,36.69999999999999,36.900000000000006,39.599999999999994,43.099999999999994,46.30000000000001,55.900000000000006,59.0,59.400000000000006,63.900000000000006,67.1,73.69999999999999,88.80000000000001,98.19999999999999,138.89999999999998,139.3,142.60000000000002,143.5,150.7,161.7,161.8,162.8,162.8,164.60000000000002,167.5,171.39999999999998,172.3,174.8,174.10000000000002,173.10000000000002,173.0,172.0,171.2,171.0,169.7,168.39999999999998,167.39999999999998,158.2,157.7,157.60000000000002,157.10000000000002,157.0,156.89999999999998,156.39999999999998,155.5,155.39999999999998,155.39999999999998,154.60000000000002,153.5,153.0,152.7,152.60000000000002,151.7,147.10000000000002,142.89999999999998,139.39999999999998,136.0,134.7,134.39999999999998,132.7,132.2,125.5
leaf color,125.3,124.7,124.0,123.9,123.8,122.4,122.10000000000001,119.8,118.7,118.0,116.0,115.10000000000001,114.60000000000001,114.10000000000001,113.2,112.9,112.3,106.6,105.4,104.5,103.4,101.80000000000001,100.7,99.5,99.4,99.1,97.2,96.0,95.2,94.4,93.4,93.0,87.1,86.6,86.1,85.9,85.4,84.4,83.7,83.4,83.0,82.6,82.5,82.0,82.0,80.80000000000001,79.4,79.30000000000001,79.2,77.80000000000001,77.7,76.2,76.0,75.80000000000001,71.4,70.5,69.30000000000001,68.9,67.0,66.4,65.0,63.800000000000004,63.300000000000004,63.0,63.0,61.7,61.3,59.7,59.400000000000006,56.0,53.60000000000001,48.3,46.8,44.8,44.0,43.900000000000006,43.400000000000006,42.10000000000001,40.400000000000006,39.0,38.8,38.7,38.10000000000001,37.10000000000001,37.0,36.5,36.5,33.8,29.700000000000003,15.299999999999997,11.799999999999997,11.0,10.799999999999997,9.400000000000006,8.900000000000006,8.700000000000003,6.799999999999997,3.1000000000000085,2.9000000000000057,0.7000000000000028,0.0,0.8999999999999915,1.7000000000000028,3.1000000000000085,3.6000000000000085,3.700000000000003,4.700000000000003,4.799999999999997,5.3999999999999915,5.6000000000000085,9.600000000000009,10.299999999999997,11.299999999999997,12.100000000000009,13.399999999999991,14.600000000000009,15.999999999999986,18.39999999999999,18.799999999999997,19.89999999999999,21.60000000000001,23.200000000000003,23.999999999999986,26.10000000000001,26.700000000000003,27.299999999999997,27.999999999999986,30.299999999999997,32.7,33.10000000000001,33.2,33.2,33.39999999999999,35.8,35.999999999999986,36.2,38.89999999999999,42.39999999999999,45.60000000000001,55.2,58.3,58.7,63.2,66.39999999999999,72.99999999999999,88.10000000000001,97.49999999999999,138.2,138.60000000000002,141.90000000000003,142.8,150.0,161.0,161.10000000000002,162.10000000000002,162.10000000000002,163.90000000000003,166.8,170.7,171.60000000000002,174.10000000000002,174.8,173.8,173.7,172.7,171.89999999999998,171.7,170.39999999999998,169.09999999999997,168.09999999999997,158.89999999999998,158.39999999999998,158.3,157.8,157.7,157.59999999999997,157.09999999999997,156.2,156.09999999999997,156.09999999999997,155.3,154.2,153.7,153.39999999999998,153.3,152.39999999999998,147.8,143.59999999999997,140.09999999999997,136.7,135.39999999999998,135.09999999999997,133.39999999999998,132.89999999999998,126.19999999999999
leaf green color,126.19999999999999,125.6,124.89999999999999,124.8,124.69999999999999,123.3,123.0,120.69999999999999,119.6,118.89999999999999,116.89999999999999,116.0,115.5,115.0,114.1,113.8,113.19999999999999,107.5,106.3,105.39999999999999,104.3,102.69999999999999,101.6,100.39999999999999,100.3,100.0,98.1,96.89999999999999,96.1,95.3,94.3,93.89999999999999,88.0,87.5,87.0,86.8,86.3,85.3,84.6,84.3,83.89999999999999,83.5,83.39999999999999,82.89999999999999,82.89999999999999,81.69999999999999,80.3,80.19999999999999,80.1,78.69999999999999,78.6,77.1,76.89999999999999,76.69999999999999,72.3,71.39999999999999,70.19999999999999,69.8,67.89999999999999,67.3,65.89999999999999,64.69999999999999,64.19999999999999,63.89999999999999,63.89999999999999,62.599999999999994,62.19999999999999,60.599999999999994,60.3,56.89999999999999,54.5,49.19999999999999,47.69999999999999,45.69999999999999,44.89999999999999,44.8,44.3,43.0,41.3,39.89999999999999,39.69999999999999,39.599999999999994,39.0,38.0,37.89999999999999,37.39999999999999,37.39999999999999,34.69999999999999,30.599999999999994,16.19999999999999,12.699999999999989,11.899999999999991,11.699999999999989,10.299999999999997,9.799999999999997,9.599999999999994,7.699999999999989,4.0,3.799999999999997,1.5999999999999943,0.8999999999999915,0.0,0.8000000000000114,2.200000000000017,2.700000000000017,2.8000000000000114,3.8000000000000114,3.9000000000000057,4.5,4.700000000000017,8.700000000000017,9.400000000000006,10.400000000000006,11.200000000000017,12.5,13.700000000000017,15.099999999999994,17.5,17.900000000000006,19.0,20.700000000000017,22.30000000000001,23.099999999999994,25.200000000000017,25.80000000000001,26.400000000000006,27.099999999999994,29.400000000000006,31.80000000000001,32.20000000000002,32.30000000000001,32.30000000000001,32.5,34.900000000000006,35.099999999999994,35.30000000000001,38.0,41.5,44.70000000000002,54.30000000000001,57.400000000000006,57.80000000000001,62.30000000000001,65.5,72.1,87.20000000000002,96.6,137.29999999999998,137.70000000000002,141.00000000000003,141.9,149.1,160.1,160.20000000000002,161.20000000000002,161.20000000000002,163.00000000000003,165.9,169.79999999999998,170.70000000000002,173.20000000000002,175.70000000000002,174.70000000000002,174.6,173.6,172.79999999999998,172.6,171.29999999999998,169.99999999999997,168.99999999999997,159.79999999999998,159.29999999999998,159.20000000000002,158.70000000000002,158.6,158.49999999999997,157.99999999999997,157.1,156.99999999999997,156.99999999999997,156.20000000000002,155.1,154.6,154.29999999999998,154.20000000000002,153.29999999999998,148.70000000000002,144.49999999999997,140.99999999999997,137.6,136.29999999999998,135.99999999999997,134.29999999999998,133.79999999999998,127.1
kermit green color,127.0,126.4,125.7,125.60000000000001,125.5,124.10000000000001,123.80000000000001,121.5,120.4,119.7,117.7,116.80000000000001,116.30000000000001,115.80000000000001,114.9,114.60000000000001,114.0,108.30000000000001,107.10000000000001,106.2,105.10000000000001,103.5,102.4,101.2,101.10000000000001,100.80000000000001,98.9,97.7,96.9,96.10000000000001,95.10000000000001,94.7,88.80000000000001,88.30000000000001,87.80000000000001,87.60000000000001,87.10000000000001,86.10000000000001,85.4,85.10000000000001,84.7,84.30000000000001,84.2,83.7,83.7,82.5,81.10000000000001,81.0,80.9,79.5,79.4,77.9,77.7,77.5,73.10000000000001,72.2,71.0,70.60000000000001,68.7,68.10000000000001,66.7,65.5,65.0,64.7,64.7,63.400000000000006,63.0,61.400000000000006,61.10000000000001,57.7,55.30000000000001,50.0,48.5,46.5,45.7,45.60000000000001,45.10000000000001,43.80000000000001,42.10000000000001,40.7,40.5,40.400000000000006,39.80000000000001,38.80000000000001,38.7,38.2,38.2,35.5,31.400000000000006,17.0,13.5,12.700000000000003,12.5,11.100000000000009,10.600000000000009,10.400000000000006,8.5,4.800000000000011,4.6000000000000085,2.4000000000000057,1.7000000000000028,0.8000000000000114,0.0,1.4000000000000057,1.9000000000000057,2.0,3.0,3.0999999999999943,3.6999999999999886,3.9000000000000057,7.900000000000006,8.599999999999994,9.599999999999994,10.400000000000006,11.699999999999989,12.900000000000006,14.299999999999983,16.69999999999999,17.099999999999994,18.19999999999999,19.900000000000006,21.5,22.299999999999983,24.400000000000006,25.0,25.599999999999994,26.299999999999983,28.599999999999994,31.0,31.400000000000006,31.5,31.5,31.69999999999999,34.099999999999994,34.29999999999998,34.5,37.19999999999999,40.69999999999999,43.900000000000006,53.5,56.599999999999994,57.0,61.5,64.69999999999999,71.29999999999998,86.4,95.79999999999998,136.49999999999997,136.9,140.20000000000002,141.1,148.29999999999998,159.29999999999998,159.4,160.4,160.4,162.20000000000002,165.1,168.99999999999997,169.9,172.4,176.50000000000003,175.50000000000003,175.4,174.4,173.6,173.4,172.1,170.79999999999998,169.79999999999998,160.6,160.1,160.00000000000003,159.50000000000003,159.4,159.29999999999998,158.79999999999998,157.9,157.79999999999998,157.79999999999998,157.00000000000003,155.9,155.4,155.1,155.00000000000003,154.1,149.50000000000003,145.29999999999998,141.79999999999998,138.4,137.1,136.79999999999998,135.1,134.6,127.9
nasty green color,128.4,127.80000000000001,127.10000000000001,127.00000000000001,126.9,125.50000000000001,125.20000000000002,122.9,121.80000000000001,121.10000000000001,119.10000000000001,118.20000000000002,117.70000000000002,117.20000000000002,116.30000000000001,116.00000000000001,115.4,109.70000000000002,108.50000000000001,107.60000000000001,106.50000000000001,104.9,103.80000000000001,102.60000000000001,102.50000000000001,102.20000000000002,100.30000000000001,99.10000000000001,98.30000000000001,97.50000000000001,96.50000000000001,96.10000000000001,90.20000000000002,89.70000000000002,89.20000000000002,89.00000000000001,88.50000000000001,87.50000000000001,86.80000000000001,86.50000000000001,86.10000000000001,85.70000000000002,85.60000000000001,85.10000000000001,85.10000000000001,83.9,82.50000000000001,82.4,82.30000000000001,80.9,80.80000000000001,79.30000000000001,79.10000000000001,78.9,74.50000000000001,73.60000000000001,72.4,72.00000000000001,70.10000000000001,69.50000000000001,68.10000000000001,66.9,66.4,66.10000000000001,66.10000000000001,64.80000000000001,64.4,62.80000000000001,62.500000000000014,59.10000000000001,56.70000000000002,51.400000000000006,49.900000000000006,47.900000000000006,47.10000000000001,47.000000000000014,46.500000000000014,45.20000000000002,43.500000000000014,42.10000000000001,41.900000000000006,41.80000000000001,41.20000000000002,40.20000000000002,40.10000000000001,39.60000000000001,39.60000000000001,36.900000000000006,32.80000000000001,18.400000000000006,14.900000000000006,14.100000000000009,13.900000000000006,12.500000000000014,12.000000000000014,11.800000000000011,9.900000000000006,6.200000000000017,6.000000000000014,3.8000000000000114,3.1000000000000085,2.200000000000017,1.4000000000000057,0.0,0.5,0.5999999999999943,1.5999999999999943,1.6999999999999886,2.299999999999983,2.5,6.5,7.199999999999989,8.199999999999989,9.0,10.299999999999983,11.5,12.899999999999977,15.299999999999983,15.699999999999989,16.799999999999983,18.5,20.099999999999994,20.899999999999977,23.0,23.599999999999994,24.19999999999999,24.899999999999977,27.19999999999999,29.599999999999994,30.0,30.099999999999994,30.099999999999994,30.299999999999983,32.69999999999999,32.89999999999998,33.099999999999994,35.79999999999998,39.29999999999998,42.5,52.099999999999994,55.19999999999999,55.599999999999994,60.099999999999994,63.29999999999998,69.89999999999998,85.0,94.39999999999998,135.09999999999997,135.5,138.8,139.7,146.89999999999998,157.89999999999998,158.0,159.0,159.0,160.8,163.7,167.59999999999997,168.5,171.0,177.90000000000003,176.90000000000003,176.8,175.8,175.0,174.8,173.5,172.2,171.2,162.0,161.5,161.40000000000003,160.90000000000003,160.8,160.7,160.2,159.3,159.2,159.2,158.40000000000003,157.3,156.8,156.5,156.40000000000003,155.5,150.90000000000003,146.7,143.2,139.8,138.5,138.2,136.5,136.0,129.3
lawn green color,128.9,128.3,127.60000000000001,127.50000000000001,127.4,126.00000000000001,125.70000000000002,123.4,122.30000000000001,121.60000000000001,119.60000000000001,118.70000000000002,118.20000000000002,117.70000000000002,116.80000000000001,116.50000000000001,115.9,110.20000000000002,109.00000000000001,108.10000000000001,107.00000000000001,105.4,104.30000000000001,103.10000000000001,103.00000000000001,102.70000000000002,100.80000000000001,99.60000000000001,98.80000000000001,98.00000000000001,97.00000000000001,96.60000000000001,90.70000000000002,90.20000000000002,89.70000000000002,89.50000000000001,89.00000000000001,88.00000000000001,87.30000000000001,87.00000000000001,86.60000000000001,86.20000000000002,86.10000000000001,85.60000000000001,85.60000000000001,84.4,83.00000000000001,82.9,82.80000000000001,81.4,81.30000000000001,79.80000000000001,79.60000000000001,79.4,75.00000000000001,74.10000000000001,72.9,72.50000000000001,70.60000000000001,70.00000000000001,68.60000000000001,67.4,66.9,66.60000000000001,66.60000000000001,65.30000000000001,64.9,63.30000000000001,63.000000000000014,59.60000000000001,57.20000000000002,51.900000000000006,50.400000000000006,48.400000000000006,47.60000000000001,47.500000000000014,47.000000000000014,45.70000000000002,44.000000000000014,42.60000000000001,42.400000000000006,42.30000000000001,41.70000000000002,40.70000000000002,40.60000000000001,40.10000000000001,40.10000000000001,37.400000000000006,33.30000000000001,18.900000000000006,15.400000000000006,14.600000000000009,14.400000000000006,13.000000000000014,12.500000000000014,12.300000000000011,10.400000000000006,6.700000000000017,6.500000000000014,4.300000000000011,3.6000000000000085,2.700000000000017,1.9000000000000057,0.5,0.0,0.09999999999999432,1.0999999999999943,1.1999999999999886,1.799999999999983,2.0,6.0,6.699999999999989,7.699999999999989,8.5,9.799999999999983,11.0,12.399999999999977,14.799999999999983,15.199999999999989,16.299999999999983,18.0,19.599999999999994,20.399999999999977,22.5,23.099999999999994,23.69999999999999,24.399999999999977,26.69999999999999,29.099999999999994,29.5,29.599999999999994,29.599999999999994,29.799999999999983,32.19999999999999,32.39999999999998,32.599999999999994,35.29999999999998,38.79999999999998,42.0,51.599999999999994,54.69999999999999,55.099999999999994,59.599999999999994,62.79999999999998,69.39999999999998,84.5,93.89999999999998,134.59999999999997,135.0,138.3,139.2,146.39999999999998,157.39999999999998,157.5,158.5,158.5,160.3,163.2,167.09999999999997,168.0,170.5,178.40000000000003,177.40000000000003,177.3,176.3,175.5,175.3,174.0,172.7,171.7,162.5,162.0,161.90000000000003,161.40000000000003,161.3,161.2,160.7,159.8,159.7,159.7,158.90000000000003,157.8,157.3,157.0,156.90000000000003,156.0,151.40000000000003,147.2,143.7,140.3,139.0,138.7,137.0,136.5,129.8
frog green color,129.0,128.4,127.7,127.60000000000001,127.5,126.10000000000001,125.80000000000001,123.5,122.4,121.7,119.7,118.80000000000001,118.30000000000001,117.80000000000001,116.9,116.60000000000001,116.0,110.30000000000001,109.10000000000001,108.2,107.10000000000001,105.5,104.4,103.2,103.10000000000001,102.80000000000001,100.9,99.7,98.9,98.10000000000001,97.10000000000001,96.7,90.80000000000001,90.30000000000001,89.80000000000001,89.60000000000001,89.10000000000001,88.10000000000001,87.4,87.10000000000001,86.7,86.30000000000001,86.2,85.7,85.7,84.5,83.10000000000001,83.0,82.9,81.5,81.4,79.9,79.7,79.5,75.10000000000001,74.2,73.0,72.60000000000001,70.7,70.10000000000001,68.7,67.5,67.0,66.7,66.7,65.4,65.0,63.400000000000006,63.10000000000001,59.7,57.30000000000001,52.0,50.5,48.5,47.7,47.60000000000001,47.10000000000001,45.80000000000001,44.10000000000001,42.7,42.5,42.400000000000006,41.80000000000001,40.80000000000001,40.7,40.2,40.2,37.5,33.400000000000006,19.0,15.5,14.700000000000003,14.5,13.100000000000009,12.600000000000009,12.400000000000006,10.5,6.800000000000011,6.6000000000000085,4.400000000000006,3.700000000000003,2.8000000000000114,2.0,0.5999999999999943,0.09999999999999432,0.0,1.0,1.0999999999999943,1.6999999999999886,1.9000000000000057,5.900000000000006,6.599999999999994,7.599999999999994,8.400000000000006,9.699999999999989,10.900000000000006,12.299999999999983,14.699999999999989,15.099999999999994,16.19999999999999,17.900000000000006,19.5,20.299999999999983,22.400000000000006,23.0,23.599999999999994,24.299999999999983,26.599999999999994,29.0,29.400000000000006,29.5,29.5,29.69999999999999,32.099999999999994,32.29999999999998,32.5,35.19999999999999,38.69999999999999,41.900000000000006,51.5,54.599999999999994,55.0,59.5,62.69999999999999,69.29999999999998,84.4,93.79999999999998,134.49999999999997,134.9,138.20000000000002,139.1,146.29999999999998,157.29999999999998,157.4,158.4,158.4,160.20000000000002,163.1,166.99999999999997,167.9,170.4,178.50000000000003,177.50000000000003,177.4,176.4,175.6,175.4,174.1,172.79999999999998,171.79999999999998,162.6,162.1,162.00000000000003,161.50000000000003,161.4,161.29999999999998,160.79999999999998,159.9,159.79999999999998,159.79999999999998,159.00000000000003,157.9,157.4,157.1,157.00000000000003,156.1,151.50000000000003,147.29999999999998,143.79999999999998,140.4,139.1,138.79999999999998,137.1,136.6,129.9
grass color,130.0,129.4,128.70000000000002,128.6,128.5,127.10000000000001,126.80000000000001,124.5,123.4,122.7,120.7,119.80000000000001,119.30000000000001,118.80000000000001,117.9,117.60000000000001,117.0,111.30000000000001,110.10000000000001,109.2,108.10000000000001,106.5,105.4,104.2,104.10000000000001,103.80000000000001,101.9,100.7,99.9,99.10000000000001,98.10000000000001,97.7,91.80000000000001,91.30000000000001,90.80000000000001,90.60000000000001,90.10000000000001,89.10000000000001,88.4,88.10000000000001,87.7,87.30000000000001,87.2,86.7,86.7,85.5,84.10000000000001,84.0,83.9,82.5,82.4,80.9,80.7,80.5,76.10000000000001,75.2,74.0,73.60000000000001,71.7,71.10000000000001,69.7,68.5,68.0,67.7,67.7,66.4,66.0,64.4,64.10000000000001,60.7,58.30000000000001,53.0,51.5,49.5,48.7,48.60000000000001,48.10000000000001,46.80000000000001,45.10000000000001,43.7,43.5,43.400000000000006,42.80000000000001,41.80000000000001,41.7,41.2,41.2,38.5,34.400000000000006,20.0,16.5,15.700000000000003,15.5,14.100000000000009,13.600000000000009,13.400000000000006,11.5,7.800000000000011,7.6000000000000085,5.400000000000006,4.700000000000003,3.8000000000000114,3.0,1.5999999999999943,1.0999999999999943,1.0,0.0,0.09999999999999432,0.6999999999999886,0.9000000000000057,4.900000000000006,5.599999999999994,6.599999999999994,7.400000000000006,8.699999999999989,9.900000000000006,11.299999999999983,13.699999999999989,14.099999999999994,15.199999999999989,16.900000000000006,18.5,19.299999999999983,21.400000000000006,22.0,22.599999999999994,23.299999999999983,25.599999999999994,28.0,28.400000000000006,28.5,28.5,28.69999999999999,31.099999999999994,31.299999999999983,31.5,34.19999999999999,37.69999999999999,40.900000000000006,50.5,53.599999999999994,54.0,58.5,61.69999999999999,68.29999999999998,83.4,92.79999999999998,133.49999999999997,133.9,137.20000000000002,138.1,145.29999999999998,156.29999999999998,156.4,157.4,157.4,159.20000000000002,162.1,165.99999999999997,166.9,169.4,179.50000000000003,178.50000000000003,178.4,177.4,176.6,176.4,175.1,173.79999999999998,172.79999999999998,163.6,163.1,163.00000000000003,162.50000000000003,162.4,162.29999999999998,161.79999999999998,160.9,160.79999999999998,160.79999999999998,160.00000000000003,158.9,158.4,158.1,158.00000000000003,157.1,152.50000000000003,148.29999999999998,144.79999999999998,141.4,140.1,139.79999999999998,138.1,137.6,130.9
grassy green color,130.1,129.5,128.8,128.7,128.6,127.2,126.9,124.6,123.5,122.8,120.8,119.9,119.4,118.9,118.0,117.7,117.1,111.4,110.2,109.3,108.2,106.6,105.5,104.3,104.2,103.9,102.0,100.8,100.0,99.2,98.2,97.8,91.9,91.4,90.9,90.7,90.2,89.2,88.5,88.2,87.8,87.4,87.3,86.8,86.8,85.6,84.2,84.1,84.0,82.6,82.5,81.0,80.8,80.6,76.2,75.3,74.1,73.7,71.8,71.2,69.8,68.6,68.1,67.8,67.8,66.5,66.1,64.5,64.2,60.8,58.400000000000006,53.099999999999994,51.599999999999994,49.599999999999994,48.8,48.7,48.2,46.900000000000006,45.2,43.8,43.599999999999994,43.5,42.900000000000006,41.900000000000006,41.8,41.3,41.3,38.599999999999994,34.5,20.099999999999994,16.599999999999994,15.799999999999997,15.599999999999994,14.200000000000003,13.700000000000003,13.5,11.599999999999994,7.900000000000006,7.700000000000003,5.5,4.799999999999997,3.9000000000000057,3.0999999999999943,1.6999999999999886,1.1999999999999886,1.0999999999999943,0.09999999999999432,0.0,0.5999999999999943,0.8000000000000114,4.800000000000011,5.5,6.5,7.300000000000011,8.599999999999994,9.800000000000011,11.199999999999989,13.599999999999994,14.0,15.099999999999994,16.80000000000001,18.400000000000006,19.19999999999999,21.30000000000001,21.900000000000006,22.5,23.19999999999999,25.5,27.900000000000006,28.30000000000001,28.400000000000006,28.400000000000006,28.599999999999994,31.0,31.19999999999999,31.400000000000006,34.099999999999994,37.599999999999994,40.80000000000001,50.400000000000006,53.5,53.900000000000006,58.400000000000006,61.599999999999994,68.19999999999999,83.30000000000001,92.69999999999999,133.39999999999998,133.8,137.10000000000002,138.0,145.2,156.2,156.3,157.3,157.3,159.10000000000002,162.0,165.89999999999998,166.8,169.3,179.60000000000002,178.60000000000002,178.5,177.5,176.7,176.5,175.2,173.89999999999998,172.89999999999998,163.7,163.2,163.10000000000002,162.60000000000002,162.5,162.39999999999998,161.89999999999998,161.0,160.89999999999998,160.89999999999998,160.10000000000002,159.0,158.5,158.2,158.10000000000002,157.2,152.60000000000002,148.39999999999998,144.89999999999998,141.5,140.2,139.89999999999998,138.2,137.7,131.0
turtle green color,130.7,130.1,129.4,129.29999999999998,129.2,127.8,127.5,125.19999999999999,124.1,123.39999999999999,121.39999999999999,120.5,120.0,119.5,118.6,118.3,117.69999999999999,112.0,110.8,109.89999999999999,108.8,107.19999999999999,106.1,104.89999999999999,104.8,104.5,102.6,101.39999999999999,100.6,99.8,98.8,98.39999999999999,92.5,92.0,91.5,91.3,90.8,89.8,89.1,88.8,88.39999999999999,88.0,87.89999999999999,87.39999999999999,87.39999999999999,86.19999999999999,84.8,84.69999999999999,84.6,83.19999999999999,83.1,81.6,81.39999999999999,81.19999999999999,76.8,75.89999999999999,74.69999999999999,74.3,72.39999999999999,71.8,70.39999999999999,69.19999999999999,68.69999999999999,68.39999999999999,68.39999999999999,67.1,66.69999999999999,65.1,64.8,61.39999999999999,59.0,53.69999999999999,52.19999999999999,50.19999999999999,49.39999999999999,49.3,48.8,47.5,45.8,44.39999999999999,44.19999999999999,44.099999999999994,43.5,42.5,42.39999999999999,41.89999999999999,41.89999999999999,39.19999999999999,35.099999999999994,20.69999999999999,17.19999999999999,16.39999999999999,16.19999999999999,14.799999999999997,14.299999999999997,14.099999999999994,12.199999999999989,8.5,8.299999999999997,6.099999999999994,5.3999999999999915,4.5,3.6999999999999886,2.299999999999983,1.799999999999983,1.6999999999999886,0.6999999999999886,0.5999999999999943,0.0,0.20000000000001705,4.200000000000017,4.900000000000006,5.900000000000006,6.700000000000017,8.0,9.200000000000017,10.599999999999994,13.0,13.400000000000006,14.5,16.200000000000017,17.80000000000001,18.599999999999994,20.700000000000017,21.30000000000001,21.900000000000006,22.599999999999994,24.900000000000006,27.30000000000001,27.700000000000017,27.80000000000001,27.80000000000001,28.0,30.400000000000006,30.599999999999994,30.80000000000001,33.5,37.0,40.20000000000002,49.80000000000001,52.900000000000006,53.30000000000001,57.80000000000001,61.0,67.6,82.70000000000002,92.1,132.79999999999998,133.20000000000002,136.50000000000003,137.4,144.6,155.6,155.70000000000002,156.70000000000002,156.70000000000002,158.50000000000003,161.4,165.29999999999998,166.20000000000002,168.70000000000002,179.79999999999998,179.20000000000002,179.1,178.1,177.29999999999998,177.1,175.79999999999998,174.49999999999997,173.49999999999997,164.29999999999998,163.79999999999998,163.70000000000002,163.20000000000002,163.1,162.99999999999997,162.49999999999997,161.6,161.49999999999997,161.49999999999997,160.70000000000002,159.6,159.1,158.79999999999998,158.70000000000002,157.79999999999998,153.20000000000002,148.99999999999997,145.49999999999997,142.1,140.79999999999998,140.49999999999997,138.79999999999998,138.29999999999998,131.6
grass green color,130.9,130.3,129.60000000000002,129.5,129.4,128.0,127.70000000000002,125.4,124.30000000000001,123.60000000000001,121.60000000000001,120.70000000000002,120.20000000000002,119.70000000000002,118.80000000000001,118.50000000000001,117.9,112.20000000000002,111.00000000000001,110.10000000000001,109.00000000000001,107.4,106.30000000000001,105.10000000000001,105.00000000000001,104.70000000000002,102.80000000000001,101.60000000000001,100.80000000000001,100.00000000000001,99.00000000000001,98.60000000000001,92.70000000000002,92.20000000000002,91.70000000000002,91.50000000000001,91.00000000000001,90.00000000000001,89.30000000000001,89.00000000000001,88.60000000000001,88.20000000000002,88.10000000000001,87.60000000000001,87.60000000000001,86.4,85.00000000000001,84.9,84.80000000000001,83.4,83.30000000000001,81.80000000000001,81.60000000000001,81.4,77.00000000000001,76.10000000000001,74.9,74.50000000000001,72.60000000000001,72.00000000000001,70.60000000000001,69.4,68.9,68.60000000000001,68.60000000000001,67.30000000000001,66.9,65.30000000000001,65.00000000000001,61.60000000000001,59.20000000000002,53.900000000000006,52.400000000000006,50.400000000000006,49.60000000000001,49.500000000000014,49.000000000000014,47.70000000000002,46.000000000000014,44.60000000000001,44.400000000000006,44.30000000000001,43.70000000000002,42.70000000000002,42.60000000000001,42.10000000000001,42.10000000000001,39.400000000000006,35.30000000000001,20.900000000000006,17.400000000000006,16.60000000000001,16.400000000000006,15.000000000000014,14.500000000000014,14.300000000000011,12.400000000000006,8.700000000000017,8.500000000000014,6.300000000000011,5.6000000000000085,4.700000000000017,3.9000000000000057,2.5,2.0,1.9000000000000057,0.9000000000000057,0.8000000000000114,0.20000000000001705,0.0,4.0,4.699999999999989,5.699999999999989,6.5,7.799999999999983,9.0,10.399999999999977,12.799999999999983,13.199999999999989,14.299999999999983,16.0,17.599999999999994,18.399999999999977,20.5,21.099999999999994,21.69999999999999,22.399999999999977,24.69999999999999,27.099999999999994,27.5,27.599999999999994,27.599999999999994,27.799999999999983,30.19999999999999,30.399999999999977,30.599999999999994,33.29999999999998,36.79999999999998,40.0,49.599999999999994,52.69999999999999,53.099999999999994,57.599999999999994,60.79999999999998,67.39999999999998,82.5,91.89999999999998,132.59999999999997,133.0,136.3,137.2,144.39999999999998,155.39999999999998,155.5,156.5,156.5,158.3,161.2,165.09999999999997,166.0,168.5,179.59999999999997,179.40000000000003,179.3,178.3,177.5,177.3,176.0,174.7,173.7,164.5,164.0,163.90000000000003,163.40000000000003,163.3,163.2,162.7,161.8,161.7,161.7,160.90000000000003,159.8,159.3,159.0,158.90000000000003,158.0,153.40000000000003,149.2,145.7,142.3,141.0,140.7,139.0,138.5,131.8
leafy green color,134.9,134.3,133.60000000000002,133.5,133.4,132.0,131.70000000000002,129.4,128.3,127.60000000000001,125.60000000000001,124.70000000000002,124.20000000000002,123.70000000000002,122.80000000000001,122.50000000000001,121.9,116.20000000000002,115.00000000000001,114.10000000000001,113.00000000000001,111.4,110.30000000000001,109.10000000000001,109.00000000000001,108.70000000000002,106.80000000000001,105.60000000000001,104.80000000000001,104.00000000000001,103.00000000000001,102.60000000000001,96.70000000000002,96.20000000000002,95.70000000000002,95.50000000000001,95.00000000000001,94.00000000000001,93.30000000000001,93.00000000000001,92.60000000000001,92.20000000000002,92.10000000000001,91.60000000000001,91.60000000000001,90.4,89.00000000000001,88.9,88.80000000000001,87.4,87.30000000000001,85.80000000000001,85.60000000000001,85.4,81.00000000000001,80.10000000000001,78.9,78.50000000000001,76.60000000000001,76.00000000000001,74.60000000000001,73.4,72.9,72.60000000000001,72.60000000000001,71.30000000000001,70.9,69.30000000000001,69.00000000000001,65.60000000000001,63.20000000000002,57.900000000000006,56.400000000000006,54.400000000000006,53.60000000000001,53.500000000000014,53.000000000000014,51.70000000000002,50.000000000000014,48.60000000000001,48.400000000000006,48.30000000000001,47.70000000000002,46.70000000000002,46.60000000000001,46.10000000000001,46.10000000000001,43.400000000000006,39.30000000000001,24.900000000000006,21.400000000000006,20.60000000000001,20.400000000000006,19.000000000000014,18.500000000000014,18.30000000000001,16.400000000000006,12.700000000000017,12.500000000000014,10.300000000000011,9.600000000000009,8.700000000000017,7.900000000000006,6.5,6.0,5.900000000000006,4.900000000000006,4.800000000000011,4.200000000000017,4.0,0.0,0.6999999999999886,1.6999999999999886,2.5,3.799999999999983,5.0,6.399999999999977,8.799999999999983,9.199999999999989,10.299999999999983,12.0,13.599999999999994,14.399999999999977,16.5,17.099999999999994,17.69999999999999,18.399999999999977,20.69999999999999,23.099999999999994,23.5,23.599999999999994,23.599999999999994,23.799999999999983,26.19999999999999,26.399999999999977,26.599999999999994,29.299999999999983,32.79999999999998,36.0,45.599999999999994,48.69999999999999,49.099999999999994,53.599999999999994,56.79999999999998,63.39999999999998,78.5,87.89999999999998,128.59999999999997,129.0,132.3,133.2,140.39999999999998,151.39999999999998,151.5,152.5,152.5,154.3,157.2,161.09999999999997,162.0,164.5,175.59999999999997,176.59999999999997,176.7,177.7,178.5,178.7,180.0,178.7,177.7,168.5,168.0,167.90000000000003,167.40000000000003,167.3,167.2,166.7,165.8,165.7,165.7,164.90000000000003,163.8,163.3,163.0,162.90000000000003,162.0,157.40000000000003,153.2,149.7,146.3,145.0,144.7,143.0,142.5,135.8
true green color,135.6,135.0,134.3,134.2,134.1,132.7,132.4,130.1,129.0,128.3,126.3,125.4,124.9,124.4,123.5,123.2,122.6,116.9,115.7,114.8,113.7,112.1,111.0,109.8,109.7,109.4,107.5,106.3,105.5,104.7,103.7,103.3,97.4,96.9,96.4,96.2,95.7,94.7,94.0,93.7,93.3,92.9,92.8,92.3,92.3,91.1,89.7,89.6,89.5,88.1,88.0,86.5,86.3,86.1,81.7,80.8,79.6,79.2,77.3,76.7,75.3,74.1,73.6,73.3,73.3,72.0,71.6,70.0,69.7,66.3,63.900000000000006,58.599999999999994,57.099999999999994,55.099999999999994,54.3,54.2,53.7,52.400000000000006,50.7,49.3,49.099999999999994,49.0,48.400000000000006,47.400000000000006,47.3,46.8,46.8,44.099999999999994,40.0,25.599999999999994,22.099999999999994,21.299999999999997,21.099999999999994,19.700000000000003,19.200000000000003,19.0,17.099999999999994,13.400000000000006,13.200000000000003,11.0,10.299999999999997,9.400000000000006,8.599999999999994,7.199999999999989,6.699999999999989,6.599999999999994,5.599999999999994,5.5,4.900000000000006,4.699999999999989,0.6999999999999886,0.0,1.0,1.8000000000000114,3.0999999999999943,4.300000000000011,5.699999999999989,8.099999999999994,8.5,9.599999999999994,11.300000000000011,12.900000000000006,13.699999999999989,15.800000000000011,16.400000000000006,17.0,17.69999999999999,20.0,22.400000000000006,22.80000000000001,22.900000000000006,22.900000000000006,23.099999999999994,25.5,25.69999999999999,25.900000000000006,28.599999999999994,32.099999999999994,35.30000000000001,44.900000000000006,48.0,48.400000000000006,52.900000000000006,56.099999999999994,62.69999999999999,77.80000000000001,87.19999999999999,127.89999999999998,128.3,131.60000000000002,132.5,139.7,150.7,150.8,151.8,151.8,153.60000000000002,156.5,160.39999999999998,161.3,163.8,174.89999999999998,175.89999999999998,176.0,177.0,177.8,178.0,179.3,179.39999999999998,178.39999999999998,169.2,168.7,168.60000000000002,168.10000000000002,168.0,167.89999999999998,167.39999999999998,166.5,166.39999999999998,166.39999999999998,165.60000000000002,164.5,164.0,163.7,163.60000000000002,162.7,158.10000000000002,153.89999999999998,150.39999999999998,147.0,145.7,145.39999999999998,143.7,143.2,136.5
green color,136.6,136.0,135.3,135.2,135.1,133.7,133.4,131.1,130.0,129.3,127.3,126.4,125.9,125.4,124.5,124.2,123.6,117.9,116.7,115.8,114.7,113.1,112.0,110.8,110.7,110.4,108.5,107.3,106.5,105.7,104.7,104.3,98.4,97.9,97.4,97.2,96.7,95.7,95.0,94.7,94.3,93.9,93.8,93.3,93.3,92.1,90.7,90.6,90.5,89.1,89.0,87.5,87.3,87.1,82.7,81.8,80.6,80.2,78.3,77.7,76.3,75.1,74.6,74.3,74.3,73.0,72.6,71.0,70.7,67.3,64.9,59.599999999999994,58.099999999999994,56.099999999999994,55.3,55.2,54.7,53.400000000000006,51.7,50.3,50.099999999999994,50.0,49.400000000000006,48.400000000000006,48.3,47.8,47.8,45.099999999999994,41.0,26.599999999999994,23.099999999999994,22.299999999999997,22.099999999999994,20.700000000000003,20.200000000000003,20.0,18.099999999999994,14.400000000000006,14.200000000000003,12.0,11.299999999999997,10.400000000000006,9.599999999999994,8.199999999999989,7.699999999999989,7.599999999999994,6.599999999999994,6.5,5.900000000000006,5.699999999999989,1.6999999999999886,1.0,0.0,0.8000000000000114,2.0999999999999943,3.3000000000000114,4.699999999999989,7.099999999999994,7.5,8.599999999999994,10.300000000000011,11.900000000000006,12.699999999999989,14.800000000000011,15.400000000000006,16.0,16.69999999999999,19.0,21.400000000000006,21.80000000000001,21.900000000000006,21.900000000000006,22.099999999999994,24.5,24.69999999999999,24.900000000000006,27.599999999999994,31.099999999999994,34.30000000000001,43.900000000000006,47.0,47.400000000000006,51.900000000000006,55.099999999999994,61.69999999999999,76.80000000000001,86.19999999999999,126.89999999999998,127.30000000000001,130.60000000000002,131.5,138.7,149.7,149.8,150.8,150.8,152.60000000000002,155.5,159.39999999999998,160.3,162.8,173.89999999999998,174.89999999999998,175.0,176.0,176.8,177.0,178.3,179.60000000000002,179.39999999999998,170.2,169.7,169.60000000000002,169.10000000000002,169.0,168.89999999999998,168.39999999999998,167.5,167.39999999999998,167.39999999999998,166.60000000000002,165.5,165.0,164.7,164.60000000000002,163.7,159.10000000000002,154.89999999999998,151.39999999999998,148.0,146.7,146.39999999999998,144.7,144.2,137.5
mid green color,137.4,136.8,136.10000000000002,136.0,135.9,134.5,134.20000000000002,131.9,130.8,130.10000000000002,128.10000000000002,127.20000000000002,126.70000000000002,126.20000000000002,125.30000000000001,125.00000000000001,124.4,118.70000000000002,117.50000000000001,116.60000000000001,115.50000000000001,113.9,112.80000000000001,111.60000000000001,111.50000000000001,111.20000000000002,109.30000000000001,108.10000000000001,107.30000000000001,106.50000000000001,105.50000000000001,105.10000000000001,99.20000000000002,98.70000000000002,98.20000000000002,98.00000000000001,97.50000000000001,96.50000000000001,95.80000000000001,95.50000000000001,95.10000000000001,94.70000000000002,94.60000000000001,94.10000000000001,94.10000000000001,92.9,91.50000000000001,91.4,91.30000000000001,89.9,89.80000000000001,88.30000000000001,88.10000000000001,87.9,83.50000000000001,82.60000000000001,81.4,81.00000000000001,79.10000000000001,78.50000000000001,77.10000000000001,75.9,75.4,75.10000000000001,75.10000000000001,73.80000000000001,73.4,71.80000000000001,71.50000000000001,68.10000000000001,65.70000000000002,60.400000000000006,58.900000000000006,56.900000000000006,56.10000000000001,56.000000000000014,55.500000000000014,54.20000000000002,52.500000000000014,51.10000000000001,50.900000000000006,50.80000000000001,50.20000000000002,49.20000000000002,49.10000000000001,48.60000000000001,48.60000000000001,45.900000000000006,41.80000000000001,27.400000000000006,23.900000000000006,23.10000000000001,22.900000000000006,21.500000000000014,21.000000000000014,20.80000000000001,18.900000000000006,15.200000000000017,15.000000000000014,12.800000000000011,12.100000000000009,11.200000000000017,10.400000000000006,9.0,8.5,8.400000000000006,7.400000000000006,7.300000000000011,6.700000000000017,6.5,2.5,1.8000000000000114,0.8000000000000114,0.0,1.299999999999983,2.5,3.8999999999999773,6.299999999999983,6.699999999999989,7.799999999999983,9.5,11.099999999999994,11.899999999999977,14.0,14.599999999999994,15.199999999999989,15.899999999999977,18.19999999999999,20.599999999999994,21.0,21.099999999999994,21.099999999999994,21.299999999999983,23.69999999999999,23.899999999999977,24.099999999999994,26.799999999999983,30.299999999999983,33.5,43.099999999999994,46.19999999999999,46.599999999999994,51.099999999999994,54.29999999999998,60.89999999999998,76.0,85.39999999999998,126.09999999999997,126.5,129.8,130.7,137.89999999999998,148.89999999999998,149.0,150.0,150.0,151.8,154.7,158.59999999999997,159.5,162.0,173.09999999999997,174.09999999999997,174.2,175.2,176.0,176.2,177.5,178.8,179.8,171.0,170.5,170.40000000000003,169.90000000000003,169.8,169.7,169.2,168.3,168.2,168.2,167.40000000000003,166.3,165.8,165.5,165.40000000000003,164.5,159.90000000000003,155.7,152.2,148.8,147.5,147.2,145.5,145.0,138.3
emerald green color,138.7,138.1,137.4,137.29999999999998,137.2,135.79999999999998,135.5,133.2,132.1,131.4,129.4,128.5,128.0,127.5,126.6,126.3,125.69999999999999,120.0,118.8,117.89999999999999,116.8,115.19999999999999,114.1,112.89999999999999,112.8,112.5,110.6,109.39999999999999,108.6,107.8,106.8,106.39999999999999,100.5,100.0,99.5,99.3,98.8,97.8,97.1,96.8,96.39999999999999,96.0,95.89999999999999,95.39999999999999,95.39999999999999,94.19999999999999,92.8,92.69999999999999,92.6,91.19999999999999,91.1,89.6,89.39999999999999,89.19999999999999,84.8,83.89999999999999,82.69999999999999,82.3,80.39999999999999,79.8,78.39999999999999,77.19999999999999,76.69999999999999,76.39999999999999,76.39999999999999,75.1,74.69999999999999,73.1,72.8,69.39999999999999,67.0,61.69999999999999,60.19999999999999,58.19999999999999,57.39999999999999,57.3,56.8,55.5,53.8,52.39999999999999,52.19999999999999,52.099999999999994,51.5,50.5,50.39999999999999,49.89999999999999,49.89999999999999,47.19999999999999,43.099999999999994,28.69999999999999,25.19999999999999,24.39999999999999,24.19999999999999,22.799999999999997,22.299999999999997,22.099999999999994,20.19999999999999,16.5,16.299999999999997,14.099999999999994,13.399999999999991,12.5,11.699999999999989,10.299999999999983,9.799999999999983,9.699999999999989,8.699999999999989,8.599999999999994,8.0,7.799999999999983,3.799999999999983,3.0999999999999943,2.0999999999999943,1.299999999999983,0.0,1.200000000000017,2.5999999999999943,5.0,5.400000000000006,6.5,8.200000000000017,9.800000000000011,10.599999999999994,12.700000000000017,13.300000000000011,13.900000000000006,14.599999999999994,16.900000000000006,19.30000000000001,19.700000000000017,19.80000000000001,19.80000000000001,20.0,22.400000000000006,22.599999999999994,22.80000000000001,25.5,29.0,32.20000000000002,41.80000000000001,44.900000000000006,45.30000000000001,49.80000000000001,53.0,59.599999999999994,74.70000000000002,84.1,124.79999999999998,125.20000000000002,128.50000000000003,129.4,136.6,147.6,147.70000000000002,148.70000000000002,148.70000000000002,150.50000000000003,153.4,157.29999999999998,158.20000000000002,160.70000000000002,171.79999999999998,172.79999999999998,172.9,173.9,174.70000000000002,174.9,176.20000000000002,177.50000000000003,178.50000000000003,172.29999999999998,171.79999999999998,171.70000000000002,171.20000000000002,171.1,170.99999999999997,170.49999999999997,169.6,169.49999999999997,169.49999999999997,168.70000000000002,167.6,167.1,166.79999999999998,166.70000000000002,165.79999999999998,161.20000000000002,156.99999999999997,153.49999999999997,150.1,148.79999999999998,148.49999999999997,146.79999999999998,146.29999999999998,139.6
kelly green color,139.9,139.3,138.60000000000002,138.5,138.4,137.0,136.70000000000002,134.4,133.3,132.60000000000002,130.60000000000002,129.70000000000002,129.20000000000002,128.70000000000002,127.80000000000001,127.50000000000001,126.9,121.20000000000002,120.00000000000001,119.10000000000001,118.00000000000001,116.4,115.30000000000001,114.10000000000001,114.00000000000001,113.70000000000002,111.80000000000001,110.60000000000001,109.80000000000001,109.00000000000001,108.00000000000001,107.60000000000001,101.70000000000002,101.20000000000002,100.70000000000002,100.50000000000001,100.00000000000001,99.00000000000001,98.30000000000001,98.00000000000001,97.60000000000001,97.20000000000002,97.10000000000001,96.60000000000001,96.60000000000001,95.4,94.00000000000001,93.9,93.80000000000001,92.4,92.30000000000001,90.80000000000001,90.60000000000001,90.4,86.00000000000001,85.10000000000001,83.9,83.50000000000001,81.60000000000001,81.00000000000001,79.60000000000001,78.4,77.9,77.60000000000001,77.60000000000001,76.30000000000001,75.9,74.30000000000001,74.00000000000001,70.60000000000001,68.20000000000002,62.900000000000006,61.400000000000006,59.400000000000006,58.60000000000001,58.500000000000014,58.000000000000014,56.70000000000002,55.000000000000014,53.60000000000001,53.400000000000006,53.30000000000001,52.70000000000002,51.70000000000002,51.60000000000001,51.10000000000001,51.10000000000001,48.400000000000006,44.30000000000001,29.900000000000006,26.400000000000006,25.60000000000001,25.400000000000006,24.000000000000014,23.500000000000014,23.30000000000001,21.400000000000006,17.700000000000017,17.500000000000014,15.300000000000011,14.600000000000009,13.700000000000017,12.900000000000006,11.5,11.0,10.900000000000006,9.900000000000006,9.800000000000011,9.200000000000017,9.0,5.0,4.300000000000011,3.3000000000000114,2.5,1.200000000000017,0.0,1.3999999999999773,3.799999999999983,4.199999999999989,5.299999999999983,7.0,8.599999999999994,9.399999999999977,11.5,12.099999999999994,12.699999999999989,13.399999999999977,15.699999999999989,18.099999999999994,18.5,18.599999999999994,18.599999999999994,18.799999999999983,21.19999999999999,21.399999999999977,21.599999999999994,24.299999999999983,27.799999999999983,31.0,40.599999999999994,43.69999999999999,44.099999999999994,48.599999999999994,51.79999999999998,58.39999999999998,73.5,82.89999999999998,123.59999999999997,124.0,127.30000000000001,128.2,135.39999999999998,146.39999999999998,146.5,147.5,147.5,149.3,152.2,156.09999999999997,157.0,159.5,170.59999999999997,171.59999999999997,171.7,172.7,173.5,173.7,175.0,176.3,177.3,173.5,173.0,172.90000000000003,172.40000000000003,172.3,172.2,171.7,170.8,170.7,170.7,169.90000000000003,168.8,168.3,168.0,167.90000000000003,167.0,162.40000000000003,158.2,154.7,151.3,150.0,149.7,148.0,147.5,140.8
medium green color,141.29999999999998,140.7,140.0,139.89999999999998,139.79999999999998,138.39999999999998,138.1,135.79999999999998,134.7,134.0,132.0,131.1,130.6,130.1,129.2,128.89999999999998,128.29999999999998,122.6,121.39999999999999,120.49999999999999,119.39999999999999,117.79999999999998,116.69999999999999,115.49999999999999,115.39999999999999,115.1,113.19999999999999,111.99999999999999,111.19999999999999,110.39999999999999,109.39999999999999,108.99999999999999,103.1,102.6,102.1,101.89999999999999,101.39999999999999,100.39999999999999,99.69999999999999,99.39999999999999,98.99999999999999,98.6,98.49999999999999,97.99999999999999,97.99999999999999,96.79999999999998,95.39999999999999,95.29999999999998,95.19999999999999,93.79999999999998,93.69999999999999,92.19999999999999,91.99999999999999,91.79999999999998,87.39999999999999,86.49999999999999,85.29999999999998,84.89999999999999,82.99999999999999,82.39999999999999,80.99999999999999,79.79999999999998,79.29999999999998,78.99999999999999,78.99999999999999,77.69999999999999,77.29999999999998,75.69999999999999,75.39999999999999,71.99999999999999,69.6,64.29999999999998,62.79999999999998,60.79999999999998,59.999999999999986,59.89999999999999,59.39999999999999,58.099999999999994,56.39999999999999,54.999999999999986,54.79999999999998,54.69999999999999,54.099999999999994,53.099999999999994,52.999999999999986,52.499999999999986,52.499999999999986,49.79999999999998,45.69999999999999,31.299999999999983,27.799999999999983,26.999999999999986,26.799999999999983,25.39999999999999,24.89999999999999,24.69999999999999,22.799999999999983,19.099999999999994,18.89999999999999,16.69999999999999,15.999999999999986,15.099999999999994,14.299999999999983,12.899999999999977,12.399999999999977,12.299999999999983,11.299999999999983,11.199999999999989,10.599999999999994,10.399999999999977,6.399999999999977,5.699999999999989,4.699999999999989,3.8999999999999773,2.5999999999999943,1.3999999999999773,0.0,2.4000000000000057,2.8000000000000114,3.9000000000000057,5.600000000000023,7.200000000000017,8.0,10.100000000000023,10.700000000000017,11.300000000000011,12.0,14.300000000000011,16.700000000000017,17.100000000000023,17.200000000000017,17.200000000000017,17.400000000000006,19.80000000000001,20.0,20.200000000000017,22.900000000000006,26.400000000000006,29.600000000000023,39.20000000000002,42.30000000000001,42.70000000000002,47.20000000000002,50.400000000000006,57.0,72.10000000000002,81.5,122.19999999999999,122.60000000000002,125.90000000000003,126.80000000000001,134.0,145.0,145.10000000000002,146.10000000000002,146.10000000000002,147.90000000000003,150.8,154.7,155.60000000000002,158.10000000000002,169.2,170.2,170.3,171.3,172.10000000000002,172.3,173.60000000000002,174.90000000000003,175.90000000000003,174.89999999999998,174.39999999999998,174.3,173.8,173.7,173.59999999999997,173.09999999999997,172.2,172.09999999999997,172.09999999999997,171.3,170.2,169.7,169.39999999999998,169.3,168.39999999999998,163.8,159.59999999999997,156.09999999999997,152.7,151.39999999999998,151.09999999999997,149.39999999999998,148.89999999999998,142.2
kelley green color,143.7,143.1,142.4,142.29999999999998,142.2,140.79999999999998,140.5,138.2,137.1,136.4,134.4,133.5,133.0,132.5,131.6,131.29999999999998,130.7,125.0,123.8,122.89999999999999,121.8,120.19999999999999,119.1,117.89999999999999,117.8,117.5,115.6,114.39999999999999,113.6,112.8,111.8,111.39999999999999,105.5,105.0,104.5,104.3,103.8,102.8,102.1,101.8,101.39999999999999,101.0,100.89999999999999,100.39999999999999,100.39999999999999,99.19999999999999,97.8,97.69999999999999,97.6,96.19999999999999,96.1,94.6,94.39999999999999,94.19999999999999,89.8,88.89999999999999,87.69999999999999,87.3,85.39999999999999,84.8,83.39999999999999,82.19999999999999,81.69999999999999,81.39999999999999,81.39999999999999,80.1,79.69999999999999,78.1,77.8,74.39999999999999,72.0,66.69999999999999,65.19999999999999,63.19999999999999,62.39999999999999,62.3,61.8,60.5,58.8,57.39999999999999,57.19999999999999,57.099999999999994,56.5,55.5,55.39999999999999,54.89999999999999,54.89999999999999,52.19999999999999,48.099999999999994,33.69999999999999,30.19999999999999,29.39999999999999,29.19999999999999,27.799999999999997,27.299999999999997,27.099999999999994,25.19999999999999,21.5,21.299999999999997,19.099999999999994,18.39999999999999,17.5,16.69999999999999,15.299999999999983,14.799999999999983,14.699999999999989,13.699999999999989,13.599999999999994,13.0,12.799999999999983,8.799999999999983,8.099999999999994,7.099999999999994,6.299999999999983,5.0,3.799999999999983,2.4000000000000057,0.0,0.4000000000000057,1.5,3.200000000000017,4.800000000000011,5.599999999999994,7.700000000000017,8.300000000000011,8.900000000000006,9.599999999999994,11.900000000000006,14.300000000000011,14.700000000000017,14.800000000000011,14.800000000000011,15.0,17.400000000000006,17.599999999999994,17.80000000000001,20.5,24.0,27.200000000000017,36.80000000000001,39.900000000000006,40.30000000000001,44.80000000000001,48.0,54.599999999999994,69.70000000000002,79.1,119.79999999999998,120.20000000000002,123.50000000000003,124.4,131.6,142.6,142.70000000000002,143.70000000000002,143.70000000000002,145.50000000000003,148.4,152.29999999999998,153.20000000000002,155.70000000000002,166.79999999999998,167.79999999999998,167.9,168.9,169.70000000000002,169.9,171.20000000000002,172.50000000000003,173.50000000000003,177.29999999999998,176.79999999999998,176.70000000000002,176.20000000000002,176.1,175.99999999999997,175.49999999999997,174.6,174.49999999999997,174.49999999999997,173.70000000000002,172.6,172.1,171.79999999999998,171.70000000000002,170.79999999999998,166.20000000000002,161.99999999999997,158.49999999999997,155.1,153.79999999999998,153.49999999999997,151.79999999999998,151.29999999999998,144.6
shamrock green color,144.1,143.5,142.8,142.7,142.6,141.2,140.9,138.6,137.5,136.8,134.8,133.9,133.4,132.9,132.0,131.7,131.1,125.4,124.2,123.3,122.2,120.6,119.5,118.3,118.2,117.9,116.0,114.8,114.0,113.2,112.2,111.8,105.9,105.4,104.9,104.7,104.2,103.2,102.5,102.2,101.8,101.4,101.3,100.8,100.8,99.6,98.2,98.1,98.0,96.6,96.5,95.0,94.8,94.6,90.2,89.3,88.1,87.7,85.8,85.2,83.8,82.6,82.1,81.8,81.8,80.5,80.1,78.5,78.2,74.8,72.4,67.1,65.6,63.599999999999994,62.8,62.7,62.2,60.900000000000006,59.2,57.8,57.599999999999994,57.5,56.900000000000006,55.900000000000006,55.8,55.3,55.3,52.599999999999994,48.5,34.099999999999994,30.599999999999994,29.799999999999997,29.599999999999994,28.200000000000003,27.700000000000003,27.5,25.599999999999994,21.900000000000006,21.700000000000003,19.5,18.799999999999997,17.900000000000006,17.099999999999994,15.699999999999989,15.199999999999989,15.099999999999994,14.099999999999994,14.0,13.400000000000006,13.199999999999989,9.199999999999989,8.5,7.5,6.699999999999989,5.400000000000006,4.199999999999989,2.8000000000000114,0.4000000000000057,0.0,1.0999999999999943,2.8000000000000114,4.400000000000006,5.199999999999989,7.300000000000011,7.900000000000006,8.5,9.199999999999989,11.5,13.900000000000006,14.300000000000011,14.400000000000006,14.400000000000006,14.599999999999994,17.0,17.19999999999999,17.400000000000006,20.099999999999994,23.599999999999994,26.80000000000001,36.400000000000006,39.5,39.900000000000006,44.400000000000006,47.599999999999994,54.19999999999999,69.30000000000001,78.69999999999999,119.39999999999998,119.80000000000001,123.10000000000002,124.0,131.2,142.2,142.3,143.3,143.3,145.10000000000002,148.0,151.89999999999998,152.8,155.3,166.39999999999998,167.39999999999998,167.5,168.5,169.3,169.5,170.8,172.10000000000002,173.10000000000002,177.7,177.2,177.10000000000002,176.60000000000002,176.5,176.39999999999998,175.89999999999998,175.0,174.89999999999998,174.89999999999998,174.10000000000002,173.0,172.5,172.2,172.10000000000002,171.2,166.60000000000002,162.39999999999998,158.89999999999998,155.5,154.2,153.89999999999998,152.2,151.7,145.0
shamrock color,145.2,144.6,143.9,143.79999999999998,143.7,142.29999999999998,142.0,139.7,138.6,137.9,135.9,135.0,134.5,134.0,133.1,132.79999999999998,132.2,126.5,125.3,124.39999999999999,123.3,121.69999999999999,120.6,119.39999999999999,119.3,119.0,117.1,115.89999999999999,115.1,114.3,113.3,112.89999999999999,107.0,106.5,106.0,105.8,105.3,104.3,103.6,103.3,102.89999999999999,102.5,102.39999999999999,101.89999999999999,101.89999999999999,100.69999999999999,99.3,99.19999999999999,99.1,97.69999999999999,97.6,96.1,95.89999999999999,95.69999999999999,91.3,90.39999999999999,89.19999999999999,88.8,86.89999999999999,86.3,84.89999999999999,83.69999999999999,83.19999999999999,82.89999999999999,82.89999999999999,81.6,81.19999999999999,79.6,79.3,75.89999999999999,73.5,68.19999999999999,66.69999999999999,64.69999999999999,63.89999999999999,63.8,63.3,62.0,60.3,58.89999999999999,58.69999999999999,58.599999999999994,58.0,57.0,56.89999999999999,56.39999999999999,56.39999999999999,53.69999999999999,49.599999999999994,35.19999999999999,31.69999999999999,30.89999999999999,30.69999999999999,29.299999999999997,28.799999999999997,28.599999999999994,26.69999999999999,23.0,22.799999999999997,20.599999999999994,19.89999999999999,19.0,18.19999999999999,16.799999999999983,16.299999999999983,16.19999999999999,15.199999999999989,15.099999999999994,14.5,14.299999999999983,10.299999999999983,9.599999999999994,8.599999999999994,7.799999999999983,6.5,5.299999999999983,3.9000000000000057,1.5,1.0999999999999943,0.0,1.700000000000017,3.3000000000000114,4.099999999999994,6.200000000000017,6.800000000000011,7.400000000000006,8.099999999999994,10.400000000000006,12.800000000000011,13.200000000000017,13.300000000000011,13.300000000000011,13.5,15.900000000000006,16.099999999999994,16.30000000000001,19.0,22.5,25.700000000000017,35.30000000000001,38.400000000000006,38.80000000000001,43.30000000000001,46.5,53.099999999999994,68.20000000000002,77.6,118.29999999999998,118.70000000000002,122.00000000000003,122.9,130.1,141.1,141.20000000000002,142.20000000000002,142.20000000000002,144.00000000000003,146.9,150.79999999999998,151.70000000000002,154.20000000000002,165.29999999999998,166.29999999999998,166.4,167.4,168.20000000000002,168.4,169.70000000000002,171.00000000000003,172.00000000000003,178.79999999999998,178.29999999999998,178.20000000000002,177.70000000000002,177.6,177.49999999999997,176.99999999999997,176.1,175.99999999999997,175.99999999999997,175.20000000000002,174.1,173.6,173.29999999999998,173.20000000000002,172.29999999999998,167.70000000000002,163.49999999999997,159.99999999999997,156.6,155.29999999999998,154.99999999999997,153.29999999999998,152.79999999999998,146.1
emerald color,146.9,146.3,145.60000000000002,145.5,145.4,144.0,143.70000000000002,141.4,140.3,139.60000000000002,137.60000000000002,136.70000000000002,136.20000000000002,135.70000000000002,134.8,134.5,133.9,128.20000000000002,127.00000000000001,126.10000000000001,125.00000000000001,123.4,122.30000000000001,121.10000000000001,121.00000000000001,120.70000000000002,118.80000000000001,117.60000000000001,116.80000000000001,116.00000000000001,115.00000000000001,114.60000000000001,108.70000000000002,108.20000000000002,107.70000000000002,107.50000000000001,107.00000000000001,106.00000000000001,105.30000000000001,105.00000000000001,104.60000000000001,104.20000000000002,104.10000000000001,103.60000000000001,103.60000000000001,102.4,101.00000000000001,100.9,100.80000000000001,99.4,99.30000000000001,97.80000000000001,97.60000000000001,97.4,93.00000000000001,92.10000000000001,90.9,90.50000000000001,88.60000000000001,88.00000000000001,86.60000000000001,85.4,84.9,84.60000000000001,84.60000000000001,83.30000000000001,82.9,81.30000000000001,81.00000000000001,77.60000000000001,75.20000000000002,69.9,68.4,66.4,65.60000000000001,65.50000000000001,65.00000000000001,63.70000000000002,62.000000000000014,60.60000000000001,60.400000000000006,60.30000000000001,59.70000000000002,58.70000000000002,58.60000000000001,58.10000000000001,58.10000000000001,55.400000000000006,51.30000000000001,36.900000000000006,33.400000000000006,32.60000000000001,32.400000000000006,31.000000000000014,30.500000000000014,30.30000000000001,28.400000000000006,24.700000000000017,24.500000000000014,22.30000000000001,21.60000000000001,20.700000000000017,19.900000000000006,18.5,18.0,17.900000000000006,16.900000000000006,16.80000000000001,16.200000000000017,16.0,12.0,11.300000000000011,10.300000000000011,9.5,8.200000000000017,7.0,5.600000000000023,3.200000000000017,2.8000000000000114,1.700000000000017,0.0,1.5999999999999943,2.3999999999999773,4.5,5.099999999999994,5.699999999999989,6.399999999999977,8.699999999999989,11.099999999999994,11.5,11.599999999999994,11.599999999999994,11.799999999999983,14.199999999999989,14.399999999999977,14.599999999999994,17.299999999999983,20.799999999999983,24.0,33.599999999999994,36.69999999999999,37.099999999999994,41.599999999999994,44.79999999999998,51.39999999999998,66.5,75.89999999999998,116.59999999999997,117.0,120.30000000000001,121.19999999999999,128.39999999999998,139.39999999999998,139.5,140.5,140.5,142.3,145.2,149.09999999999997,150.0,152.5,163.59999999999997,164.59999999999997,164.7,165.7,166.5,166.7,168.0,169.3,170.3,179.5,180.0,179.90000000000003,179.40000000000003,179.3,179.2,178.7,177.8,177.7,177.7,176.90000000000003,175.8,175.3,175.0,174.90000000000003,174.0,169.40000000000003,165.2,161.7,158.3,157.0,156.7,155.0,154.5,147.8
cool green color,148.5,147.9,147.20000000000002,147.1,147.0,145.6,145.3,143.0,141.9,141.20000000000002,139.20000000000002,138.3,137.8,137.3,136.4,136.1,135.5,129.8,128.6,127.7,126.60000000000001,125.0,123.9,122.7,122.60000000000001,122.30000000000001,120.4,119.2,118.4,117.60000000000001,116.60000000000001,116.2,110.30000000000001,109.80000000000001,109.30000000000001,109.10000000000001,108.60000000000001,107.60000000000001,106.9,106.60000000000001,106.2,105.80000000000001,105.7,105.2,105.2,104.0,102.60000000000001,102.5,102.4,101.0,100.9,99.4,99.2,99.0,94.60000000000001,93.7,92.5,92.10000000000001,90.2,89.60000000000001,88.2,87.0,86.5,86.2,86.2,84.9,84.5,82.9,82.60000000000001,79.2,76.80000000000001,71.5,70.0,68.0,67.2,67.10000000000001,66.60000000000001,65.30000000000001,63.60000000000001,62.2,62.0,61.900000000000006,61.30000000000001,60.30000000000001,60.2,59.7,59.7,57.0,52.900000000000006,38.5,35.0,34.2,34.0,32.60000000000001,32.10000000000001,31.900000000000006,30.0,26.30000000000001,26.10000000000001,23.900000000000006,23.200000000000003,22.30000000000001,21.5,20.099999999999994,19.599999999999994,19.5,18.5,18.400000000000006,17.80000000000001,17.599999999999994,13.599999999999994,12.900000000000006,11.900000000000006,11.099999999999994,9.800000000000011,8.599999999999994,7.200000000000017,4.800000000000011,4.400000000000006,3.3000000000000114,1.5999999999999943,0.0,0.799999999999983,2.9000000000000057,3.5,4.099999999999994,4.799999999999983,7.099999999999994,9.5,9.900000000000006,10.0,10.0,10.199999999999989,12.599999999999994,12.799999999999983,13.0,15.699999999999989,19.19999999999999,22.400000000000006,32.0,35.099999999999994,35.5,40.0,43.19999999999999,49.79999999999998,64.9,74.29999999999998,114.99999999999997,115.4,118.70000000000002,119.6,126.79999999999998,137.79999999999998,137.9,138.9,138.9,140.70000000000002,143.6,147.49999999999997,148.4,150.9,161.99999999999997,162.99999999999997,163.1,164.1,164.9,165.1,166.4,167.70000000000002,168.70000000000002,177.9,178.4,178.49999999999997,178.99999999999997,179.1,179.20000000000002,179.70000000000002,179.4,179.29999999999998,179.29999999999998,178.50000000000003,177.4,176.9,176.6,176.50000000000003,175.6,171.00000000000003,166.79999999999998,163.29999999999998,159.9,158.6,158.29999999999998,156.6,156.1,149.4
dark mint color,149.29999999999998,148.7,148.0,147.89999999999998,147.79999999999998,146.39999999999998,146.1,143.79999999999998,142.7,142.0,140.0,139.1,138.6,138.1,137.2,136.89999999999998,136.29999999999998,130.6,129.39999999999998,128.5,127.39999999999999,125.79999999999998,124.69999999999999,123.49999999999999,123.39999999999999,123.1,121.19999999999999,119.99999999999999,119.19999999999999,118.39999999999999,117.39999999999999,116.99999999999999,111.1,110.6,110.1,109.89999999999999,109.39999999999999,108.39999999999999,107.69999999999999,107.39999999999999,106.99999999999999,106.6,106.49999999999999,105.99999999999999,105.99999999999999,104.79999999999998,103.39999999999999,103.29999999999998,103.19999999999999,101.79999999999998,101.69999999999999,100.19999999999999,99.99999999999999,99.79999999999998,95.39999999999999,94.49999999999999,93.29999999999998,92.89999999999999,90.99999999999999,90.39999999999999,88.99999999999999,87.79999999999998,87.29999999999998,86.99999999999999,86.99999999999999,85.69999999999999,85.29999999999998,83.69999999999999,83.39999999999999,79.99999999999999,77.6,72.29999999999998,70.79999999999998,68.79999999999998,67.99999999999999,67.89999999999999,67.39999999999999,66.1,64.39999999999999,62.999999999999986,62.79999999999998,62.69999999999999,62.099999999999994,61.099999999999994,60.999999999999986,60.499999999999986,60.499999999999986,57.79999999999998,53.69999999999999,39.29999999999998,35.79999999999998,34.999999999999986,34.79999999999998,33.39999999999999,32.89999999999999,32.69999999999999,30.799999999999983,27.099999999999994,26.89999999999999,24.69999999999999,23.999999999999986,23.099999999999994,22.299999999999983,20.899999999999977,20.399999999999977,20.299999999999983,19.299999999999983,19.19999999999999,18.599999999999994,18.399999999999977,14.399999999999977,13.699999999999989,12.699999999999989,11.899999999999977,10.599999999999994,9.399999999999977,8.0,5.599999999999994,5.199999999999989,4.099999999999994,2.3999999999999773,0.799999999999983,0.0,2.1000000000000227,2.700000000000017,3.3000000000000114,4.0,6.300000000000011,8.700000000000017,9.100000000000023,9.200000000000017,9.200000000000017,9.400000000000006,11.800000000000011,12.0,12.200000000000017,14.900000000000006,18.400000000000006,21.600000000000023,31.200000000000017,34.30000000000001,34.70000000000002,39.20000000000002,42.400000000000006,49.0,64.10000000000002,73.5,114.19999999999999,114.60000000000002,117.90000000000003,118.80000000000001,126.0,137.0,137.10000000000002,138.10000000000002,138.10000000000002,139.90000000000003,142.8,146.7,147.60000000000002,150.10000000000002,161.2,162.2,162.3,163.3,164.10000000000002,164.3,165.60000000000002,166.90000000000003,167.90000000000003,177.10000000000002,177.60000000000002,177.7,178.2,178.3,178.40000000000003,178.90000000000003,179.8,179.90000000000003,179.90000000000003,179.3,178.2,177.7,177.39999999999998,177.3,176.39999999999998,171.8,167.59999999999997,164.09999999999997,160.7,159.39999999999998,159.09999999999997,157.39999999999998,156.89999999999998,150.2
algae green color,151.4,150.8,150.10000000000002,150.0,149.9,148.5,148.20000000000002,145.9,144.8,144.10000000000002,142.10000000000002,141.20000000000002,140.70000000000002,140.20000000000002,139.3,139.0,138.4,132.70000000000002,131.5,130.60000000000002,129.5,127.9,126.80000000000001,125.60000000000001,125.50000000000001,125.20000000000002,123.30000000000001,122.10000000000001,121.30000000000001,120.50000000000001,119.50000000000001,119.10000000000001,113.20000000000002,112.70000000000002,112.20000000000002,112.00000000000001,111.50000000000001,110.50000000000001,109.80000000000001,109.50000000000001,109.10000000000001,108.70000000000002,108.60000000000001,108.10000000000001,108.10000000000001,106.9,105.50000000000001,105.4,105.30000000000001,103.9,103.80000000000001,102.30000000000001,102.10000000000001,101.9,97.50000000000001,96.60000000000001,95.4,95.00000000000001,93.10000000000001,92.50000000000001,91.10000000000001,89.9,89.4,89.10000000000001,89.10000000000001,87.80000000000001,87.4,85.80000000000001,85.50000000000001,82.10000000000001,79.70000000000002,74.4,72.9,70.9,70.10000000000001,70.00000000000001,69.50000000000001,68.20000000000002,66.50000000000001,65.10000000000001,64.9,64.80000000000001,64.20000000000002,63.20000000000002,63.10000000000001,62.60000000000001,62.60000000000001,59.900000000000006,55.80000000000001,41.400000000000006,37.900000000000006,37.10000000000001,36.900000000000006,35.500000000000014,35.000000000000014,34.80000000000001,32.900000000000006,29.200000000000017,29.000000000000014,26.80000000000001,26.10000000000001,25.200000000000017,24.400000000000006,23.0,22.5,22.400000000000006,21.400000000000006,21.30000000000001,20.700000000000017,20.5,16.5,15.800000000000011,14.800000000000011,14.0,12.700000000000017,11.5,10.100000000000023,7.700000000000017,7.300000000000011,6.200000000000017,4.5,2.9000000000000057,2.1000000000000227,0.0,0.5999999999999943,1.1999999999999886,1.8999999999999773,4.199999999999989,6.599999999999994,7.0,7.099999999999994,7.099999999999994,7.299999999999983,9.699999999999989,9.899999999999977,10.099999999999994,12.799999999999983,16.299999999999983,19.5,29.099999999999994,32.19999999999999,32.599999999999994,37.099999999999994,40.29999999999998,46.89999999999998,62.0,71.39999999999998,112.09999999999997,112.5,115.80000000000001,116.69999999999999,123.89999999999998,134.89999999999998,135.0,136.0,136.0,137.8,140.7,144.59999999999997,145.5,148.0,159.09999999999997,160.09999999999997,160.2,161.2,162.0,162.2,163.5,164.8,165.8,175.0,175.5,175.59999999999997,176.09999999999997,176.2,176.3,176.8,177.7,177.8,177.8,178.59999999999997,179.7,179.8,179.5,179.40000000000003,178.5,173.90000000000003,169.7,166.2,162.8,161.5,161.2,159.5,159.0,152.3
greenish color,152.0,151.4,150.70000000000002,150.6,150.5,149.1,148.8,146.5,145.4,144.70000000000002,142.70000000000002,141.8,141.3,140.8,139.9,139.6,139.0,133.3,132.1,131.20000000000002,130.1,128.5,127.4,126.2,126.10000000000001,125.80000000000001,123.9,122.7,121.9,121.10000000000001,120.10000000000001,119.7,113.80000000000001,113.30000000000001,112.80000000000001,112.60000000000001,112.10000000000001,111.10000000000001,110.4,110.10000000000001,109.7,109.30000000000001,109.2,108.7,108.7,107.5,106.10000000000001,106.0,105.9,104.5,104.4,102.9,102.7,102.5,98.10000000000001,97.2,96.0,95.60000000000001,93.7,93.10000000000001,91.7,90.5,90.0,89.7,89.7,88.4,88.0,86.4,86.10000000000001,82.7,80.30000000000001,75.0,73.5,71.5,70.7,70.60000000000001,70.10000000000001,68.80000000000001,67.10000000000001,65.7,65.5,65.4,64.80000000000001,63.80000000000001,63.7,63.2,63.2,60.5,56.400000000000006,42.0,38.5,37.7,37.5,36.10000000000001,35.60000000000001,35.400000000000006,33.5,29.80000000000001,29.60000000000001,27.400000000000006,26.700000000000003,25.80000000000001,25.0,23.599999999999994,23.099999999999994,23.0,22.0,21.900000000000006,21.30000000000001,21.099999999999994,17.099999999999994,16.400000000000006,15.400000000000006,14.599999999999994,13.300000000000011,12.099999999999994,10.700000000000017,8.300000000000011,7.900000000000006,6.800000000000011,5.099999999999994,3.5,2.700000000000017,0.5999999999999943,0.0,0.5999999999999943,1.299999999999983,3.5999999999999943,6.0,6.400000000000006,6.5,6.5,6.699999999999989,9.099999999999994,9.299999999999983,9.5,12.199999999999989,15.699999999999989,18.900000000000006,28.5,31.599999999999994,32.0,36.5,39.69999999999999,46.29999999999998,61.400000000000006,70.79999999999998,111.49999999999997,111.9,115.20000000000002,116.1,123.29999999999998,134.29999999999998,134.4,135.4,135.4,137.20000000000002,140.1,143.99999999999997,144.9,147.4,158.49999999999997,159.49999999999997,159.6,160.6,161.4,161.6,162.9,164.20000000000002,165.20000000000002,174.4,174.9,174.99999999999997,175.49999999999997,175.6,175.70000000000002,176.20000000000002,177.1,177.20000000000002,177.20000000000002,177.99999999999997,179.1,179.6,179.9,179.99999999999997,179.1,174.50000000000003,170.29999999999998,166.79999999999998,163.4,162.1,161.79999999999998,160.1,159.6,152.9
seaweed green color,152.6,152.0,151.3,151.2,151.1,149.7,149.4,147.1,146.0,145.3,143.3,142.4,141.9,141.4,140.5,140.2,139.6,133.9,132.7,131.8,130.7,129.1,128.0,126.8,126.7,126.4,124.5,123.3,122.5,121.7,120.7,120.3,114.4,113.9,113.4,113.2,112.7,111.7,111.0,110.7,110.3,109.9,109.8,109.3,109.3,108.1,106.7,106.6,106.5,105.1,105.0,103.5,103.3,103.1,98.7,97.8,96.6,96.2,94.3,93.7,92.3,91.1,90.6,90.3,90.3,89.0,88.6,87.0,86.7,83.3,80.9,75.6,74.1,72.1,71.3,71.2,70.7,69.4,67.7,66.3,66.1,66.0,65.4,64.4,64.3,63.8,63.8,61.099999999999994,57.0,42.599999999999994,39.099999999999994,38.3,38.099999999999994,36.7,36.2,36.0,34.099999999999994,30.400000000000006,30.200000000000003,28.0,27.299999999999997,26.400000000000006,25.599999999999994,24.19999999999999,23.69999999999999,23.599999999999994,22.599999999999994,22.5,21.900000000000006,21.69999999999999,17.69999999999999,17.0,16.0,15.199999999999989,13.900000000000006,12.699999999999989,11.300000000000011,8.900000000000006,8.5,7.400000000000006,5.699999999999989,4.099999999999994,3.3000000000000114,1.1999999999999886,0.5999999999999943,0.0,0.6999999999999886,3.0,5.400000000000006,5.800000000000011,5.900000000000006,5.900000000000006,6.099999999999994,8.5,8.699999999999989,8.900000000000006,11.599999999999994,15.099999999999994,18.30000000000001,27.900000000000006,31.0,31.400000000000006,35.900000000000006,39.099999999999994,45.69999999999999,60.80000000000001,70.19999999999999,110.89999999999998,111.30000000000001,114.60000000000002,115.5,122.69999999999999,133.7,133.8,134.8,134.8,136.60000000000002,139.5,143.39999999999998,144.3,146.8,157.89999999999998,158.89999999999998,159.0,160.0,160.8,161.0,162.3,163.60000000000002,164.60000000000002,173.8,174.3,174.39999999999998,174.89999999999998,175.0,175.10000000000002,175.60000000000002,176.5,176.60000000000002,176.60000000000002,177.39999999999998,178.5,179.0,179.3,179.39999999999998,179.7,175.10000000000002,170.89999999999998,167.39999999999998,164.0,162.7,162.39999999999998,160.7,160.2,153.5
dark mint green color,153.29999999999998,152.7,152.0,151.89999999999998,151.79999999999998,150.39999999999998,150.1,147.79999999999998,146.7,146.0,144.0,143.1,142.6,142.1,141.2,140.89999999999998,140.29999999999998,134.6,133.39999999999998,132.5,131.39999999999998,129.79999999999998,128.7,127.49999999999999,127.39999999999999,127.1,125.19999999999999,123.99999999999999,123.19999999999999,122.39999999999999,121.39999999999999,120.99999999999999,115.1,114.6,114.1,113.89999999999999,113.39999999999999,112.39999999999999,111.69999999999999,111.39999999999999,110.99999999999999,110.6,110.49999999999999,109.99999999999999,109.99999999999999,108.79999999999998,107.39999999999999,107.29999999999998,107.19999999999999,105.79999999999998,105.69999999999999,104.19999999999999,103.99999999999999,103.79999999999998,99.39999999999999,98.49999999999999,97.29999999999998,96.89999999999999,94.99999999999999,94.39999999999999,92.99999999999999,91.79999999999998,91.29999999999998,90.99999999999999,90.99999999999999,89.69999999999999,89.29999999999998,87.69999999999999,87.39999999999999,83.99999999999999,81.6,76.29999999999998,74.79999999999998,72.79999999999998,71.99999999999999,71.89999999999999,71.39999999999999,70.1,68.39999999999999,66.99999999999999,66.79999999999998,66.69999999999999,66.1,65.1,64.99999999999999,64.49999999999999,64.49999999999999,61.79999999999998,57.69999999999999,43.29999999999998,39.79999999999998,38.999999999999986,38.79999999999998,37.39999999999999,36.89999999999999,36.69999999999999,34.79999999999998,31.099999999999994,30.89999999999999,28.69999999999999,27.999999999999986,27.099999999999994,26.299999999999983,24.899999999999977,24.399999999999977,24.299999999999983,23.299999999999983,23.19999999999999,22.599999999999994,22.399999999999977,18.399999999999977,17.69999999999999,16.69999999999999,15.899999999999977,14.599999999999994,13.399999999999977,12.0,9.599999999999994,9.199999999999989,8.099999999999994,6.399999999999977,4.799999999999983,4.0,1.8999999999999773,1.299999999999983,0.6999999999999886,0.0,2.3000000000000114,4.700000000000017,5.100000000000023,5.200000000000017,5.200000000000017,5.400000000000006,7.800000000000011,8.0,8.200000000000017,10.900000000000006,14.400000000000006,17.600000000000023,27.200000000000017,30.30000000000001,30.700000000000017,35.20000000000002,38.400000000000006,45.0,60.10000000000002,69.5,110.19999999999999,110.60000000000002,113.90000000000003,114.80000000000001,122.0,133.0,133.10000000000002,134.10000000000002,134.10000000000002,135.90000000000003,138.8,142.7,143.60000000000002,146.10000000000002,157.2,158.2,158.3,159.3,160.10000000000002,160.3,161.60000000000002,162.90000000000003,163.90000000000003,173.10000000000002,173.60000000000002,173.7,174.2,174.3,174.40000000000003,174.90000000000003,175.8,175.90000000000003,175.90000000000003,176.7,177.8,178.3,178.60000000000002,178.7,179.60000000000002,175.8,171.59999999999997,168.09999999999997,164.7,163.39999999999998,163.09999999999997,161.39999999999998,160.89999999999998,154.2
dark seafoam green color,155.6,155.0,154.3,154.2,154.1,152.7,152.4,150.1,149.0,148.3,146.3,145.4,144.9,144.4,143.5,143.2,142.6,136.9,135.7,134.8,133.7,132.1,131.0,129.8,129.7,129.4,127.5,126.3,125.5,124.7,123.7,123.3,117.4,116.9,116.4,116.2,115.7,114.7,114.0,113.7,113.3,112.9,112.8,112.3,112.3,111.1,109.7,109.6,109.5,108.1,108.0,106.5,106.3,106.1,101.7,100.8,99.6,99.2,97.3,96.7,95.3,94.1,93.6,93.3,93.3,92.0,91.6,90.0,89.7,86.3,83.9,78.6,77.1,75.1,74.3,74.2,73.7,72.4,70.7,69.3,69.1,69.0,68.4,67.4,67.3,66.8,66.8,64.1,60.0,45.599999999999994,42.099999999999994,41.3,41.099999999999994,39.7,39.2,39.0,37.099999999999994,33.400000000000006,33.2,31.0,30.299999999999997,29.400000000000006,28.599999999999994,27.19999999999999,26.69999999999999,26.599999999999994,25.599999999999994,25.5,24.900000000000006,24.69999999999999,20.69999999999999,20.0,19.0,18.19999999999999,16.900000000000006,15.699999999999989,14.300000000000011,11.900000000000006,11.5,10.400000000000006,8.699999999999989,7.099999999999994,6.300000000000011,4.199999999999989,3.5999999999999943,3.0,2.3000000000000114,0.0,2.4000000000000057,2.8000000000000114,2.9000000000000057,2.9000000000000057,3.0999999999999943,5.5,5.699999999999989,5.900000000000006,8.599999999999994,12.099999999999994,15.300000000000011,24.900000000000006,28.0,28.400000000000006,32.900000000000006,36.099999999999994,42.69999999999999,57.80000000000001,67.19999999999999,107.89999999999998,108.30000000000001,111.60000000000002,112.5,119.69999999999999,130.7,130.8,131.8,131.8,133.60000000000002,136.5,140.39999999999998,141.3,143.8,154.89999999999998,155.89999999999998,156.0,157.0,157.8,158.0,159.3,160.60000000000002,161.60000000000002,170.8,171.3,171.39999999999998,171.89999999999998,172.0,172.10000000000002,172.60000000000002,173.5,173.60000000000002,173.60000000000002,174.39999999999998,175.5,176.0,176.3,176.39999999999998,177.3,178.10000000000002,173.89999999999998,170.39999999999998,167.0,165.7,165.39999999999998,163.7,163.2,156.5
green teal color,158.0,157.4,156.70000000000002,156.6,156.5,155.1,154.8,152.5,151.4,150.70000000000002,148.70000000000002,147.8,147.3,146.8,145.9,145.6,145.0,139.3,138.1,137.20000000000002,136.1,134.5,133.4,132.20000000000002,132.1,131.8,129.9,128.70000000000002,127.9,127.10000000000001,126.10000000000001,125.7,119.80000000000001,119.30000000000001,118.80000000000001,118.60000000000001,118.10000000000001,117.10000000000001,116.4,116.10000000000001,115.7,115.30000000000001,115.2,114.7,114.7,113.5,112.10000000000001,112.0,111.9,110.5,110.4,108.9,108.7,108.5,104.10000000000001,103.2,102.0,101.60000000000001,99.7,99.10000000000001,97.7,96.5,96.0,95.7,95.7,94.4,94.0,92.4,92.10000000000001,88.7,86.30000000000001,81.0,79.5,77.5,76.7,76.60000000000001,76.10000000000001,74.80000000000001,73.10000000000001,71.7,71.5,71.4,70.80000000000001,69.80000000000001,69.7,69.2,69.2,66.5,62.400000000000006,48.0,44.5,43.7,43.5,42.10000000000001,41.60000000000001,41.400000000000006,39.5,35.80000000000001,35.60000000000001,33.400000000000006,32.7,31.80000000000001,31.0,29.599999999999994,29.099999999999994,29.0,28.0,27.900000000000006,27.30000000000001,27.099999999999994,23.099999999999994,22.400000000000006,21.400000000000006,20.599999999999994,19.30000000000001,18.099999999999994,16.700000000000017,14.300000000000011,13.900000000000006,12.800000000000011,11.099999999999994,9.5,8.700000000000017,6.599999999999994,6.0,5.400000000000006,4.700000000000017,2.4000000000000057,0.0,0.4000000000000057,0.5,0.5,0.6999999999999886,3.0999999999999943,3.299999999999983,3.5,6.199999999999989,9.699999999999989,12.900000000000006,22.5,25.599999999999994,26.0,30.5,33.69999999999999,40.29999999999998,55.400000000000006,64.79999999999998,105.49999999999997,105.9,109.20000000000002,110.1,117.29999999999998,128.29999999999998,128.4,129.4,129.4,131.20000000000002,134.1,137.99999999999997,138.9,141.4,152.49999999999997,153.49999999999997,153.6,154.6,155.4,155.6,156.9,158.20000000000002,159.20000000000002,168.4,168.9,168.99999999999997,169.49999999999997,169.6,169.70000000000002,170.20000000000002,171.1,171.20000000000002,171.20000000000002,171.99999999999997,173.1,173.6,173.9,173.99999999999997,174.9,179.49999999999997,176.29999999999998,172.79999999999998,169.4,168.1,167.79999999999998,166.1,165.6,158.9
bluey green color,158.4,157.8,157.10000000000002,157.0,156.9,155.5,155.20000000000002,152.9,151.8,151.10000000000002,149.10000000000002,148.20000000000002,147.70000000000002,147.20000000000002,146.3,146.0,145.4,139.70000000000002,138.5,137.60000000000002,136.5,134.9,133.8,132.60000000000002,132.5,132.20000000000002,130.3,129.10000000000002,128.3,127.50000000000001,126.50000000000001,126.10000000000001,120.20000000000002,119.70000000000002,119.20000000000002,119.00000000000001,118.50000000000001,117.50000000000001,116.80000000000001,116.50000000000001,116.10000000000001,115.70000000000002,115.60000000000001,115.10000000000001,115.10000000000001,113.9,112.50000000000001,112.4,112.30000000000001,110.9,110.80000000000001,109.30000000000001,109.10000000000001,108.9,104.50000000000001,103.60000000000001,102.4,102.00000000000001,100.10000000000001,99.50000000000001,98.10000000000001,96.9,96.4,96.10000000000001,96.10000000000001,94.80000000000001,94.4,92.80000000000001,92.50000000000001,89.10000000000001,86.70000000000002,81.4,79.9,77.9,77.10000000000001,77.00000000000001,76.50000000000001,75.20000000000002,73.50000000000001,72.10000000000001,71.9,71.80000000000001,71.20000000000002,70.20000000000002,70.10000000000001,69.60000000000001,69.60000000000001,66.9,62.80000000000001,48.400000000000006,44.900000000000006,44.10000000000001,43.900000000000006,42.500000000000014,42.000000000000014,41.80000000000001,39.900000000000006,36.20000000000002,36.000000000000014,33.80000000000001,33.10000000000001,32.20000000000002,31.400000000000006,30.0,29.5,29.400000000000006,28.400000000000006,28.30000000000001,27.700000000000017,27.5,23.5,22.80000000000001,21.80000000000001,21.0,19.700000000000017,18.5,17.100000000000023,14.700000000000017,14.300000000000011,13.200000000000017,11.5,9.900000000000006,9.100000000000023,7.0,6.400000000000006,5.800000000000011,5.100000000000023,2.8000000000000114,0.4000000000000057,0.0,0.09999999999999432,0.09999999999999432,0.29999999999998295,2.6999999999999886,2.8999999999999773,3.0999999999999943,5.799999999999983,9.299999999999983,12.5,22.099999999999994,25.19999999999999,25.599999999999994,30.099999999999994,33.29999999999998,39.89999999999998,55.0,64.39999999999998,105.09999999999997,105.5,108.80000000000001,109.69999999999999,116.89999999999998,127.89999999999998,128.0,129.0,129.0,130.8,133.7,137.59999999999997,138.5,141.0,152.09999999999997,153.09999999999997,153.2,154.2,155.0,155.2,156.5,157.8,158.8,168.0,168.5,168.59999999999997,169.09999999999997,169.2,169.3,169.8,170.7,170.8,170.8,171.59999999999997,172.7,173.2,173.5,173.59999999999997,174.5,179.09999999999997,176.7,173.2,169.8,168.5,168.2,166.5,166.0,159.3
dark seafoam color,158.5,157.9,157.20000000000002,157.1,157.0,155.6,155.3,153.0,151.9,151.20000000000002,149.20000000000002,148.3,147.8,147.3,146.4,146.1,145.5,139.8,138.6,137.70000000000002,136.6,135.0,133.9,132.70000000000002,132.6,132.3,130.4,129.20000000000002,128.4,127.60000000000001,126.60000000000001,126.2,120.30000000000001,119.80000000000001,119.30000000000001,119.10000000000001,118.60000000000001,117.60000000000001,116.9,116.60000000000001,116.2,115.80000000000001,115.7,115.2,115.2,114.0,112.60000000000001,112.5,112.4,111.0,110.9,109.4,109.2,109.0,104.60000000000001,103.7,102.5,102.10000000000001,100.2,99.60000000000001,98.2,97.0,96.5,96.2,96.2,94.9,94.5,92.9,92.60000000000001,89.2,86.80000000000001,81.5,80.0,78.0,77.2,77.10000000000001,76.60000000000001,75.30000000000001,73.60000000000001,72.2,72.0,71.9,71.30000000000001,70.30000000000001,70.2,69.7,69.7,67.0,62.900000000000006,48.5,45.0,44.2,44.0,42.60000000000001,42.10000000000001,41.900000000000006,40.0,36.30000000000001,36.10000000000001,33.900000000000006,33.2,32.30000000000001,31.5,30.099999999999994,29.599999999999994,29.5,28.5,28.400000000000006,27.80000000000001,27.599999999999994,23.599999999999994,22.900000000000006,21.900000000000006,21.099999999999994,19.80000000000001,18.599999999999994,17.200000000000017,14.800000000000011,14.400000000000006,13.300000000000011,11.599999999999994,10.0,9.200000000000017,7.099999999999994,6.5,5.900000000000006,5.200000000000017,2.9000000000000057,0.5,0.09999999999999432,0.0,0.0,0.19999999999998863,2.5999999999999943,2.799999999999983,3.0,5.699999999999989,9.199999999999989,12.400000000000006,22.0,25.099999999999994,25.5,30.0,33.19999999999999,39.79999999999998,54.900000000000006,64.29999999999998,104.99999999999997,105.4,108.70000000000002,109.6,116.79999999999998,127.79999999999998,127.9,128.9,128.9,130.70000000000002,133.6,137.49999999999997,138.4,140.9,151.99999999999997,152.99999999999997,153.1,154.1,154.9,155.1,156.4,157.70000000000002,158.70000000000002,167.9,168.4,168.49999999999997,168.99999999999997,169.1,169.20000000000002,169.70000000000002,170.6,170.70000000000002,170.70000000000002,171.49999999999997,172.6,173.1,173.4,173.49999999999997,174.4,178.99999999999997,176.79999999999998,173.29999999999998,169.9,168.6,168.29999999999998,166.6,166.1,159.4
teal green color,158.5,157.9,157.20000000000002,157.1,157.0,155.6,155.3,153.0,151.9,151.20000000000002,149.20000000000002,148.3,147.8,147.3,146.4,146.1,145.5,139.8,138.6,137.70000000000002,136.6,135.0,133.9,132.70000000000002,132.6,132.3,130.4,129.20000000000002,128.4,127.60000000000001,126.60000000000001,126.2,120.30000000000001,119.80000000000001,119.30000000000001,119.10000000000001,118.60000000000001,117.60000000000001,116.9,116.60000000000001,116.2,115.80000000000001,115.7,115.2,115.2,114.0,112.60000000000001,112.5,112.4,111.0,110.9,109.4,109.2,109.0,104.60000000000001,103.7,102.5,102.10000000000001,100.2,99.60000000000001,98.2,97.0,96.5,96.2,96.2,94.9,94.5,92.9,92.60000000000001,89.2,86.80000000000001,81.5,80.0,78.0,77.2,77.10000000000001,76.60000000000001,75.30000000000001,73.60000000000001,72.2,72.0,71.9,71.30000000000001,70.30000000000001,70.2,69.7,69.7,67.0,62.900000000000006,48.5,45.0,44.2,44.0,42.60000000000001,42.10000000000001,41.900000000000006,40.0,36.30000000000001,36.10000000000001,33.900000000000006,33.2,32.30000000000001,31.5,30.099999999999994,29.599999999999994,29.5,28.5,28.400000000000006,27.80000000000001,27.599999999999994,23.599999999999994,22.900000000000006,21.900000000000006,21.099999999999994,19.80000000000001,18.599999999999994,17.200000000000017,14.800000000000011,14.400000000000006,13.300000000000011,11.599999999999994,10.0,9.200000000000017,7.099999999999994,6.5,5.900000000000006,5.200000000000017,2.9000000000000057,0.5,0.09999999999999432,0.0,0.0,0.19999999999998863,2.5999999999999943,2.799999999999983,3.0,5.699999999999989,9.199999999999989,12.400000000000006,22.0,25.099999999999994,25.5,30.0,33.19999999999999,39.79999999999998,54.900000000000006,64.29999999999998,104.99999999999997,105.4,108.70000000000002,109.6,116.79999999999998,127.79999999999998,127.9,128.9,128.9,130.70000000000002,133.6,137.49999999999997,138.4,140.9,151.99999999999997,152.99999999999997,153.1,154.1,154.9,155.1,156.4,157.70000000000002,158.70000000000002,167.9,168.4,168.49999999999997,168.99999999999997,169.1,169.20000000000002,169.70000000000002,170.6,170.70000000000002,170.70000000000002,171.49999999999997,172.6,173.1,173.4,173.49999999999997,174.4,178.99999999999997,176.79999999999998,173.29999999999998,169.9,168.6,168.29999999999998,166.6,166.1,159.4
greenish teal color,158.7,158.1,157.4,157.29999999999998,157.2,155.79999999999998,155.5,153.2,152.1,151.4,149.4,148.5,148.0,147.5,146.6,146.29999999999998,145.7,140.0,138.79999999999998,137.9,136.79999999999998,135.2,134.1,132.9,132.79999999999998,132.5,130.6,129.4,128.6,127.8,126.8,126.39999999999999,120.5,120.0,119.5,119.3,118.8,117.8,117.1,116.8,116.39999999999999,116.0,115.89999999999999,115.39999999999999,115.39999999999999,114.19999999999999,112.8,112.69999999999999,112.6,111.19999999999999,111.1,109.6,109.39999999999999,109.19999999999999,104.8,103.89999999999999,102.69999999999999,102.3,100.39999999999999,99.8,98.39999999999999,97.19999999999999,96.69999999999999,96.39999999999999,96.39999999999999,95.1,94.69999999999999,93.1,92.8,89.39999999999999,87.0,81.69999999999999,80.19999999999999,78.19999999999999,77.39999999999999,77.3,76.8,75.5,73.8,72.39999999999999,72.19999999999999,72.1,71.5,70.5,70.39999999999999,69.89999999999999,69.89999999999999,67.19999999999999,63.099999999999994,48.69999999999999,45.19999999999999,44.39999999999999,44.19999999999999,42.8,42.3,42.099999999999994,40.19999999999999,36.5,36.3,34.099999999999994,33.39999999999999,32.5,31.69999999999999,30.299999999999983,29.799999999999983,29.69999999999999,28.69999999999999,28.599999999999994,28.0,27.799999999999983,23.799999999999983,23.099999999999994,22.099999999999994,21.299999999999983,20.0,18.799999999999983,17.400000000000006,15.0,14.599999999999994,13.5,11.799999999999983,10.199999999999989,9.400000000000006,7.299999999999983,6.699999999999989,6.099999999999994,5.400000000000006,3.0999999999999943,0.6999999999999886,0.29999999999998295,0.19999999999998863,0.19999999999998863,0.0,2.4000000000000057,2.5999999999999943,2.8000000000000114,5.5,9.0,12.200000000000017,21.80000000000001,24.900000000000006,25.30000000000001,29.80000000000001,33.0,39.599999999999994,54.70000000000002,64.1,104.79999999999998,105.20000000000002,108.50000000000003,109.4,116.6,127.6,127.70000000000002,128.70000000000002,128.70000000000002,130.50000000000003,133.4,137.29999999999998,138.20000000000002,140.70000000000002,151.79999999999998,152.79999999999998,152.9,153.9,154.70000000000002,154.9,156.20000000000002,157.50000000000003,158.50000000000003,167.70000000000002,168.20000000000002,168.29999999999998,168.79999999999998,168.9,169.00000000000003,169.50000000000003,170.4,170.50000000000003,170.50000000000003,171.29999999999998,172.4,172.9,173.20000000000002,173.29999999999998,174.20000000000002,178.79999999999998,176.99999999999997,173.49999999999997,170.1,168.79999999999998,168.49999999999997,166.79999999999998,166.29999999999998,159.6
bluish green color,161.1,160.5,159.8,159.7,159.6,158.2,157.9,155.6,154.5,153.8,151.8,150.9,150.4,149.9,149.0,148.7,148.1,142.4,141.2,140.3,139.2,137.6,136.5,135.3,135.2,134.9,133.0,131.8,131.0,130.2,129.2,128.8,122.9,122.4,121.9,121.7,121.2,120.2,119.5,119.2,118.8,118.4,118.3,117.8,117.8,116.6,115.2,115.1,115.0,113.6,113.5,112.0,111.8,111.6,107.2,106.3,105.1,104.7,102.8,102.2,100.8,99.6,99.1,98.8,98.8,97.5,97.1,95.5,95.2,91.8,89.4,84.1,82.6,80.6,79.8,79.7,79.2,77.9,76.2,74.8,74.6,74.5,73.9,72.9,72.8,72.3,72.3,69.6,65.5,51.099999999999994,47.599999999999994,46.8,46.599999999999994,45.2,44.7,44.5,42.599999999999994,38.900000000000006,38.7,36.5,35.8,34.900000000000006,34.099999999999994,32.69999999999999,32.19999999999999,32.099999999999994,31.099999999999994,31.0,30.400000000000006,30.19999999999999,26.19999999999999,25.5,24.5,23.69999999999999,22.400000000000006,21.19999999999999,19.80000000000001,17.400000000000006,17.0,15.900000000000006,14.199999999999989,12.599999999999994,11.800000000000011,9.699999999999989,9.099999999999994,8.5,7.800000000000011,5.5,3.0999999999999943,2.6999999999999886,2.5999999999999943,2.5999999999999943,2.4000000000000057,0.0,0.19999999999998863,0.4000000000000057,3.0999999999999943,6.599999999999994,9.800000000000011,19.400000000000006,22.5,22.900000000000006,27.400000000000006,30.599999999999994,37.19999999999999,52.30000000000001,61.69999999999999,102.39999999999998,102.80000000000001,106.10000000000002,107.0,114.19999999999999,125.19999999999999,125.30000000000001,126.30000000000001,126.30000000000001,128.10000000000002,131.0,134.89999999999998,135.8,138.3,149.39999999999998,150.39999999999998,150.5,151.5,152.3,152.5,153.8,155.10000000000002,156.10000000000002,165.3,165.8,165.89999999999998,166.39999999999998,166.5,166.60000000000002,167.10000000000002,168.0,168.10000000000002,168.10000000000002,168.89999999999998,170.0,170.5,170.8,170.89999999999998,171.8,176.39999999999998,179.39999999999998,175.89999999999998,172.5,171.2,170.89999999999998,169.2,168.7,162.0
viridian color,161.29999999999998,160.7,160.0,159.89999999999998,159.79999999999998,158.39999999999998,158.1,155.79999999999998,154.7,154.0,152.0,151.1,150.6,150.1,149.2,148.89999999999998,148.29999999999998,142.6,141.39999999999998,140.5,139.39999999999998,137.79999999999998,136.7,135.5,135.39999999999998,135.1,133.2,132.0,131.2,130.39999999999998,129.39999999999998,129.0,123.1,122.6,122.1,121.89999999999999,121.39999999999999,120.39999999999999,119.69999999999999,119.39999999999999,118.99999999999999,118.6,118.49999999999999,117.99999999999999,117.99999999999999,116.79999999999998,115.39999999999999,115.29999999999998,115.19999999999999,113.79999999999998,113.69999999999999,112.19999999999999,111.99999999999999,111.79999999999998,107.39999999999999,106.49999999999999,105.29999999999998,104.89999999999999,102.99999999999999,102.39999999999999,100.99999999999999,99.79999999999998,99.29999999999998,98.99999999999999,98.99999999999999,97.69999999999999,97.29999999999998,95.69999999999999,95.39999999999999,91.99999999999999,89.6,84.29999999999998,82.79999999999998,80.79999999999998,79.99999999999999,79.89999999999999,79.39999999999999,78.1,76.39999999999999,74.99999999999999,74.79999999999998,74.69999999999999,74.1,73.1,72.99999999999999,72.49999999999999,72.49999999999999,69.79999999999998,65.69999999999999,51.29999999999998,47.79999999999998,46.999999999999986,46.79999999999998,45.39999999999999,44.89999999999999,44.69999999999999,42.79999999999998,39.099999999999994,38.89999999999999,36.69999999999999,35.999999999999986,35.099999999999994,34.29999999999998,32.89999999999998,32.39999999999998,32.29999999999998,31.299999999999983,31.19999999999999,30.599999999999994,30.399999999999977,26.399999999999977,25.69999999999999,24.69999999999999,23.899999999999977,22.599999999999994,21.399999999999977,20.0,17.599999999999994,17.19999999999999,16.099999999999994,14.399999999999977,12.799999999999983,12.0,9.899999999999977,9.299999999999983,8.699999999999989,8.0,5.699999999999989,3.299999999999983,2.8999999999999773,2.799999999999983,2.799999999999983,2.5999999999999943,0.19999999999998863,0.0,0.20000000000001705,2.9000000000000057,6.400000000000006,9.600000000000023,19.200000000000017,22.30000000000001,22.700000000000017,27.200000000000017,30.400000000000006,37.0,52.10000000000002,61.5,102.19999999999999,102.60000000000002,105.90000000000003,106.80000000000001,114.0,125.0,125.10000000000002,126.10000000000002,126.10000000000002,127.90000000000003,130.8,134.7,135.60000000000002,138.10000000000002,149.2,150.2,150.3,151.3,152.10000000000002,152.3,153.60000000000002,154.90000000000003,155.90000000000003,165.10000000000002,165.60000000000002,165.7,166.2,166.3,166.40000000000003,166.90000000000003,167.8,167.90000000000003,167.90000000000003,168.7,169.8,170.3,170.60000000000002,170.7,171.60000000000002,176.2,179.59999999999997,176.09999999999997,172.7,171.39999999999998,171.09999999999997,169.39999999999998,168.89999999999998,162.2
ocean green color,161.5,160.9,160.20000000000002,160.1,160.0,158.6,158.3,156.0,154.9,154.20000000000002,152.20000000000002,151.3,150.8,150.3,149.4,149.1,148.5,142.8,141.6,140.70000000000002,139.6,138.0,136.9,135.70000000000002,135.6,135.3,133.4,132.20000000000002,131.4,130.6,129.60000000000002,129.2,123.30000000000001,122.80000000000001,122.30000000000001,122.10000000000001,121.60000000000001,120.60000000000001,119.9,119.60000000000001,119.2,118.80000000000001,118.7,118.2,118.2,117.0,115.60000000000001,115.5,115.4,114.0,113.9,112.4,112.2,112.0,107.60000000000001,106.7,105.5,105.10000000000001,103.2,102.60000000000001,101.2,100.0,99.5,99.2,99.2,97.9,97.5,95.9,95.60000000000001,92.2,89.80000000000001,84.5,83.0,81.0,80.2,80.10000000000001,79.60000000000001,78.30000000000001,76.60000000000001,75.2,75.0,74.9,74.30000000000001,73.30000000000001,73.2,72.7,72.7,70.0,65.9,51.5,48.0,47.2,47.0,45.60000000000001,45.10000000000001,44.900000000000006,43.0,39.30000000000001,39.10000000000001,36.900000000000006,36.2,35.30000000000001,34.5,33.099999999999994,32.599999999999994,32.5,31.5,31.400000000000006,30.80000000000001,30.599999999999994,26.599999999999994,25.900000000000006,24.900000000000006,24.099999999999994,22.80000000000001,21.599999999999994,20.200000000000017,17.80000000000001,17.400000000000006,16.30000000000001,14.599999999999994,13.0,12.200000000000017,10.099999999999994,9.5,8.900000000000006,8.200000000000017,5.900000000000006,3.5,3.0999999999999943,3.0,3.0,2.8000000000000114,0.4000000000000057,0.20000000000001705,0.0,2.6999999999999886,6.199999999999989,9.400000000000006,19.0,22.099999999999994,22.5,27.0,30.19999999999999,36.79999999999998,51.900000000000006,61.29999999999998,101.99999999999997,102.4,105.70000000000002,106.6,113.79999999999998,124.79999999999998,124.9,125.9,125.9,127.70000000000002,130.6,134.49999999999997,135.4,137.9,148.99999999999997,149.99999999999997,150.1,151.1,151.9,152.1,153.4,154.70000000000002,155.70000000000002,164.9,165.4,165.49999999999997,165.99999999999997,166.1,166.20000000000002,166.70000000000002,167.6,167.70000000000002,167.70000000000002,168.49999999999997,169.6,170.1,170.4,170.49999999999997,171.4,175.99999999999997,179.79999999999998,176.29999999999998,172.9,171.6,171.29999999999998,169.6,169.1,162.4
green/blue color,164.2,163.6,162.9,162.79999999999998,162.7,161.29999999999998,161.0,158.7,157.6,156.9,154.9,154.0,153.5,153.0,152.1,151.79999999999998,151.2,145.5,144.29999999999998,143.4,142.29999999999998,140.7,139.6,138.4,138.29999999999998,138.0,136.1,134.9,134.1,133.29999999999998,132.3,131.89999999999998,126.0,125.5,125.0,124.8,124.3,123.3,122.6,122.3,121.89999999999999,121.5,121.39999999999999,120.89999999999999,120.89999999999999,119.69999999999999,118.3,118.19999999999999,118.1,116.69999999999999,116.6,115.1,114.89999999999999,114.69999999999999,110.3,109.39999999999999,108.19999999999999,107.8,105.89999999999999,105.3,103.89999999999999,102.69999999999999,102.19999999999999,101.89999999999999,101.89999999999999,100.6,100.19999999999999,98.6,98.3,94.89999999999999,92.5,87.19999999999999,85.69999999999999,83.69999999999999,82.89999999999999,82.8,82.3,81.0,79.3,77.89999999999999,77.69999999999999,77.6,77.0,76.0,75.89999999999999,75.39999999999999,75.39999999999999,72.69999999999999,68.6,54.19999999999999,50.69999999999999,49.89999999999999,49.69999999999999,48.3,47.8,47.599999999999994,45.69999999999999,42.0,41.8,39.599999999999994,38.89999999999999,38.0,37.19999999999999,35.79999999999998,35.29999999999998,35.19999999999999,34.19999999999999,34.099999999999994,33.5,33.29999999999998,29.299999999999983,28.599999999999994,27.599999999999994,26.799999999999983,25.5,24.299999999999983,22.900000000000006,20.5,20.099999999999994,19.0,17.299999999999983,15.699999999999989,14.900000000000006,12.799999999999983,12.199999999999989,11.599999999999994,10.900000000000006,8.599999999999994,6.199999999999989,5.799999999999983,5.699999999999989,5.699999999999989,5.5,3.0999999999999943,2.9000000000000057,2.6999999999999886,0.0,3.5,6.700000000000017,16.30000000000001,19.400000000000006,19.80000000000001,24.30000000000001,27.5,34.099999999999994,49.20000000000002,58.599999999999994,99.29999999999998,99.70000000000002,103.00000000000003,103.9,111.1,122.1,122.20000000000002,123.20000000000002,123.20000000000002,125.00000000000003,127.9,131.79999999999998,132.70000000000002,135.20000000000002,146.29999999999998,147.29999999999998,147.4,148.4,149.20000000000002,149.4,150.70000000000002,152.00000000000003,153.00000000000003,162.20000000000002,162.70000000000002,162.79999999999998,163.29999999999998,163.4,163.50000000000003,164.00000000000003,164.9,165.00000000000003,165.00000000000003,165.79999999999998,166.9,167.4,167.70000000000002,167.79999999999998,168.70000000000002,173.29999999999998,177.50000000000003,178.99999999999997,175.6,174.29999999999998,173.99999999999997,172.29999999999998,171.79999999999998,165.1
green blue color,167.7,167.1,166.4,166.29999999999998,166.2,164.79999999999998,164.5,162.2,161.1,160.4,158.4,157.5,157.0,156.5,155.6,155.29999999999998,154.7,149.0,147.79999999999998,146.9,145.79999999999998,144.2,143.1,141.9,141.79999999999998,141.5,139.6,138.4,137.6,136.79999999999998,135.8,135.39999999999998,129.5,129.0,128.5,128.3,127.8,126.8,126.1,125.8,125.39999999999999,125.0,124.89999999999999,124.39999999999999,124.39999999999999,123.19999999999999,121.8,121.69999999999999,121.6,120.19999999999999,120.1,118.6,118.39999999999999,118.19999999999999,113.8,112.89999999999999,111.69999999999999,111.3,109.39999999999999,108.8,107.39999999999999,106.19999999999999,105.69999999999999,105.39999999999999,105.39999999999999,104.1,103.69999999999999,102.1,101.8,98.39999999999999,96.0,90.69999999999999,89.19999999999999,87.19999999999999,86.39999999999999,86.3,85.8,84.5,82.8,81.39999999999999,81.19999999999999,81.1,80.5,79.5,79.39999999999999,78.89999999999999,78.89999999999999,76.19999999999999,72.1,57.69999999999999,54.19999999999999,53.39999999999999,53.19999999999999,51.8,51.3,51.099999999999994,49.19999999999999,45.5,45.3,43.099999999999994,42.39999999999999,41.5,40.69999999999999,39.29999999999998,38.79999999999998,38.69999999999999,37.69999999999999,37.599999999999994,37.0,36.79999999999998,32.79999999999998,32.099999999999994,31.099999999999994,30.299999999999983,29.0,27.799999999999983,26.400000000000006,24.0,23.599999999999994,22.5,20.799999999999983,19.19999999999999,18.400000000000006,16.299999999999983,15.699999999999989,15.099999999999994,14.400000000000006,12.099999999999994,9.699999999999989,9.299999999999983,9.199999999999989,9.199999999999989,9.0,6.599999999999994,6.400000000000006,6.199999999999989,3.5,0.0,3.200000000000017,12.800000000000011,15.900000000000006,16.30000000000001,20.80000000000001,24.0,30.599999999999994,45.70000000000002,55.099999999999994,95.79999999999998,96.20000000000002,99.50000000000003,100.4,107.6,118.6,118.70000000000002,119.70000000000002,119.70000000000002,121.50000000000003,124.4,128.29999999999998,129.20000000000002,131.70000000000002,142.79999999999998,143.79999999999998,143.9,144.9,145.70000000000002,145.9,147.20000000000002,148.50000000000003,149.50000000000003,158.70000000000002,159.20000000000002,159.29999999999998,159.79999999999998,159.9,160.00000000000003,160.50000000000003,161.4,161.50000000000003,161.50000000000003,162.29999999999998,163.4,163.9,164.20000000000002,164.29999999999998,165.20000000000002,169.79999999999998,174.00000000000003,177.50000000000003,179.1,177.79999999999998,177.49999999999997,175.79999999999998,175.29999999999998,168.6
greeny blue color,170.9,170.3,169.60000000000002,169.5,169.4,168.0,167.70000000000002,165.4,164.3,163.60000000000002,161.60000000000002,160.70000000000002,160.20000000000002,159.70000000000002,158.8,158.5,157.9,152.20000000000002,151.0,150.10000000000002,149.0,147.4,146.3,145.10000000000002,145.0,144.70000000000002,142.8,141.60000000000002,140.8,140.0,139.0,138.60000000000002,132.70000000000002,132.20000000000002,131.70000000000002,131.5,131.0,130.0,129.3,129.0,128.60000000000002,128.20000000000002,128.10000000000002,127.60000000000001,127.60000000000001,126.4,125.00000000000001,124.9,124.80000000000001,123.4,123.30000000000001,121.80000000000001,121.60000000000001,121.4,117.00000000000001,116.10000000000001,114.9,114.50000000000001,112.60000000000001,112.00000000000001,110.60000000000001,109.4,108.9,108.60000000000001,108.60000000000001,107.30000000000001,106.9,105.30000000000001,105.00000000000001,101.60000000000001,99.20000000000002,93.9,92.4,90.4,89.60000000000001,89.50000000000001,89.00000000000001,87.70000000000002,86.00000000000001,84.60000000000001,84.4,84.30000000000001,83.70000000000002,82.70000000000002,82.60000000000001,82.10000000000001,82.10000000000001,79.4,75.30000000000001,60.900000000000006,57.400000000000006,56.60000000000001,56.400000000000006,55.000000000000014,54.500000000000014,54.30000000000001,52.400000000000006,48.70000000000002,48.500000000000014,46.30000000000001,45.60000000000001,44.70000000000002,43.900000000000006,42.5,42.0,41.900000000000006,40.900000000000006,40.80000000000001,40.20000000000002,40.0,36.0,35.30000000000001,34.30000000000001,33.5,32.20000000000002,31.0,29.600000000000023,27.200000000000017,26.80000000000001,25.700000000000017,24.0,22.400000000000006,21.600000000000023,19.5,18.900000000000006,18.30000000000001,17.600000000000023,15.300000000000011,12.900000000000006,12.5,12.400000000000006,12.400000000000006,12.200000000000017,9.800000000000011,9.600000000000023,9.400000000000006,6.700000000000017,3.200000000000017,0.0,9.599999999999994,12.699999999999989,13.099999999999994,17.599999999999994,20.799999999999983,27.399999999999977,42.5,51.89999999999998,92.59999999999997,93.0,96.30000000000001,97.19999999999999,104.39999999999998,115.39999999999998,115.5,116.5,116.5,118.30000000000001,121.19999999999999,125.09999999999997,126.0,128.5,139.59999999999997,140.59999999999997,140.7,141.7,142.5,142.7,144.0,145.3,146.3,155.5,156.0,156.09999999999997,156.59999999999997,156.7,156.8,157.3,158.2,158.3,158.3,159.09999999999997,160.2,160.7,161.0,161.09999999999997,162.0,166.59999999999997,170.8,174.3,177.7,179.0,179.3,179.0,178.5,171.8
tealish color,179.5,179.9,179.20000000000002,179.1,179.0,177.6,177.3,175.0,173.9,173.20000000000002,171.20000000000002,170.3,169.8,169.3,168.4,168.1,167.5,161.8,160.6,159.70000000000002,158.6,157.0,155.9,154.70000000000002,154.6,154.3,152.4,151.20000000000002,150.4,149.6,148.60000000000002,148.2,142.3,141.8,141.3,141.10000000000002,140.60000000000002,139.60000000000002,138.9,138.60000000000002,138.2,137.8,137.7,137.2,137.2,136.0,134.60000000000002,134.5,134.4,133.0,132.9,131.4,131.2,131.0,126.60000000000001,125.7,124.5,124.10000000000001,122.2,121.60000000000001,120.2,119.0,118.5,118.2,118.2,116.9,116.5,114.9,114.60000000000001,111.2,108.80000000000001,103.5,102.0,100.0,99.2,99.10000000000001,98.60000000000001,97.30000000000001,95.60000000000001,94.2,94.0,93.9,93.30000000000001,92.30000000000001,92.2,91.7,91.7,89.0,84.9,70.5,67.0,66.2,66.0,64.60000000000001,64.10000000000001,63.900000000000006,62.0,58.30000000000001,58.10000000000001,55.900000000000006,55.2,54.30000000000001,53.5,52.099999999999994,51.599999999999994,51.5,50.5,50.400000000000006,49.80000000000001,49.599999999999994,45.599999999999994,44.900000000000006,43.900000000000006,43.099999999999994,41.80000000000001,40.599999999999994,39.20000000000002,36.80000000000001,36.400000000000006,35.30000000000001,33.599999999999994,32.0,31.200000000000017,29.099999999999994,28.5,27.900000000000006,27.200000000000017,24.900000000000006,22.5,22.099999999999994,22.0,22.0,21.80000000000001,19.400000000000006,19.200000000000017,19.0,16.30000000000001,12.800000000000011,9.599999999999994,0.0,3.0999999999999943,3.5,8.0,11.199999999999989,17.799999999999983,32.900000000000006,42.29999999999998,82.99999999999997,83.4,86.70000000000002,87.6,94.79999999999998,105.79999999999998,105.9,106.9,106.9,108.70000000000002,111.6,115.49999999999997,116.4,118.9,129.99999999999997,130.99999999999997,131.1,132.1,132.9,133.1,134.4,135.70000000000002,136.70000000000002,145.9,146.4,146.49999999999997,146.99999999999997,147.1,147.20000000000002,147.70000000000002,148.6,148.70000000000002,148.70000000000002,149.49999999999997,150.6,151.1,151.4,151.49999999999997,152.4,156.99999999999997,161.20000000000002,164.70000000000002,168.1,169.4,169.70000000000002,171.4,171.9,178.6
teal color,176.4,177.0,177.7,177.8,177.9,179.3,179.6,178.1,177.0,176.3,174.3,173.4,172.9,172.4,171.5,171.2,170.6,164.9,163.7,162.8,161.7,160.1,159.0,157.8,157.7,157.4,155.5,154.3,153.5,152.7,151.7,151.3,145.4,144.9,144.4,144.2,143.7,142.7,142.0,141.7,141.3,140.9,140.8,140.3,140.3,139.1,137.7,137.6,137.5,136.1,136.0,134.5,134.3,134.1,129.7,128.8,127.6,127.2,125.3,124.7,123.3,122.1,121.6,121.3,121.3,120.0,119.6,118.0,117.7,114.3,111.9,106.6,105.1,103.1,102.3,102.2,101.7,100.4,98.7,97.3,97.1,97.0,96.4,95.4,95.3,94.8,94.8,92.1,88.0,73.6,70.1,69.3,69.1,67.7,67.2,67.0,65.1,61.400000000000006,61.2,59.0,58.3,57.400000000000006,56.599999999999994,55.19999999999999,54.69999999999999,54.599999999999994,53.599999999999994,53.5,52.900000000000006,52.69999999999999,48.69999999999999,48.0,47.0,46.19999999999999,44.900000000000006,43.69999999999999,42.30000000000001,39.900000000000006,39.5,38.400000000000006,36.69999999999999,35.099999999999994,34.30000000000001,32.19999999999999,31.599999999999994,31.0,30.30000000000001,28.0,25.599999999999994,25.19999999999999,25.099999999999994,25.099999999999994,24.900000000000006,22.5,22.30000000000001,22.099999999999994,19.400000000000006,15.900000000000006,12.699999999999989,3.0999999999999943,0.0,0.4000000000000057,4.900000000000006,8.099999999999994,14.699999999999989,29.80000000000001,39.19999999999999,79.89999999999998,80.30000000000001,83.60000000000002,84.5,91.69999999999999,102.69999999999999,102.80000000000001,103.80000000000001,103.80000000000001,105.60000000000002,108.5,112.39999999999998,113.30000000000001,115.80000000000001,126.89999999999998,127.89999999999998,128.0,129.0,129.8,130.0,131.3,132.60000000000002,133.60000000000002,142.8,143.3,143.39999999999998,143.89999999999998,144.0,144.10000000000002,144.60000000000002,145.5,145.60000000000002,145.60000000000002,146.39999999999998,147.5,148.0,148.3,148.39999999999998,149.3,153.89999999999998,158.10000000000002,161.60000000000002,165.0,166.3,166.60000000000002,168.3,168.8,175.5
blue/green color,176.0,176.6,177.29999999999998,177.4,177.5,178.9,179.2,178.5,177.4,176.70000000000002,174.70000000000002,173.8,173.3,172.8,171.9,171.6,171.0,165.3,164.1,163.20000000000002,162.1,160.5,159.4,158.20000000000002,158.1,157.8,155.9,154.70000000000002,153.9,153.1,152.10000000000002,151.7,145.8,145.3,144.8,144.60000000000002,144.10000000000002,143.10000000000002,142.4,142.10000000000002,141.7,141.3,141.2,140.7,140.7,139.5,138.10000000000002,138.0,137.9,136.5,136.4,134.9,134.7,134.5,130.10000000000002,129.2,128.0,127.60000000000001,125.7,125.10000000000001,123.7,122.5,122.0,121.7,121.7,120.4,120.0,118.4,118.10000000000001,114.7,112.30000000000001,107.0,105.5,103.5,102.7,102.60000000000001,102.10000000000001,100.80000000000001,99.10000000000001,97.7,97.5,97.4,96.80000000000001,95.80000000000001,95.7,95.2,95.2,92.5,88.4,74.0,70.5,69.7,69.5,68.10000000000001,67.60000000000001,67.4,65.5,61.80000000000001,61.60000000000001,59.400000000000006,58.7,57.80000000000001,57.0,55.599999999999994,55.099999999999994,55.0,54.0,53.900000000000006,53.30000000000001,53.099999999999994,49.099999999999994,48.400000000000006,47.400000000000006,46.599999999999994,45.30000000000001,44.099999999999994,42.70000000000002,40.30000000000001,39.900000000000006,38.80000000000001,37.099999999999994,35.5,34.70000000000002,32.599999999999994,32.0,31.400000000000006,30.700000000000017,28.400000000000006,26.0,25.599999999999994,25.5,25.5,25.30000000000001,22.900000000000006,22.700000000000017,22.5,19.80000000000001,16.30000000000001,13.099999999999994,3.5,0.4000000000000057,0.0,4.5,7.699999999999989,14.299999999999983,29.400000000000006,38.79999999999998,79.49999999999997,79.9,83.20000000000002,84.1,91.29999999999998,102.29999999999998,102.4,103.4,103.4,105.20000000000002,108.1,111.99999999999997,112.9,115.4,126.49999999999997,127.49999999999997,127.6,128.6,129.4,129.6,130.9,132.20000000000002,133.20000000000002,142.4,142.9,142.99999999999997,143.49999999999997,143.6,143.70000000000002,144.20000000000002,145.1,145.20000000000002,145.20000000000002,145.99999999999997,147.1,147.6,147.9,147.99999999999997,148.9,153.49999999999997,157.70000000000002,161.20000000000002,164.6,165.9,166.20000000000002,167.9,168.4,175.1
sea color,171.5,172.1,172.79999999999998,172.9,173.0,174.4,174.7,177.0,178.1,178.79999999999998,179.20000000000002,178.3,177.8,177.3,176.4,176.1,175.5,169.8,168.6,167.70000000000002,166.6,165.0,163.9,162.70000000000002,162.6,162.3,160.4,159.20000000000002,158.4,157.6,156.60000000000002,156.2,150.3,149.8,149.3,149.10000000000002,148.60000000000002,147.60000000000002,146.9,146.60000000000002,146.2,145.8,145.7,145.2,145.2,144.0,142.60000000000002,142.5,142.4,141.0,140.9,139.4,139.2,139.0,134.60000000000002,133.7,132.5,132.10000000000002,130.2,129.60000000000002,128.2,127.0,126.5,126.2,126.2,124.9,124.5,122.9,122.60000000000001,119.2,116.80000000000001,111.5,110.0,108.0,107.2,107.10000000000001,106.60000000000001,105.30000000000001,103.60000000000001,102.2,102.0,101.9,101.30000000000001,100.30000000000001,100.2,99.7,99.7,97.0,92.9,78.5,75.0,74.2,74.0,72.60000000000001,72.10000000000001,71.9,70.0,66.30000000000001,66.10000000000001,63.900000000000006,63.2,62.30000000000001,61.5,60.099999999999994,59.599999999999994,59.5,58.5,58.400000000000006,57.80000000000001,57.599999999999994,53.599999999999994,52.900000000000006,51.900000000000006,51.099999999999994,49.80000000000001,48.599999999999994,47.20000000000002,44.80000000000001,44.400000000000006,43.30000000000001,41.599999999999994,40.0,39.20000000000002,37.099999999999994,36.5,35.900000000000006,35.20000000000002,32.900000000000006,30.5,30.099999999999994,30.0,30.0,29.80000000000001,27.400000000000006,27.200000000000017,27.0,24.30000000000001,20.80000000000001,17.599999999999994,8.0,4.900000000000006,4.5,0.0,3.1999999999999886,9.799999999999983,24.900000000000006,34.29999999999998,74.99999999999997,75.4,78.70000000000002,79.6,86.79999999999998,97.79999999999998,97.9,98.9,98.9,100.70000000000002,103.6,107.49999999999997,108.4,110.9,121.99999999999997,122.99999999999997,123.1,124.1,124.9,125.1,126.4,127.70000000000002,128.70000000000002,137.9,138.4,138.49999999999997,138.99999999999997,139.1,139.20000000000002,139.70000000000002,140.6,140.70000000000002,140.70000000000002,141.49999999999997,142.6,143.1,143.4,143.49999999999997,144.4,148.99999999999997,153.20000000000002,156.70000000000002,160.1,161.4,161.70000000000002,163.4,163.9,170.6
greenish blue color,168.3,168.9,169.6,169.70000000000002,169.8,171.20000000000002,171.5,173.8,174.9,175.6,177.6,178.5,179.0,179.5,179.6,179.29999999999998,178.7,173.0,171.79999999999998,170.9,169.79999999999998,168.2,167.1,165.9,165.79999999999998,165.5,163.6,162.4,161.6,160.79999999999998,159.8,159.39999999999998,153.5,153.0,152.5,152.3,151.8,150.8,150.1,149.8,149.39999999999998,149.0,148.89999999999998,148.39999999999998,148.39999999999998,147.2,145.8,145.7,145.6,144.2,144.1,142.6,142.39999999999998,142.2,137.8,136.89999999999998,135.7,135.3,133.39999999999998,132.8,131.39999999999998,130.2,129.7,129.39999999999998,129.39999999999998,128.1,127.69999999999999,126.1,125.8,122.39999999999999,120.0,114.69999999999999,113.19999999999999,111.19999999999999,110.39999999999999,110.3,109.8,108.5,106.8,105.39999999999999,105.19999999999999,105.1,104.5,103.5,103.39999999999999,102.89999999999999,102.89999999999999,100.19999999999999,96.1,81.69999999999999,78.19999999999999,77.39999999999999,77.19999999999999,75.8,75.3,75.1,73.19999999999999,69.5,69.3,67.1,66.39999999999999,65.5,64.69999999999999,63.29999999999998,62.79999999999998,62.69999999999999,61.69999999999999,61.599999999999994,61.0,60.79999999999998,56.79999999999998,56.099999999999994,55.099999999999994,54.29999999999998,53.0,51.79999999999998,50.400000000000006,48.0,47.599999999999994,46.5,44.79999999999998,43.19999999999999,42.400000000000006,40.29999999999998,39.69999999999999,39.099999999999994,38.400000000000006,36.099999999999994,33.69999999999999,33.29999999999998,33.19999999999999,33.19999999999999,33.0,30.599999999999994,30.400000000000006,30.19999999999999,27.5,24.0,20.799999999999983,11.199999999999989,8.099999999999994,7.699999999999989,3.1999999999999886,0.0,6.599999999999994,21.700000000000017,31.099999999999994,71.79999999999998,72.20000000000002,75.50000000000003,76.4,83.6,94.6,94.70000000000002,95.70000000000002,95.70000000000002,97.50000000000003,100.4,104.29999999999998,105.20000000000002,107.70000000000002,118.79999999999998,119.79999999999998,119.9,120.9,121.70000000000002,121.9,123.20000000000002,124.50000000000003,125.50000000000003,134.70000000000002,135.20000000000002,135.29999999999998,135.79999999999998,135.9,136.00000000000003,136.50000000000003,137.4,137.50000000000003,137.50000000000003,138.29999999999998,139.4,139.9,140.20000000000002,140.29999999999998,141.20000000000002,145.79999999999998,150.00000000000003,153.50000000000003,156.9,158.20000000000002,158.50000000000003,160.20000000000002,160.70000000000002,167.4
dark cyan color,161.70000000000002,162.3,163.0,163.10000000000002,163.20000000000002,164.60000000000002,164.9,167.20000000000002,168.3,169.0,171.0,171.9,172.4,172.9,173.8,174.10000000000002,174.70000000000002,179.6,178.39999999999998,177.5,176.39999999999998,174.79999999999998,173.7,172.5,172.39999999999998,172.1,170.2,169.0,168.2,167.39999999999998,166.39999999999998,166.0,160.1,159.6,159.1,158.89999999999998,158.39999999999998,157.39999999999998,156.7,156.39999999999998,156.0,155.6,155.5,155.0,155.0,153.79999999999998,152.39999999999998,152.29999999999998,152.2,150.79999999999998,150.7,149.2,149.0,148.79999999999998,144.39999999999998,143.5,142.29999999999998,141.89999999999998,140.0,139.39999999999998,138.0,136.79999999999998,136.29999999999998,136.0,136.0,134.7,134.29999999999998,132.7,132.39999999999998,129.0,126.6,121.29999999999998,119.79999999999998,117.79999999999998,116.99999999999999,116.89999999999999,116.39999999999999,115.1,113.39999999999999,111.99999999999999,111.79999999999998,111.69999999999999,111.1,110.1,109.99999999999999,109.49999999999999,109.49999999999999,106.79999999999998,102.69999999999999,88.29999999999998,84.79999999999998,83.99999999999999,83.79999999999998,82.39999999999999,81.89999999999999,81.69999999999999,79.79999999999998,76.1,75.89999999999999,73.69999999999999,72.99999999999999,72.1,71.29999999999998,69.89999999999998,69.39999999999998,69.29999999999998,68.29999999999998,68.19999999999999,67.6,67.39999999999998,63.39999999999998,62.69999999999999,61.69999999999999,60.89999999999998,59.599999999999994,58.39999999999998,57.0,54.599999999999994,54.19999999999999,53.099999999999994,51.39999999999998,49.79999999999998,49.0,46.89999999999998,46.29999999999998,45.69999999999999,45.0,42.69999999999999,40.29999999999998,39.89999999999998,39.79999999999998,39.79999999999998,39.599999999999994,37.19999999999999,37.0,36.79999999999998,34.099999999999994,30.599999999999994,27.399999999999977,17.799999999999983,14.699999999999989,14.299999999999983,9.799999999999983,6.599999999999994,0.0,15.100000000000023,24.5,65.19999999999999,65.60000000000002,68.90000000000003,69.80000000000001,77.0,88.0,88.10000000000002,89.10000000000002,89.10000000000002,90.90000000000003,93.80000000000001,97.69999999999999,98.60000000000002,101.10000000000002,112.19999999999999,113.19999999999999,113.30000000000001,114.30000000000001,115.10000000000002,115.30000000000001,116.60000000000002,117.90000000000003,118.90000000000003,128.10000000000002,128.60000000000002,128.7,129.2,129.3,129.40000000000003,129.90000000000003,130.8,130.90000000000003,130.90000000000003,131.7,132.8,133.3,133.60000000000002,133.7,134.60000000000002,139.2,143.40000000000003,146.90000000000003,150.3,151.60000000000002,151.90000000000003,153.60000000000002,154.10000000000002,160.8
turquoise blue color,146.6,147.2,147.89999999999998,148.0,148.1,149.5,149.79999999999998,152.1,153.2,153.89999999999998,155.89999999999998,156.79999999999998,157.29999999999998,157.79999999999998,158.7,159.0,159.6,165.29999999999998,166.5,167.39999999999998,168.5,170.1,171.2,172.39999999999998,172.5,172.79999999999998,174.7,175.89999999999998,176.7,177.5,178.5,178.89999999999998,175.20000000000002,174.70000000000002,174.20000000000002,174.0,173.5,172.5,171.8,171.5,171.10000000000002,170.70000000000002,170.60000000000002,170.10000000000002,170.10000000000002,168.9,167.5,167.4,167.3,165.9,165.8,164.3,164.10000000000002,163.9,159.5,158.60000000000002,157.4,157.0,155.10000000000002,154.5,153.10000000000002,151.9,151.4,151.10000000000002,151.10000000000002,149.8,149.4,147.8,147.5,144.10000000000002,141.70000000000002,136.4,134.9,132.9,132.10000000000002,132.0,131.5,130.20000000000002,128.5,127.10000000000001,126.9,126.80000000000001,126.20000000000002,125.20000000000002,125.10000000000001,124.60000000000001,124.60000000000001,121.9,117.80000000000001,103.4,99.9,99.10000000000001,98.9,97.50000000000001,97.00000000000001,96.80000000000001,94.9,91.20000000000002,91.00000000000001,88.80000000000001,88.10000000000001,87.20000000000002,86.4,85.0,84.5,84.4,83.4,83.30000000000001,82.70000000000002,82.5,78.5,77.80000000000001,76.80000000000001,76.0,74.70000000000002,73.5,72.10000000000002,69.70000000000002,69.30000000000001,68.20000000000002,66.5,64.9,64.10000000000002,62.0,61.400000000000006,60.80000000000001,60.10000000000002,57.80000000000001,55.400000000000006,55.0,54.900000000000006,54.900000000000006,54.70000000000002,52.30000000000001,52.10000000000002,51.900000000000006,49.20000000000002,45.70000000000002,42.5,32.900000000000006,29.80000000000001,29.400000000000006,24.900000000000006,21.700000000000017,15.100000000000023,0.0,9.399999999999977,50.099999999999966,50.5,53.80000000000001,54.69999999999999,61.89999999999998,72.89999999999998,73.0,74.0,74.0,75.80000000000001,78.69999999999999,82.59999999999997,83.5,86.0,97.09999999999997,98.09999999999997,98.19999999999999,99.19999999999999,100.0,100.19999999999999,101.5,102.80000000000001,103.80000000000001,113.0,113.5,113.59999999999997,114.09999999999997,114.19999999999999,114.30000000000001,114.80000000000001,115.69999999999999,115.80000000000001,115.80000000000001,116.59999999999997,117.69999999999999,118.19999999999999,118.5,118.59999999999997,119.5,124.09999999999997,128.3,131.8,135.2,136.5,136.8,138.5,139.0,145.7
teal blue color,137.20000000000002,137.8,138.5,138.60000000000002,138.70000000000002,140.10000000000002,140.4,142.70000000000002,143.8,144.5,146.5,147.4,147.9,148.4,149.3,149.60000000000002,150.20000000000002,155.9,157.10000000000002,158.0,159.10000000000002,160.70000000000002,161.8,163.0,163.10000000000002,163.4,165.3,166.5,167.3,168.10000000000002,169.10000000000002,169.5,175.4,175.9,176.4,176.60000000000002,177.10000000000002,178.10000000000002,178.8,179.10000000000002,179.5,179.9,180.0,179.5,179.5,178.29999999999998,176.89999999999998,176.79999999999998,176.7,175.29999999999998,175.2,173.7,173.5,173.29999999999998,168.89999999999998,168.0,166.79999999999998,166.39999999999998,164.5,163.89999999999998,162.5,161.29999999999998,160.79999999999998,160.5,160.5,159.2,158.79999999999998,157.2,156.89999999999998,153.5,151.1,145.79999999999998,144.29999999999998,142.29999999999998,141.5,141.39999999999998,140.89999999999998,139.6,137.89999999999998,136.5,136.29999999999998,136.2,135.6,134.6,134.5,134.0,134.0,131.29999999999998,127.19999999999999,112.79999999999998,109.29999999999998,108.49999999999999,108.29999999999998,106.89999999999999,106.39999999999999,106.19999999999999,104.29999999999998,100.6,100.39999999999999,98.19999999999999,97.49999999999999,96.6,95.79999999999998,94.39999999999998,93.89999999999998,93.79999999999998,92.79999999999998,92.69999999999999,92.1,91.89999999999998,87.89999999999998,87.19999999999999,86.19999999999999,85.39999999999998,84.1,82.89999999999998,81.5,79.1,78.69999999999999,77.6,75.89999999999998,74.29999999999998,73.5,71.39999999999998,70.79999999999998,70.19999999999999,69.5,67.19999999999999,64.79999999999998,64.39999999999998,64.29999999999998,64.29999999999998,64.1,61.69999999999999,61.5,61.29999999999998,58.599999999999994,55.099999999999994,51.89999999999998,42.29999999999998,39.19999999999999,38.79999999999998,34.29999999999998,31.099999999999994,24.5,9.399999999999977,0.0,40.69999999999999,41.10000000000002,44.400000000000034,45.30000000000001,52.5,63.5,63.60000000000002,64.60000000000002,64.60000000000002,66.40000000000003,69.30000000000001,73.19999999999999,74.10000000000002,76.60000000000002,87.69999999999999,88.69999999999999,88.80000000000001,89.80000000000001,90.60000000000002,90.80000000000001,92.10000000000002,93.40000000000003,94.40000000000003,103.60000000000002,104.10000000000002,104.19999999999999,104.69999999999999,104.80000000000001,104.90000000000003,105.40000000000003,106.30000000000001,106.40000000000003,106.40000000000003,107.19999999999999,108.30000000000001,108.80000000000001,109.10000000000002,109.19999999999999,110.10000000000002,114.69999999999999,118.90000000000003,122.40000000000003,125.80000000000001,127.10000000000002,127.40000000000003,129.10000000000002,129.60000000000002,136.3
water blue color,96.5,97.10000000000002,97.80000000000001,97.90000000000003,98.0,99.40000000000003,99.70000000000005,102.0,103.10000000000002,103.80000000000001,105.80000000000001,106.70000000000002,107.20000000000002,107.70000000000002,108.60000000000002,108.90000000000003,109.50000000000003,115.20000000000002,116.40000000000003,117.30000000000001,118.40000000000003,120.00000000000003,121.10000000000002,122.30000000000001,122.40000000000003,122.70000000000002,124.60000000000002,125.80000000000001,126.60000000000002,127.40000000000003,128.40000000000003,128.8,134.70000000000002,135.20000000000002,135.70000000000002,135.90000000000003,136.40000000000003,137.40000000000003,138.10000000000002,138.40000000000003,138.8,139.20000000000002,139.3,139.8,139.8,141.00000000000003,142.40000000000003,142.50000000000003,142.60000000000002,144.00000000000003,144.10000000000002,145.60000000000002,145.8,146.00000000000003,150.40000000000003,151.3,152.50000000000003,152.90000000000003,154.8,155.40000000000003,156.8,158.00000000000003,158.50000000000003,158.8,158.8,160.10000000000002,160.50000000000003,162.10000000000002,162.40000000000003,165.8,168.20000000000002,173.50000000000003,175.00000000000003,177.00000000000003,177.8,177.90000000000003,178.40000000000003,179.70000000000002,178.59999999999997,177.2,176.99999999999997,176.89999999999998,176.29999999999998,175.29999999999998,175.2,174.7,174.7,171.99999999999997,167.89999999999998,153.49999999999997,149.99999999999997,149.2,148.99999999999997,147.59999999999997,147.09999999999997,146.89999999999998,144.99999999999997,141.29999999999998,141.09999999999997,138.89999999999998,138.2,137.29999999999998,136.49999999999997,135.09999999999997,134.59999999999997,134.49999999999997,133.49999999999997,133.39999999999998,132.79999999999998,132.59999999999997,128.59999999999997,127.89999999999998,126.89999999999998,126.09999999999997,124.79999999999998,123.59999999999997,122.19999999999999,119.79999999999998,119.39999999999998,118.29999999999998,116.59999999999997,114.99999999999997,114.19999999999999,112.09999999999997,111.49999999999997,110.89999999999998,110.19999999999999,107.89999999999998,105.49999999999997,105.09999999999997,104.99999999999997,104.99999999999997,104.79999999999998,102.39999999999998,102.19999999999999,101.99999999999997,99.29999999999998,95.79999999999998,92.59999999999997,82.99999999999997,79.89999999999998,79.49999999999997,74.99999999999997,71.79999999999998,65.19999999999999,50.099999999999966,40.69999999999999,0.0,0.4000000000000341,3.7000000000000455,4.600000000000023,11.800000000000011,22.80000000000001,22.900000000000034,23.900000000000034,23.900000000000034,25.700000000000045,28.600000000000023,32.5,33.400000000000034,35.900000000000034,47.0,48.0,48.10000000000002,49.10000000000002,49.900000000000034,50.10000000000002,51.400000000000034,52.700000000000045,53.700000000000045,62.900000000000034,63.400000000000034,63.5,64.0,64.10000000000002,64.20000000000005,64.70000000000005,65.60000000000002,65.70000000000005,65.70000000000005,66.5,67.60000000000002,68.10000000000002,68.40000000000003,68.5,69.40000000000003,74.0,78.20000000000005,81.70000000000005,85.10000000000002,86.40000000000003,86.70000000000005,88.40000000000003,88.90000000000003,95.60000000000002
cool blue color,96.09999999999997,96.69999999999999,97.39999999999998,97.5,97.59999999999997,99.0,99.30000000000001,101.59999999999997,102.69999999999999,103.39999999999998,105.39999999999998,106.29999999999998,106.79999999999998,107.29999999999998,108.19999999999999,108.5,109.1,114.79999999999998,116.0,116.89999999999998,118.0,119.6,120.69999999999999,121.89999999999998,122.0,122.29999999999998,124.19999999999999,125.39999999999998,126.19999999999999,127.0,128.0,128.39999999999998,134.29999999999998,134.79999999999998,135.29999999999998,135.5,136.0,137.0,137.7,138.0,138.39999999999998,138.79999999999998,138.89999999999998,139.39999999999998,139.39999999999998,140.6,142.0,142.1,142.2,143.6,143.7,145.2,145.39999999999998,145.6,150.0,150.89999999999998,152.1,152.5,154.39999999999998,155.0,156.39999999999998,157.6,158.1,158.39999999999998,158.39999999999998,159.7,160.1,161.7,162.0,165.39999999999998,167.79999999999998,173.1,174.6,176.6,177.39999999999998,177.5,178.0,179.29999999999998,179.0,177.60000000000002,177.4,177.3,176.70000000000002,175.70000000000002,175.60000000000002,175.10000000000002,175.10000000000002,172.4,168.3,153.9,150.4,149.60000000000002,149.4,148.0,147.5,147.3,145.4,141.70000000000002,141.5,139.3,138.60000000000002,137.70000000000002,136.9,135.5,135.0,134.9,133.9,133.8,133.20000000000002,133.0,129.0,128.3,127.30000000000001,126.5,125.20000000000002,124.0,122.60000000000002,120.20000000000002,119.80000000000001,118.70000000000002,117.0,115.4,114.60000000000002,112.5,111.9,111.30000000000001,110.60000000000002,108.30000000000001,105.9,105.5,105.4,105.4,105.20000000000002,102.80000000000001,102.60000000000002,102.4,99.70000000000002,96.20000000000002,93.0,83.4,80.30000000000001,79.9,75.4,72.20000000000002,65.60000000000002,50.5,41.10000000000002,0.4000000000000341,0.0,3.3000000000000114,4.199999999999989,11.399999999999977,22.399999999999977,22.5,23.5,23.5,25.30000000000001,28.19999999999999,32.099999999999966,33.0,35.5,46.599999999999966,47.599999999999966,47.69999999999999,48.69999999999999,49.5,49.69999999999999,51.0,52.30000000000001,53.30000000000001,62.5,63.0,63.099999999999966,63.599999999999966,63.69999999999999,63.80000000000001,64.30000000000001,65.19999999999999,65.30000000000001,65.30000000000001,66.09999999999997,67.19999999999999,67.69999999999999,68.0,68.09999999999997,69.0,73.59999999999997,77.80000000000001,81.30000000000001,84.69999999999999,86.0,86.30000000000001,88.0,88.5,95.19999999999999
cerulean color,92.79999999999995,93.39999999999998,94.09999999999997,94.19999999999999,94.29999999999995,95.69999999999999,96.0,98.29999999999995,99.39999999999998,100.09999999999997,102.09999999999997,103.0,103.5,104.0,104.89999999999998,105.19999999999999,105.79999999999998,111.49999999999997,112.69999999999999,113.59999999999997,114.69999999999999,116.29999999999998,117.39999999999998,118.59999999999997,118.69999999999999,118.99999999999997,120.89999999999998,122.09999999999997,122.89999999999998,123.69999999999999,124.69999999999999,125.09999999999997,130.99999999999997,131.49999999999997,131.99999999999997,132.2,132.7,133.7,134.39999999999998,134.7,135.09999999999997,135.49999999999997,135.59999999999997,136.09999999999997,136.09999999999997,137.29999999999998,138.7,138.79999999999998,138.89999999999998,140.29999999999998,140.39999999999998,141.89999999999998,142.09999999999997,142.29999999999998,146.7,147.59999999999997,148.79999999999998,149.2,151.09999999999997,151.7,153.09999999999997,154.29999999999998,154.79999999999998,155.09999999999997,155.09999999999997,156.39999999999998,156.79999999999998,158.39999999999998,158.7,162.09999999999997,164.49999999999997,169.79999999999998,171.29999999999998,173.29999999999998,174.09999999999997,174.2,174.7,175.99999999999997,177.7,179.09999999999997,179.29999999999998,179.39999999999998,179.99999999999997,179.00000000000003,178.90000000000003,178.40000000000003,178.40000000000003,175.70000000000002,171.60000000000002,157.20000000000002,153.70000000000002,152.90000000000003,152.70000000000002,151.3,150.8,150.60000000000002,148.70000000000002,145.00000000000003,144.8,142.60000000000002,141.90000000000003,141.00000000000003,140.20000000000002,138.8,138.3,138.20000000000002,137.20000000000002,137.10000000000002,136.50000000000003,136.3,132.3,131.60000000000002,130.60000000000002,129.8,128.50000000000003,127.30000000000001,125.90000000000003,123.50000000000003,123.10000000000002,122.00000000000003,120.30000000000001,118.70000000000002,117.90000000000003,115.80000000000001,115.20000000000002,114.60000000000002,113.90000000000003,111.60000000000002,109.20000000000002,108.80000000000001,108.70000000000002,108.70000000000002,108.50000000000003,106.10000000000002,105.90000000000003,105.70000000000002,103.00000000000003,99.50000000000003,96.30000000000001,86.70000000000002,83.60000000000002,83.20000000000002,78.70000000000002,75.50000000000003,68.90000000000003,53.80000000000001,44.400000000000034,3.7000000000000455,3.3000000000000114,0.0,0.8999999999999773,8.099999999999966,19.099999999999966,19.19999999999999,20.19999999999999,20.19999999999999,22.0,24.899999999999977,28.799999999999955,29.69999999999999,32.19999999999999,43.299999999999955,44.299999999999955,44.39999999999998,45.39999999999998,46.19999999999999,46.39999999999998,47.69999999999999,49.0,50.0,59.19999999999999,59.69999999999999,59.799999999999955,60.299999999999955,60.39999999999998,60.5,61.0,61.89999999999998,62.0,62.0,62.799999999999955,63.89999999999998,64.39999999999998,64.69999999999999,64.79999999999995,65.69999999999999,70.29999999999995,74.5,78.0,81.39999999999998,82.69999999999999,83.0,84.69999999999999,85.19999999999999,91.89999999999998
azure color,91.89999999999998,92.5,93.19999999999999,93.30000000000001,93.39999999999998,94.80000000000001,95.10000000000002,97.39999999999998,98.5,99.19999999999999,101.19999999999999,102.10000000000002,102.60000000000002,103.10000000000002,104.0,104.30000000000001,104.9,110.6,111.80000000000001,112.69999999999999,113.80000000000001,115.4,116.5,117.69999999999999,117.80000000000001,118.1,120.0,121.19999999999999,122.0,122.80000000000001,123.80000000000001,124.19999999999999,130.1,130.6,131.1,131.3,131.8,132.8,133.5,133.8,134.2,134.6,134.7,135.2,135.2,136.4,137.8,137.9,138.0,139.4,139.5,141.0,141.2,141.4,145.8,146.7,147.9,148.3,150.2,150.8,152.2,153.4,153.9,154.2,154.2,155.5,155.9,157.5,157.8,161.2,163.6,168.9,170.4,172.4,173.2,173.3,173.8,175.1,176.8,178.2,178.4,178.5,179.1,179.9,179.8,179.3,179.3,176.6,172.5,158.1,154.6,153.8,153.6,152.2,151.7,151.5,149.6,145.9,145.7,143.5,142.8,141.9,141.1,139.7,139.2,139.1,138.1,138.0,137.4,137.2,133.2,132.5,131.5,130.7,129.4,128.2,126.80000000000001,124.4,124.0,122.9,121.19999999999999,119.6,118.80000000000001,116.69999999999999,116.1,115.5,114.80000000000001,112.5,110.1,109.69999999999999,109.6,109.6,109.4,107.0,106.80000000000001,106.6,103.9,100.4,97.19999999999999,87.6,84.5,84.1,79.6,76.4,69.80000000000001,54.69999999999999,45.30000000000001,4.600000000000023,4.199999999999989,0.8999999999999773,0.0,7.199999999999989,18.19999999999999,18.30000000000001,19.30000000000001,19.30000000000001,21.100000000000023,24.0,27.899999999999977,28.80000000000001,31.30000000000001,42.39999999999998,43.39999999999998,43.5,44.5,45.30000000000001,45.5,46.80000000000001,48.10000000000002,49.10000000000002,58.30000000000001,58.80000000000001,58.89999999999998,59.39999999999998,59.5,59.60000000000002,60.10000000000002,61.0,61.10000000000002,61.10000000000002,61.89999999999998,63.0,63.5,63.80000000000001,63.89999999999998,64.80000000000001,69.39999999999998,73.60000000000002,77.10000000000002,80.5,81.80000000000001,82.10000000000002,83.80000000000001,84.30000000000001,91.0
dark sky blue color,84.69999999999999,85.30000000000001,86.0,86.10000000000002,86.19999999999999,87.60000000000002,87.90000000000003,90.19999999999999,91.30000000000001,92.0,94.0,94.90000000000003,95.40000000000003,95.90000000000003,96.80000000000001,97.10000000000002,97.69999999999999,103.40000000000003,104.60000000000002,105.5,106.60000000000002,108.20000000000002,109.30000000000001,110.5,110.60000000000002,110.9,112.80000000000001,114.0,114.80000000000001,115.60000000000002,116.60000000000002,117.0,122.9,123.4,123.9,124.10000000000002,124.60000000000002,125.60000000000002,126.30000000000001,126.60000000000002,127.0,127.4,127.5,128.0,128.0,129.20000000000002,130.60000000000002,130.70000000000002,130.8,132.20000000000002,132.3,133.8,134.0,134.20000000000002,138.60000000000002,139.5,140.70000000000002,141.10000000000002,143.0,143.60000000000002,145.0,146.20000000000002,146.70000000000002,147.0,147.0,148.3,148.70000000000002,150.3,150.60000000000002,154.0,156.4,161.70000000000002,163.20000000000002,165.20000000000002,166.0,166.10000000000002,166.60000000000002,167.9,169.60000000000002,171.0,171.20000000000002,171.3,171.9,172.9,173.0,173.5,173.5,176.20000000000002,179.7,165.29999999999998,161.79999999999998,161.0,160.79999999999998,159.39999999999998,158.89999999999998,158.7,156.79999999999998,153.1,152.89999999999998,150.7,150.0,149.1,148.29999999999998,146.89999999999998,146.39999999999998,146.29999999999998,145.29999999999998,145.2,144.6,144.39999999999998,140.39999999999998,139.7,138.7,137.89999999999998,136.6,135.39999999999998,134.0,131.6,131.2,130.1,128.39999999999998,126.79999999999998,126.0,123.89999999999998,123.29999999999998,122.69999999999999,122.0,119.69999999999999,117.29999999999998,116.89999999999998,116.79999999999998,116.79999999999998,116.6,114.19999999999999,114.0,113.79999999999998,111.1,107.6,104.39999999999998,94.79999999999998,91.69999999999999,91.29999999999998,86.79999999999998,83.6,77.0,61.89999999999998,52.5,11.800000000000011,11.399999999999977,8.099999999999966,7.199999999999989,0.0,11.0,11.100000000000023,12.100000000000023,12.100000000000023,13.900000000000034,16.80000000000001,20.69999999999999,21.600000000000023,24.100000000000023,35.19999999999999,36.19999999999999,36.30000000000001,37.30000000000001,38.10000000000002,38.30000000000001,39.60000000000002,40.900000000000034,41.900000000000034,51.10000000000002,51.60000000000002,51.69999999999999,52.19999999999999,52.30000000000001,52.400000000000034,52.900000000000034,53.80000000000001,53.900000000000034,53.900000000000034,54.69999999999999,55.80000000000001,56.30000000000001,56.60000000000002,56.69999999999999,57.60000000000002,62.19999999999999,66.40000000000003,69.90000000000003,73.30000000000001,74.60000000000002,74.90000000000003,76.60000000000002,77.10000000000002,83.80000000000001
dodger blue color,73.69999999999999,74.30000000000001,75.0,75.10000000000002,75.19999999999999,76.60000000000002,76.90000000000003,79.19999999999999,80.30000000000001,81.0,83.0,83.90000000000003,84.40000000000003,84.90000000000003,85.80000000000001,86.10000000000002,86.69999999999999,92.40000000000003,93.60000000000002,94.5,95.60000000000002,97.19999999999999,98.30000000000001,99.5,99.60000000000002,99.90000000000003,101.80000000000001,103.0,103.80000000000001,104.60000000000002,105.60000000000002,106.0,111.9,112.4,112.9,113.10000000000002,113.60000000000002,114.60000000000002,115.30000000000001,115.60000000000002,116.0,116.4,116.5,117.0,117.0,118.20000000000002,119.60000000000002,119.70000000000002,119.80000000000001,121.20000000000002,121.30000000000001,122.80000000000001,123.0,123.20000000000002,127.60000000000002,128.5,129.70000000000002,130.10000000000002,132.0,132.60000000000002,134.0,135.20000000000002,135.70000000000002,136.0,136.0,137.3,137.70000000000002,139.3,139.60000000000002,143.0,145.4,150.70000000000002,152.20000000000002,154.20000000000002,155.0,155.10000000000002,155.60000000000002,156.9,158.60000000000002,160.0,160.20000000000002,160.3,160.9,161.9,162.0,162.5,162.5,165.20000000000002,169.3,176.29999999999998,172.79999999999998,172.0,171.79999999999998,170.39999999999998,169.89999999999998,169.7,167.79999999999998,164.1,163.89999999999998,161.7,161.0,160.1,159.29999999999998,157.89999999999998,157.39999999999998,157.29999999999998,156.29999999999998,156.2,155.6,155.39999999999998,151.39999999999998,150.7,149.7,148.89999999999998,147.6,146.39999999999998,145.0,142.6,142.2,141.1,139.39999999999998,137.79999999999998,137.0,134.89999999999998,134.29999999999998,133.7,133.0,130.7,128.29999999999998,127.89999999999998,127.79999999999998,127.79999999999998,127.6,125.19999999999999,125.0,124.79999999999998,122.1,118.6,115.39999999999998,105.79999999999998,102.69999999999999,102.29999999999998,97.79999999999998,94.6,88.0,72.89999999999998,63.5,22.80000000000001,22.399999999999977,19.099999999999966,18.19999999999999,11.0,0.0,0.10000000000002274,1.1000000000000227,1.1000000000000227,2.900000000000034,5.800000000000011,9.699999999999989,10.600000000000023,13.100000000000023,24.19999999999999,25.19999999999999,25.30000000000001,26.30000000000001,27.100000000000023,27.30000000000001,28.600000000000023,29.900000000000034,30.900000000000034,40.10000000000002,40.60000000000002,40.69999999999999,41.19999999999999,41.30000000000001,41.400000000000034,41.900000000000034,42.80000000000001,42.900000000000034,42.900000000000034,43.69999999999999,44.80000000000001,45.30000000000001,45.60000000000002,45.69999999999999,46.60000000000002,51.19999999999999,55.400000000000034,58.900000000000034,62.30000000000001,63.60000000000002,63.900000000000034,65.60000000000002,66.10000000000002,72.80000000000001
soft blue color,73.59999999999997,74.19999999999999,74.89999999999998,75.0,75.09999999999997,76.5,76.80000000000001,79.09999999999997,80.19999999999999,80.89999999999998,82.89999999999998,83.80000000000001,84.30000000000001,84.80000000000001,85.69999999999999,86.0,86.59999999999997,92.30000000000001,93.5,94.39999999999998,95.5,97.09999999999997,98.19999999999999,99.39999999999998,99.5,99.80000000000001,101.69999999999999,102.89999999999998,103.69999999999999,104.5,105.5,105.89999999999998,111.79999999999998,112.29999999999998,112.79999999999998,113.0,113.5,114.5,115.19999999999999,115.5,115.89999999999998,116.29999999999998,116.39999999999998,116.89999999999998,116.89999999999998,118.1,119.5,119.6,119.69999999999999,121.1,121.19999999999999,122.69999999999999,122.89999999999998,123.1,127.5,128.39999999999998,129.6,130.0,131.89999999999998,132.5,133.89999999999998,135.1,135.6,135.89999999999998,135.89999999999998,137.2,137.6,139.2,139.5,142.89999999999998,145.29999999999998,150.6,152.1,154.1,154.89999999999998,155.0,155.5,156.79999999999998,158.5,159.89999999999998,160.1,160.2,160.79999999999998,161.79999999999998,161.89999999999998,162.39999999999998,162.39999999999998,165.1,169.2,176.4,172.9,172.10000000000002,171.9,170.5,170.0,169.8,167.9,164.20000000000002,164.0,161.8,161.10000000000002,160.20000000000002,159.4,158.0,157.5,157.4,156.4,156.3,155.70000000000002,155.5,151.5,150.8,149.8,149.0,147.70000000000002,146.5,145.10000000000002,142.70000000000002,142.3,141.20000000000002,139.5,137.9,137.10000000000002,135.0,134.4,133.8,133.10000000000002,130.8,128.4,128.0,127.9,127.9,127.70000000000002,125.30000000000001,125.10000000000002,124.9,122.20000000000002,118.70000000000002,115.5,105.9,102.80000000000001,102.4,97.9,94.70000000000002,88.10000000000002,73.0,63.60000000000002,22.900000000000034,22.5,19.19999999999999,18.30000000000001,11.100000000000023,0.10000000000002274,0.0,1.0,1.0,2.8000000000000114,5.699999999999989,9.599999999999966,10.5,13.0,24.099999999999966,25.099999999999966,25.19999999999999,26.19999999999999,27.0,27.19999999999999,28.5,29.80000000000001,30.80000000000001,40.0,40.5,40.599999999999966,41.099999999999966,41.19999999999999,41.30000000000001,41.80000000000001,42.69999999999999,42.80000000000001,42.80000000000001,43.599999999999966,44.69999999999999,45.19999999999999,45.5,45.599999999999966,46.5,51.099999999999966,55.30000000000001,58.80000000000001,62.19999999999999,63.5,63.80000000000001,65.5,66.0,72.69999999999999
clear blue color,72.59999999999997,73.19999999999999,73.89999999999998,74.0,74.09999999999997,75.5,75.80000000000001,78.09999999999997,79.19999999999999,79.89999999999998,81.89999999999998,82.80000000000001,83.30000000000001,83.80000000000001,84.69999999999999,85.0,85.59999999999997,91.30000000000001,92.5,93.39999999999998,94.5,96.09999999999997,97.19999999999999,98.39999999999998,98.5,98.80000000000001,100.69999999999999,101.89999999999998,102.69999999999999,103.5,104.5,104.89999999999998,110.79999999999998,111.29999999999998,111.79999999999998,112.0,112.5,113.5,114.19999999999999,114.5,114.89999999999998,115.29999999999998,115.39999999999998,115.89999999999998,115.89999999999998,117.1,118.5,118.6,118.69999999999999,120.1,120.19999999999999,121.69999999999999,121.89999999999998,122.1,126.5,127.39999999999998,128.6,129.0,130.89999999999998,131.5,132.89999999999998,134.1,134.6,134.89999999999998,134.89999999999998,136.2,136.6,138.2,138.5,141.89999999999998,144.29999999999998,149.6,151.1,153.1,153.89999999999998,154.0,154.5,155.79999999999998,157.5,158.89999999999998,159.1,159.2,159.79999999999998,160.79999999999998,160.89999999999998,161.39999999999998,161.39999999999998,164.1,168.2,177.4,173.9,173.10000000000002,172.9,171.5,171.0,170.8,168.9,165.20000000000002,165.0,162.8,162.10000000000002,161.20000000000002,160.4,159.0,158.5,158.4,157.4,157.3,156.70000000000002,156.5,152.5,151.8,150.8,150.0,148.70000000000002,147.5,146.10000000000002,143.70000000000002,143.3,142.20000000000002,140.5,138.9,138.10000000000002,136.0,135.4,134.8,134.10000000000002,131.8,129.4,129.0,128.9,128.9,128.70000000000002,126.30000000000001,126.10000000000002,125.9,123.20000000000002,119.70000000000002,116.5,106.9,103.80000000000001,103.4,98.9,95.70000000000002,89.10000000000002,74.0,64.60000000000002,23.900000000000034,23.5,20.19999999999999,19.30000000000001,12.100000000000023,1.1000000000000227,1.0,0.0,0.0,1.8000000000000114,4.699999999999989,8.599999999999966,9.5,12.0,23.099999999999966,24.099999999999966,24.19999999999999,25.19999999999999,26.0,26.19999999999999,27.5,28.80000000000001,29.80000000000001,39.0,39.5,39.599999999999966,40.099999999999966,40.19999999999999,40.30000000000001,40.80000000000001,41.69999999999999,41.80000000000001,41.80000000000001,42.599999999999966,43.69999999999999,44.19999999999999,44.5,44.599999999999966,45.5,50.099999999999966,54.30000000000001,57.80000000000001,61.19999999999999,62.5,62.80000000000001,64.5,65.0,71.69999999999999
deep sky blue color,72.59999999999997,73.19999999999999,73.89999999999998,74.0,74.09999999999997,75.5,75.80000000000001,78.09999999999997,79.19999999999999,79.89999999999998,81.89999999999998,82.80000000000001,83.30000000000001,83.80000000000001,84.69999999999999,85.0,85.59999999999997,91.30000000000001,92.5,93.39999999999998,94.5,96.09999999999997,97.19999999999999,98.39999999999998,98.5,98.80000000000001,100.69999999999999,101.89999999999998,102.69999999999999,103.5,104.5,104.89999999999998,110.79999999999998,111.29999999999998,111.79999999999998,112.0,112.5,113.5,114.19999999999999,114.5,114.89999999999998,115.29999999999998,115.39999999999998,115.89999999999998,115.89999999999998,117.1,118.5,118.6,118.69999999999999,120.1,120.19999999999999,121.69999999999999,121.89999999999998,122.1,126.5,127.39999999999998,128.6,129.0,130.89999999999998,131.5,132.89999999999998,134.1,134.6,134.89999999999998,134.89999999999998,136.2,136.6,138.2,138.5,141.89999999999998,144.29999999999998,149.6,151.1,153.1,153.89999999999998,154.0,154.5,155.79999999999998,157.5,158.89999999999998,159.1,159.2,159.79999999999998,160.79999999999998,160.89999999999998,161.39999999999998,161.39999999999998,164.1,168.2,177.4,173.9,173.10000000000002,172.9,171.5,171.0,170.8,168.9,165.20000000000002,165.0,162.8,162.10000000000002,161.20000000000002,160.4,159.0,158.5,158.4,157.4,157.3,156.70000000000002,156.5,152.5,151.8,150.8,150.0,148.70000000000002,147.5,146.10000000000002,143.70000000000002,143.3,142.20000000000002,140.5,138.9,138.10000000000002,136.0,135.4,134.8,134.10000000000002,131.8,129.4,129.0,128.9,128.9,128.70000000000002,126.30000000000001,126.10000000000002,125.9,123.20000000000002,119.70000000000002,116.5,106.9,103.80000000000001,103.4,98.9,95.70000000000002,89.10000000000002,74.0,64.60000000000002,23.900000000000034,23.5,20.19999999999999,19.30000000000001,12.100000000000023,1.1000000000000227,1.0,0.0,0.0,1.8000000000000114,4.699999999999989,8.599999999999966,9.5,12.0,23.099999999999966,24.099999999999966,24.19999999999999,25.19999999999999,26.0,26.19999999999999,27.5,28.80000000000001,29.80000000000001,39.0,39.5,39.599999999999966,40.099999999999966,40.19999999999999,40.30000000000001,40.80000000000001,41.69999999999999,41.80000000000001,41.80000000000001,42.599999999999966,43.69999999999999,44.19999999999999,44.5,44.599999999999966,45.5,50.099999999999966,54.30000000000001,57.80000000000001,61.19999999999999,62.5,62.80000000000001,64.5,65.0,71.69999999999999
lightish blue color,70.79999999999995,71.39999999999998,72.09999999999997,72.19999999999999,72.29999999999995,73.69999999999999,74.0,76.29999999999995,77.39999999999998,78.09999999999997,80.09999999999997,81.0,81.5,82.0,82.89999999999998,83.19999999999999,83.79999999999995,89.5,90.69999999999999,91.59999999999997,92.69999999999999,94.29999999999995,95.39999999999998,96.59999999999997,96.69999999999999,97.0,98.89999999999998,100.09999999999997,100.89999999999998,101.69999999999999,102.69999999999999,103.09999999999997,108.99999999999997,109.49999999999997,109.99999999999997,110.19999999999999,110.69999999999999,111.69999999999999,112.39999999999998,112.69999999999999,113.09999999999997,113.49999999999997,113.59999999999997,114.09999999999997,114.09999999999997,115.29999999999998,116.69999999999999,116.79999999999998,116.89999999999998,118.29999999999998,118.39999999999998,119.89999999999998,120.09999999999997,120.29999999999998,124.69999999999999,125.59999999999997,126.79999999999998,127.19999999999999,129.09999999999997,129.7,131.09999999999997,132.29999999999998,132.79999999999998,133.09999999999997,133.09999999999997,134.39999999999998,134.79999999999998,136.39999999999998,136.7,140.09999999999997,142.49999999999997,147.79999999999998,149.29999999999998,151.29999999999998,152.09999999999997,152.2,152.7,153.99999999999997,155.7,157.09999999999997,157.29999999999998,157.39999999999998,157.99999999999997,158.99999999999997,159.09999999999997,159.59999999999997,159.59999999999997,162.29999999999998,166.39999999999998,179.20000000000002,175.70000000000002,174.90000000000003,174.70000000000002,173.3,172.8,172.60000000000002,170.70000000000002,167.00000000000003,166.8,164.60000000000002,163.90000000000003,163.00000000000003,162.20000000000002,160.8,160.3,160.20000000000002,159.20000000000002,159.10000000000002,158.50000000000003,158.3,154.3,153.60000000000002,152.60000000000002,151.8,150.50000000000003,149.3,147.90000000000003,145.50000000000003,145.10000000000002,144.00000000000003,142.3,140.70000000000002,139.90000000000003,137.8,137.20000000000002,136.60000000000002,135.90000000000003,133.60000000000002,131.20000000000002,130.8,130.70000000000002,130.70000000000002,130.50000000000003,128.10000000000002,127.90000000000003,127.70000000000002,125.00000000000003,121.50000000000003,118.30000000000001,108.70000000000002,105.60000000000002,105.20000000000002,100.70000000000002,97.50000000000003,90.90000000000003,75.80000000000001,66.40000000000003,25.700000000000045,25.30000000000001,22.0,21.100000000000023,13.900000000000034,2.900000000000034,2.8000000000000114,1.8000000000000114,1.8000000000000114,0.0,2.8999999999999773,6.7999999999999545,7.699999999999989,10.199999999999989,21.299999999999955,22.299999999999955,22.399999999999977,23.399999999999977,24.19999999999999,24.399999999999977,25.69999999999999,27.0,28.0,37.19999999999999,37.69999999999999,37.799999999999955,38.299999999999955,38.39999999999998,38.5,39.0,39.89999999999998,40.0,40.0,40.799999999999955,41.89999999999998,42.39999999999998,42.69999999999999,42.799999999999955,43.69999999999999,48.299999999999955,52.5,56.0,59.39999999999998,60.69999999999999,61.0,62.69999999999999,63.19999999999999,69.89999999999998
periwinkle blue color,67.89999999999998,68.5,69.19999999999999,69.30000000000001,69.39999999999998,70.80000000000001,71.10000000000002,73.39999999999998,74.5,75.19999999999999,77.19999999999999,78.10000000000002,78.60000000000002,79.10000000000002,80.0,80.30000000000001,80.89999999999998,86.60000000000002,87.80000000000001,88.69999999999999,89.80000000000001,91.39999999999998,92.5,93.69999999999999,93.80000000000001,94.10000000000002,96.0,97.19999999999999,98.0,98.80000000000001,99.80000000000001,100.19999999999999,106.1,106.6,107.1,107.30000000000001,107.80000000000001,108.80000000000001,109.5,109.80000000000001,110.19999999999999,110.6,110.69999999999999,111.19999999999999,111.19999999999999,112.4,113.80000000000001,113.9,114.0,115.4,115.5,117.0,117.19999999999999,117.4,121.80000000000001,122.69999999999999,123.9,124.30000000000001,126.19999999999999,126.80000000000001,128.2,129.4,129.9,130.2,130.2,131.5,131.9,133.5,133.8,137.2,139.6,144.9,146.4,148.4,149.2,149.3,149.8,151.1,152.8,154.2,154.4,154.5,155.1,156.1,156.2,156.7,156.7,159.4,163.5,177.9,178.6,177.8,177.6,176.2,175.7,175.5,173.6,169.9,169.7,167.5,166.8,165.9,165.1,163.7,163.2,163.1,162.1,162.0,161.4,161.2,157.2,156.5,155.5,154.7,153.4,152.2,150.8,148.4,148.0,146.9,145.2,143.6,142.8,140.7,140.1,139.5,138.8,136.5,134.1,133.7,133.6,133.6,133.4,131.0,130.8,130.6,127.9,124.4,121.19999999999999,111.6,108.5,108.1,103.6,100.4,93.80000000000001,78.69999999999999,69.30000000000001,28.600000000000023,28.19999999999999,24.899999999999977,24.0,16.80000000000001,5.800000000000011,5.699999999999989,4.699999999999989,4.699999999999989,2.8999999999999773,0.0,3.8999999999999773,4.800000000000011,7.300000000000011,18.399999999999977,19.399999999999977,19.5,20.5,21.30000000000001,21.5,22.80000000000001,24.100000000000023,25.100000000000023,34.30000000000001,34.80000000000001,34.89999999999998,35.39999999999998,35.5,35.60000000000002,36.10000000000002,37.0,37.10000000000002,37.10000000000002,37.89999999999998,39.0,39.5,39.80000000000001,39.89999999999998,40.80000000000001,45.39999999999998,49.60000000000002,53.10000000000002,56.5,57.80000000000001,58.10000000000002,59.80000000000001,60.30000000000001,67.0
perrywinkle color,64.0,64.60000000000002,65.30000000000001,65.40000000000003,65.5,66.90000000000003,67.20000000000005,69.5,70.60000000000002,71.30000000000001,73.30000000000001,74.20000000000005,74.70000000000005,75.20000000000005,76.10000000000002,76.40000000000003,77.0,82.70000000000005,83.90000000000003,84.80000000000001,85.90000000000003,87.5,88.60000000000002,89.80000000000001,89.90000000000003,90.20000000000005,92.10000000000002,93.30000000000001,94.10000000000002,94.90000000000003,95.90000000000003,96.30000000000001,102.20000000000005,102.70000000000005,103.20000000000005,103.40000000000003,103.90000000000003,104.90000000000003,105.60000000000002,105.90000000000003,106.30000000000001,106.70000000000002,106.80000000000001,107.30000000000001,107.30000000000001,108.50000000000003,109.90000000000003,110.00000000000003,110.10000000000002,111.50000000000003,111.60000000000002,113.10000000000002,113.30000000000001,113.50000000000003,117.90000000000003,118.80000000000001,120.00000000000003,120.40000000000003,122.30000000000001,122.90000000000003,124.30000000000001,125.50000000000003,126.00000000000003,126.30000000000001,126.30000000000001,127.60000000000002,128.00000000000003,129.60000000000002,129.90000000000003,133.3,135.70000000000002,141.00000000000003,142.50000000000003,144.50000000000003,145.3,145.40000000000003,145.90000000000003,147.20000000000002,148.90000000000003,150.3,150.50000000000003,150.60000000000002,151.20000000000002,152.20000000000002,152.3,152.8,152.8,155.50000000000003,159.60000000000002,174.00000000000003,177.50000000000003,178.3,178.50000000000003,179.90000000000003,179.59999999999997,179.39999999999998,177.49999999999997,173.79999999999998,173.59999999999997,171.39999999999998,170.7,169.79999999999998,168.99999999999997,167.59999999999997,167.09999999999997,166.99999999999997,165.99999999999997,165.89999999999998,165.29999999999998,165.09999999999997,161.09999999999997,160.39999999999998,159.39999999999998,158.59999999999997,157.29999999999998,156.09999999999997,154.7,152.29999999999998,151.89999999999998,150.79999999999998,149.09999999999997,147.49999999999997,146.7,144.59999999999997,143.99999999999997,143.39999999999998,142.7,140.39999999999998,137.99999999999997,137.59999999999997,137.49999999999997,137.49999999999997,137.29999999999998,134.89999999999998,134.7,134.49999999999997,131.79999999999998,128.29999999999998,125.09999999999997,115.49999999999997,112.39999999999998,111.99999999999997,107.49999999999997,104.29999999999998,97.69999999999999,82.59999999999997,73.19999999999999,32.5,32.099999999999966,28.799999999999955,27.899999999999977,20.69999999999999,9.699999999999989,9.599999999999966,8.599999999999966,8.599999999999966,6.7999999999999545,3.8999999999999773,0.0,0.9000000000000341,3.400000000000034,14.5,15.5,15.600000000000023,16.600000000000023,17.400000000000034,17.600000000000023,18.900000000000034,20.200000000000045,21.200000000000045,30.400000000000034,30.900000000000034,31.0,31.5,31.600000000000023,31.700000000000045,32.200000000000045,33.10000000000002,33.200000000000045,33.200000000000045,34.0,35.10000000000002,35.60000000000002,35.900000000000034,36.0,36.900000000000034,41.5,45.700000000000045,49.200000000000045,52.60000000000002,53.900000000000034,54.200000000000045,55.900000000000034,56.400000000000034,63.10000000000002
lavender blue color,63.099999999999966,63.69999999999999,64.39999999999998,64.5,64.59999999999997,66.0,66.30000000000001,68.59999999999997,69.69999999999999,70.39999999999998,72.39999999999998,73.30000000000001,73.80000000000001,74.30000000000001,75.19999999999999,75.5,76.09999999999997,81.80000000000001,83.0,83.89999999999998,85.0,86.59999999999997,87.69999999999999,88.89999999999998,89.0,89.30000000000001,91.19999999999999,92.39999999999998,93.19999999999999,94.0,95.0,95.39999999999998,101.30000000000001,101.80000000000001,102.30000000000001,102.5,103.0,104.0,104.69999999999999,105.0,105.39999999999998,105.79999999999998,105.89999999999998,106.39999999999998,106.39999999999998,107.6,109.0,109.1,109.19999999999999,110.6,110.69999999999999,112.19999999999999,112.39999999999998,112.6,117.0,117.89999999999998,119.1,119.5,121.39999999999998,122.0,123.39999999999998,124.6,125.1,125.39999999999998,125.39999999999998,126.69999999999999,127.1,128.7,129.0,132.39999999999998,134.79999999999998,140.1,141.6,143.6,144.39999999999998,144.5,145.0,146.29999999999998,148.0,149.39999999999998,149.6,149.7,150.29999999999998,151.29999999999998,151.39999999999998,151.89999999999998,151.89999999999998,154.6,158.7,173.1,176.6,177.39999999999998,177.6,179.0,179.5,179.7,178.4,174.70000000000002,174.5,172.3,171.60000000000002,170.70000000000002,169.9,168.5,168.0,167.9,166.9,166.8,166.20000000000002,166.0,162.0,161.3,160.3,159.5,158.20000000000002,157.0,155.60000000000002,153.20000000000002,152.8,151.70000000000002,150.0,148.4,147.60000000000002,145.5,144.9,144.3,143.60000000000002,141.3,138.9,138.5,138.4,138.4,138.20000000000002,135.8,135.60000000000002,135.4,132.70000000000002,129.20000000000002,126.0,116.4,113.30000000000001,112.9,108.4,105.20000000000002,98.60000000000002,83.5,74.10000000000002,33.400000000000034,33.0,29.69999999999999,28.80000000000001,21.600000000000023,10.600000000000023,10.5,9.5,9.5,7.699999999999989,4.800000000000011,0.9000000000000341,0.0,2.5,13.599999999999966,14.599999999999966,14.699999999999989,15.699999999999989,16.5,16.69999999999999,18.0,19.30000000000001,20.30000000000001,29.5,30.0,30.099999999999966,30.599999999999966,30.69999999999999,30.80000000000001,31.30000000000001,32.19999999999999,32.30000000000001,32.30000000000001,33.099999999999966,34.19999999999999,34.69999999999999,35.0,35.099999999999966,36.0,40.599999999999966,44.80000000000001,48.30000000000001,51.69999999999999,53.0,53.30000000000001,55.0,55.5,62.19999999999999
periwinkle color,60.599999999999966,61.19999999999999,61.89999999999998,62.0,62.099999999999966,63.5,63.80000000000001,66.09999999999997,67.19999999999999,67.89999999999998,69.89999999999998,70.80000000000001,71.30000000000001,71.80000000000001,72.69999999999999,73.0,73.59999999999997,79.30000000000001,80.5,81.39999999999998,82.5,84.09999999999997,85.19999999999999,86.39999999999998,86.5,86.80000000000001,88.69999999999999,89.89999999999998,90.69999999999999,91.5,92.5,92.89999999999998,98.80000000000001,99.30000000000001,99.80000000000001,100.0,100.5,101.5,102.19999999999999,102.5,102.89999999999998,103.30000000000001,103.39999999999998,103.89999999999998,103.89999999999998,105.1,106.5,106.6,106.69999999999999,108.1,108.19999999999999,109.69999999999999,109.89999999999998,110.1,114.5,115.39999999999998,116.6,117.0,118.89999999999998,119.5,120.89999999999998,122.1,122.6,122.89999999999998,122.89999999999998,124.19999999999999,124.6,126.19999999999999,126.5,129.89999999999998,132.29999999999998,137.6,139.1,141.1,141.89999999999998,142.0,142.5,143.79999999999998,145.5,146.89999999999998,147.1,147.2,147.79999999999998,148.79999999999998,148.89999999999998,149.39999999999998,149.39999999999998,152.1,156.2,170.6,174.1,174.89999999999998,175.1,176.5,177.0,177.2,179.1,177.20000000000002,177.0,174.8,174.10000000000002,173.20000000000002,172.4,171.0,170.5,170.4,169.4,169.3,168.70000000000002,168.5,164.5,163.8,162.8,162.0,160.70000000000002,159.5,158.10000000000002,155.70000000000002,155.3,154.20000000000002,152.5,150.9,150.10000000000002,148.0,147.4,146.8,146.10000000000002,143.8,141.4,141.0,140.9,140.9,140.70000000000002,138.3,138.10000000000002,137.9,135.20000000000002,131.70000000000002,128.5,118.9,115.80000000000001,115.4,110.9,107.70000000000002,101.10000000000002,86.0,76.60000000000002,35.900000000000034,35.5,32.19999999999999,31.30000000000001,24.100000000000023,13.100000000000023,13.0,12.0,12.0,10.199999999999989,7.300000000000011,3.400000000000034,2.5,0.0,11.099999999999966,12.099999999999966,12.199999999999989,13.199999999999989,14.0,14.199999999999989,15.5,16.80000000000001,17.80000000000001,27.0,27.5,27.599999999999966,28.099999999999966,28.19999999999999,28.30000000000001,28.80000000000001,29.69999999999999,29.80000000000001,29.80000000000001,30.599999999999966,31.69999999999999,32.19999999999999,32.5,32.599999999999966,33.5,38.099999999999966,42.30000000000001,45.80000000000001,49.19999999999999,50.5,50.80000000000001,52.5,53.0,59.69999999999999
liliac color,49.5,50.10000000000002,50.80000000000001,50.900000000000034,51.0,52.400000000000034,52.700000000000045,55.0,56.10000000000002,56.80000000000001,58.80000000000001,59.700000000000045,60.200000000000045,60.700000000000045,61.60000000000002,61.900000000000034,62.5,68.20000000000005,69.40000000000003,70.30000000000001,71.40000000000003,73.0,74.10000000000002,75.30000000000001,75.40000000000003,75.70000000000005,77.60000000000002,78.80000000000001,79.60000000000002,80.40000000000003,81.40000000000003,81.80000000000001,87.70000000000005,88.20000000000005,88.70000000000005,88.90000000000003,89.40000000000003,90.40000000000003,91.10000000000002,91.40000000000003,91.80000000000001,92.20000000000005,92.30000000000001,92.80000000000001,92.80000000000001,94.0,95.40000000000003,95.5,95.60000000000002,97.0,97.10000000000002,98.60000000000002,98.80000000000001,99.0,103.40000000000003,104.30000000000001,105.50000000000003,105.90000000000003,107.80000000000001,108.40000000000003,109.80000000000001,111.00000000000003,111.50000000000003,111.80000000000001,111.80000000000001,113.10000000000002,113.50000000000003,115.10000000000002,115.40000000000003,118.80000000000001,121.20000000000002,126.50000000000003,128.00000000000003,130.00000000000003,130.8,130.90000000000003,131.40000000000003,132.70000000000002,134.40000000000003,135.8,136.00000000000003,136.10000000000002,136.70000000000002,137.70000000000002,137.8,138.3,138.3,141.00000000000003,145.10000000000002,159.50000000000003,163.00000000000003,163.8,164.00000000000003,165.40000000000003,165.90000000000003,166.10000000000002,168.00000000000003,171.70000000000002,171.90000000000003,174.10000000000002,174.8,175.70000000000002,176.50000000000003,177.90000000000003,178.40000000000003,178.50000000000003,179.50000000000003,179.60000000000002,179.79999999999998,179.59999999999997,175.59999999999997,174.89999999999998,173.89999999999998,173.09999999999997,171.79999999999998,170.59999999999997,169.2,166.79999999999998,166.39999999999998,165.29999999999998,163.59999999999997,161.99999999999997,161.2,159.09999999999997,158.49999999999997,157.89999999999998,157.2,154.89999999999998,152.49999999999997,152.09999999999997,151.99999999999997,151.99999999999997,151.79999999999998,149.39999999999998,149.2,148.99999999999997,146.29999999999998,142.79999999999998,139.59999999999997,129.99999999999997,126.89999999999998,126.49999999999997,121.99999999999997,118.79999999999998,112.19999999999999,97.09999999999997,87.69999999999999,47.0,46.599999999999966,43.299999999999955,42.39999999999998,35.19999999999999,24.19999999999999,24.099999999999966,23.099999999999966,23.099999999999966,21.299999999999955,18.399999999999977,14.5,13.599999999999966,11.099999999999966,0.0,1.0,1.1000000000000227,2.1000000000000227,2.900000000000034,3.1000000000000227,4.400000000000034,5.7000000000000455,6.7000000000000455,15.900000000000034,16.400000000000034,16.5,17.0,17.100000000000023,17.200000000000045,17.700000000000045,18.600000000000023,18.700000000000045,18.700000000000045,19.5,20.600000000000023,21.100000000000023,21.400000000000034,21.5,22.400000000000034,27.0,31.200000000000045,34.700000000000045,38.10000000000002,39.400000000000034,39.700000000000045,41.400000000000034,41.900000000000034,48.60000000000002
lighter purple color,48.5,49.10000000000002,49.80000000000001,49.900000000000034,50.0,51.400000000000034,51.700000000000045,54.0,55.10000000000002,55.80000000000001,57.80000000000001,58.700000000000045,59.200000000000045,59.700000000000045,60.60000000000002,60.900000000000034,61.5,67.20000000000005,68.40000000000003,69.30000000000001,70.40000000000003,72.0,73.10000000000002,74.30000000000001,74.40000000000003,74.70000000000005,76.60000000000002,77.80000000000001,78.60000000000002,79.40000000000003,80.40000000000003,80.80000000000001,86.70000000000005,87.20000000000005,87.70000000000005,87.90000000000003,88.40000000000003,89.40000000000003,90.10000000000002,90.40000000000003,90.80000000000001,91.20000000000005,91.30000000000001,91.80000000000001,91.80000000000001,93.0,94.40000000000003,94.5,94.60000000000002,96.0,96.10000000000002,97.60000000000002,97.80000000000001,98.0,102.40000000000003,103.30000000000001,104.50000000000003,104.90000000000003,106.80000000000001,107.40000000000003,108.80000000000001,110.00000000000003,110.50000000000003,110.80000000000001,110.80000000000001,112.10000000000002,112.50000000000003,114.10000000000002,114.40000000000003,117.80000000000001,120.20000000000002,125.50000000000003,127.00000000000003,129.00000000000003,129.8,129.90000000000003,130.40000000000003,131.70000000000002,133.40000000000003,134.8,135.00000000000003,135.10000000000002,135.70000000000002,136.70000000000002,136.8,137.3,137.3,140.00000000000003,144.10000000000002,158.50000000000003,162.00000000000003,162.8,163.00000000000003,164.40000000000003,164.90000000000003,165.10000000000002,167.00000000000003,170.70000000000002,170.90000000000003,173.10000000000002,173.8,174.70000000000002,175.50000000000003,176.90000000000003,177.40000000000003,177.50000000000003,178.50000000000003,178.60000000000002,179.20000000000002,179.40000000000003,176.59999999999997,175.89999999999998,174.89999999999998,174.09999999999997,172.79999999999998,171.59999999999997,170.2,167.79999999999998,167.39999999999998,166.29999999999998,164.59999999999997,162.99999999999997,162.2,160.09999999999997,159.49999999999997,158.89999999999998,158.2,155.89999999999998,153.49999999999997,153.09999999999997,152.99999999999997,152.99999999999997,152.79999999999998,150.39999999999998,150.2,149.99999999999997,147.29999999999998,143.79999999999998,140.59999999999997,130.99999999999997,127.89999999999998,127.49999999999997,122.99999999999997,119.79999999999998,113.19999999999999,98.09999999999997,88.69999999999999,48.0,47.599999999999966,44.299999999999955,43.39999999999998,36.19999999999999,25.19999999999999,25.099999999999966,24.099999999999966,24.099999999999966,22.299999999999955,19.399999999999977,15.5,14.599999999999966,12.099999999999966,1.0,0.0,0.10000000000002274,1.1000000000000227,1.900000000000034,2.1000000000000227,3.400000000000034,4.7000000000000455,5.7000000000000455,14.900000000000034,15.400000000000034,15.5,16.0,16.100000000000023,16.200000000000045,16.700000000000045,17.600000000000023,17.700000000000045,17.700000000000045,18.5,19.600000000000023,20.100000000000023,20.400000000000034,20.5,21.400000000000034,26.0,30.200000000000045,33.700000000000045,37.10000000000002,38.400000000000034,38.700000000000045,40.400000000000034,40.900000000000034,47.60000000000002
light urple color,48.39999999999998,49.0,49.69999999999999,49.80000000000001,49.89999999999998,51.30000000000001,51.60000000000002,53.89999999999998,55.0,55.69999999999999,57.69999999999999,58.60000000000002,59.10000000000002,59.60000000000002,60.5,60.80000000000001,61.39999999999998,67.10000000000002,68.30000000000001,69.19999999999999,70.30000000000001,71.89999999999998,73.0,74.19999999999999,74.30000000000001,74.60000000000002,76.5,77.69999999999999,78.5,79.30000000000001,80.30000000000001,80.69999999999999,86.60000000000002,87.10000000000002,87.60000000000002,87.80000000000001,88.30000000000001,89.30000000000001,90.0,90.30000000000001,90.69999999999999,91.10000000000002,91.19999999999999,91.69999999999999,91.69999999999999,92.89999999999998,94.30000000000001,94.39999999999998,94.5,95.89999999999998,96.0,97.5,97.69999999999999,97.89999999999998,102.30000000000001,103.19999999999999,104.4,104.80000000000001,106.69999999999999,107.30000000000001,108.69999999999999,109.9,110.4,110.69999999999999,110.69999999999999,112.0,112.4,114.0,114.30000000000001,117.69999999999999,120.1,125.4,126.9,128.9,129.7,129.8,130.3,131.6,133.3,134.7,134.9,135.0,135.6,136.6,136.7,137.2,137.2,139.9,144.0,158.4,161.9,162.7,162.9,164.3,164.8,165.0,166.9,170.6,170.8,173.0,173.7,174.6,175.4,176.8,177.3,177.4,178.4,178.5,179.1,179.3,176.7,176.0,175.0,174.2,172.9,171.7,170.3,167.9,167.5,166.4,164.7,163.1,162.3,160.2,159.6,159.0,158.3,156.0,153.6,153.2,153.1,153.1,152.9,150.5,150.3,150.1,147.4,143.9,140.7,131.1,128.0,127.6,123.1,119.9,113.30000000000001,98.19999999999999,88.80000000000001,48.10000000000002,47.69999999999999,44.39999999999998,43.5,36.30000000000001,25.30000000000001,25.19999999999999,24.19999999999999,24.19999999999999,22.399999999999977,19.5,15.600000000000023,14.699999999999989,12.199999999999989,1.1000000000000227,0.10000000000002274,0.0,1.0,1.8000000000000114,2.0,3.3000000000000114,4.600000000000023,5.600000000000023,14.800000000000011,15.300000000000011,15.399999999999977,15.899999999999977,16.0,16.100000000000023,16.600000000000023,17.5,17.600000000000023,17.600000000000023,18.399999999999977,19.5,20.0,20.30000000000001,20.399999999999977,21.30000000000001,25.899999999999977,30.100000000000023,33.60000000000002,37.0,38.30000000000001,38.60000000000002,40.30000000000001,40.80000000000001,47.5
pale purple color,47.39999999999998,48.0,48.69999999999999,48.80000000000001,48.89999999999998,50.30000000000001,50.60000000000002,52.89999999999998,54.0,54.69999999999999,56.69999999999999,57.60000000000002,58.10000000000002,58.60000000000002,59.5,59.80000000000001,60.39999999999998,66.10000000000002,67.30000000000001,68.19999999999999,69.30000000000001,70.89999999999998,72.0,73.19999999999999,73.30000000000001,73.60000000000002,75.5,76.69999999999999,77.5,78.30000000000001,79.30000000000001,79.69999999999999,85.60000000000002,86.10000000000002,86.60000000000002,86.80000000000001,87.30000000000001,88.30000000000001,89.0,89.30000000000001,89.69999999999999,90.10000000000002,90.19999999999999,90.69999999999999,90.69999999999999,91.89999999999998,93.30000000000001,93.39999999999998,93.5,94.89999999999998,95.0,96.5,96.69999999999999,96.89999999999998,101.30000000000001,102.19999999999999,103.39999999999998,103.80000000000001,105.69999999999999,106.30000000000001,107.69999999999999,108.9,109.4,109.69999999999999,109.69999999999999,111.0,111.4,113.0,113.30000000000001,116.69999999999999,119.1,124.4,125.9,127.9,128.7,128.8,129.3,130.6,132.3,133.7,133.9,134.0,134.6,135.6,135.7,136.2,136.2,138.9,143.0,157.4,160.9,161.7,161.9,163.3,163.8,164.0,165.9,169.6,169.8,172.0,172.7,173.6,174.4,175.8,176.3,176.4,177.4,177.5,178.1,178.3,177.7,177.0,176.0,175.2,173.9,172.7,171.3,168.9,168.5,167.4,165.7,164.1,163.3,161.2,160.6,160.0,159.3,157.0,154.6,154.2,154.1,154.1,153.9,151.5,151.3,151.1,148.4,144.9,141.7,132.1,129.0,128.6,124.1,120.9,114.30000000000001,99.19999999999999,89.80000000000001,49.10000000000002,48.69999999999999,45.39999999999998,44.5,37.30000000000001,26.30000000000001,26.19999999999999,25.19999999999999,25.19999999999999,23.399999999999977,20.5,16.600000000000023,15.699999999999989,13.199999999999989,2.1000000000000227,1.1000000000000227,1.0,0.0,0.8000000000000114,1.0,2.3000000000000114,3.6000000000000227,4.600000000000023,13.800000000000011,14.300000000000011,14.399999999999977,14.899999999999977,15.0,15.100000000000023,15.600000000000023,16.5,16.600000000000023,16.600000000000023,17.399999999999977,18.5,19.0,19.30000000000001,19.399999999999977,20.30000000000001,24.899999999999977,29.100000000000023,32.60000000000002,36.0,37.30000000000001,37.60000000000002,39.30000000000001,39.80000000000001,46.5
light purple color,46.599999999999966,47.19999999999999,47.89999999999998,48.0,48.099999999999966,49.5,49.80000000000001,52.099999999999966,53.19999999999999,53.89999999999998,55.89999999999998,56.80000000000001,57.30000000000001,57.80000000000001,58.69999999999999,59.0,59.599999999999966,65.30000000000001,66.5,67.39999999999998,68.5,70.09999999999997,71.19999999999999,72.39999999999998,72.5,72.80000000000001,74.69999999999999,75.89999999999998,76.69999999999999,77.5,78.5,78.89999999999998,84.80000000000001,85.30000000000001,85.80000000000001,86.0,86.5,87.5,88.19999999999999,88.5,88.89999999999998,89.30000000000001,89.39999999999998,89.89999999999998,89.89999999999998,91.09999999999997,92.5,92.59999999999997,92.69999999999999,94.09999999999997,94.19999999999999,95.69999999999999,95.89999999999998,96.09999999999997,100.5,101.39999999999998,102.59999999999997,103.0,104.89999999999998,105.5,106.89999999999998,108.1,108.6,108.89999999999998,108.89999999999998,110.19999999999999,110.6,112.19999999999999,112.5,115.89999999999998,118.29999999999998,123.6,125.1,127.1,127.89999999999998,128.0,128.5,129.79999999999998,131.5,132.89999999999998,133.1,133.2,133.79999999999998,134.79999999999998,134.89999999999998,135.39999999999998,135.39999999999998,138.1,142.2,156.6,160.1,160.89999999999998,161.1,162.5,163.0,163.2,165.1,168.79999999999998,169.0,171.2,171.89999999999998,172.79999999999998,173.6,175.0,175.5,175.6,176.6,176.7,177.29999999999998,177.5,178.5,177.8,176.8,176.0,174.70000000000002,173.5,172.10000000000002,169.70000000000002,169.3,168.20000000000002,166.5,164.9,164.10000000000002,162.0,161.4,160.8,160.10000000000002,157.8,155.4,155.0,154.9,154.9,154.70000000000002,152.3,152.10000000000002,151.9,149.20000000000002,145.70000000000002,142.5,132.9,129.8,129.4,124.9,121.70000000000002,115.10000000000002,100.0,90.60000000000002,49.900000000000034,49.5,46.19999999999999,45.30000000000001,38.10000000000002,27.100000000000023,27.0,26.0,26.0,24.19999999999999,21.30000000000001,17.400000000000034,16.5,14.0,2.900000000000034,1.900000000000034,1.8000000000000114,0.8000000000000114,0.0,0.19999999999998863,1.5,2.8000000000000114,3.8000000000000114,13.0,13.5,13.599999999999966,14.099999999999966,14.199999999999989,14.300000000000011,14.800000000000011,15.699999999999989,15.800000000000011,15.800000000000011,16.599999999999966,17.69999999999999,18.19999999999999,18.5,18.599999999999966,19.5,24.099999999999966,28.30000000000001,31.80000000000001,35.19999999999999,36.5,36.80000000000001,38.5,39.0,45.69999999999999
lightish purple color,46.39999999999998,47.0,47.69999999999999,47.80000000000001,47.89999999999998,49.30000000000001,49.60000000000002,51.89999999999998,53.0,53.69999999999999,55.69999999999999,56.60000000000002,57.10000000000002,57.60000000000002,58.5,58.80000000000001,59.39999999999998,65.10000000000002,66.30000000000001,67.19999999999999,68.30000000000001,69.89999999999998,71.0,72.19999999999999,72.30000000000001,72.60000000000002,74.5,75.69999999999999,76.5,77.30000000000001,78.30000000000001,78.69999999999999,84.60000000000002,85.10000000000002,85.60000000000002,85.80000000000001,86.30000000000001,87.30000000000001,88.0,88.30000000000001,88.69999999999999,89.10000000000002,89.19999999999999,89.69999999999999,89.69999999999999,90.89999999999998,92.30000000000001,92.39999999999998,92.5,93.89999999999998,94.0,95.5,95.69999999999999,95.89999999999998,100.30000000000001,101.19999999999999,102.39999999999998,102.80000000000001,104.69999999999999,105.30000000000001,106.69999999999999,107.9,108.4,108.69999999999999,108.69999999999999,110.0,110.4,112.0,112.30000000000001,115.69999999999999,118.1,123.4,124.9,126.9,127.69999999999999,127.80000000000001,128.3,129.6,131.3,132.7,132.9,133.0,133.6,134.6,134.7,135.2,135.2,137.9,142.0,156.4,159.9,160.7,160.9,162.3,162.8,163.0,164.9,168.6,168.8,171.0,171.7,172.6,173.4,174.8,175.3,175.4,176.4,176.5,177.1,177.3,178.7,178.0,177.0,176.2,174.9,173.7,172.3,169.9,169.5,168.4,166.7,165.1,164.3,162.2,161.6,161.0,160.3,158.0,155.6,155.2,155.1,155.1,154.9,152.5,152.3,152.1,149.4,145.9,142.7,133.1,130.0,129.6,125.1,121.9,115.30000000000001,100.19999999999999,90.80000000000001,50.10000000000002,49.69999999999999,46.39999999999998,45.5,38.30000000000001,27.30000000000001,27.19999999999999,26.19999999999999,26.19999999999999,24.399999999999977,21.5,17.600000000000023,16.69999999999999,14.199999999999989,3.1000000000000227,2.1000000000000227,2.0,1.0,0.19999999999998863,0.0,1.3000000000000114,2.6000000000000227,3.6000000000000227,12.800000000000011,13.300000000000011,13.399999999999977,13.899999999999977,14.0,14.100000000000023,14.600000000000023,15.5,15.600000000000023,15.600000000000023,16.399999999999977,17.5,18.0,18.30000000000001,18.399999999999977,19.30000000000001,23.899999999999977,28.100000000000023,31.600000000000023,35.0,36.30000000000001,36.60000000000002,38.30000000000001,38.80000000000001,45.5
amethyst color,45.099999999999966,45.69999999999999,46.39999999999998,46.5,46.599999999999966,48.0,48.30000000000001,50.599999999999966,51.69999999999999,52.39999999999998,54.39999999999998,55.30000000000001,55.80000000000001,56.30000000000001,57.19999999999999,57.5,58.099999999999966,63.80000000000001,65.0,65.89999999999998,67.0,68.59999999999997,69.69999999999999,70.89999999999998,71.0,71.30000000000001,73.19999999999999,74.39999999999998,75.19999999999999,76.0,77.0,77.39999999999998,83.30000000000001,83.80000000000001,84.30000000000001,84.5,85.0,86.0,86.69999999999999,87.0,87.39999999999998,87.80000000000001,87.89999999999998,88.39999999999998,88.39999999999998,89.59999999999997,91.0,91.09999999999997,91.19999999999999,92.59999999999997,92.69999999999999,94.19999999999999,94.39999999999998,94.59999999999997,99.0,99.89999999999998,101.09999999999997,101.5,103.39999999999998,104.0,105.39999999999998,106.6,107.1,107.39999999999998,107.39999999999998,108.69999999999999,109.1,110.69999999999999,111.0,114.39999999999998,116.79999999999998,122.1,123.6,125.6,126.39999999999998,126.5,127.0,128.29999999999998,130.0,131.39999999999998,131.6,131.7,132.29999999999998,133.29999999999998,133.39999999999998,133.89999999999998,133.89999999999998,136.6,140.7,155.1,158.6,159.39999999999998,159.6,161.0,161.5,161.7,163.6,167.29999999999998,167.5,169.7,170.39999999999998,171.29999999999998,172.1,173.5,174.0,174.1,175.1,175.2,175.79999999999998,176.0,180.0,179.3,178.3,177.5,176.20000000000002,175.0,173.60000000000002,171.20000000000002,170.8,169.70000000000002,168.0,166.4,165.60000000000002,163.5,162.9,162.3,161.60000000000002,159.3,156.9,156.5,156.4,156.4,156.20000000000002,153.8,153.60000000000002,153.4,150.70000000000002,147.20000000000002,144.0,134.4,131.3,130.9,126.4,123.20000000000002,116.60000000000002,101.5,92.10000000000002,51.400000000000034,51.0,47.69999999999999,46.80000000000001,39.60000000000002,28.600000000000023,28.5,27.5,27.5,25.69999999999999,22.80000000000001,18.900000000000034,18.0,15.5,4.400000000000034,3.400000000000034,3.3000000000000114,2.3000000000000114,1.5,1.3000000000000114,0.0,1.3000000000000114,2.3000000000000114,11.5,12.0,12.099999999999966,12.599999999999966,12.699999999999989,12.800000000000011,13.300000000000011,14.199999999999989,14.300000000000011,14.300000000000011,15.099999999999966,16.19999999999999,16.69999999999999,17.0,17.099999999999966,18.0,22.599999999999966,26.80000000000001,30.30000000000001,33.69999999999999,35.0,35.30000000000001,37.0,37.5,44.19999999999999
bright lavender color,43.799999999999955,44.39999999999998,45.099999999999966,45.19999999999999,45.299999999999955,46.69999999999999,47.0,49.299999999999955,50.39999999999998,51.099999999999966,53.099999999999966,54.0,54.5,55.0,55.89999999999998,56.19999999999999,56.799999999999955,62.5,63.69999999999999,64.59999999999997,65.69999999999999,67.29999999999995,68.39999999999998,69.59999999999997,69.69999999999999,70.0,71.89999999999998,73.09999999999997,73.89999999999998,74.69999999999999,75.69999999999999,76.09999999999997,82.0,82.5,83.0,83.19999999999999,83.69999999999999,84.69999999999999,85.39999999999998,85.69999999999999,86.09999999999997,86.5,86.59999999999997,87.09999999999997,87.09999999999997,88.29999999999995,89.69999999999999,89.79999999999995,89.89999999999998,91.29999999999995,91.39999999999998,92.89999999999998,93.09999999999997,93.29999999999995,97.69999999999999,98.59999999999997,99.79999999999995,100.19999999999999,102.09999999999997,102.69999999999999,104.09999999999997,105.29999999999998,105.79999999999998,106.09999999999997,106.09999999999997,107.39999999999998,107.79999999999998,109.39999999999998,109.69999999999999,113.09999999999997,115.49999999999997,120.79999999999998,122.29999999999998,124.29999999999998,125.09999999999997,125.19999999999999,125.69999999999999,126.99999999999997,128.7,130.09999999999997,130.29999999999998,130.39999999999998,130.99999999999997,131.99999999999997,132.09999999999997,132.59999999999997,132.59999999999997,135.29999999999998,139.39999999999998,153.79999999999998,157.29999999999998,158.09999999999997,158.29999999999998,159.7,160.2,160.39999999999998,162.29999999999998,165.99999999999997,166.2,168.39999999999998,169.09999999999997,169.99999999999997,170.79999999999998,172.2,172.7,172.79999999999998,173.79999999999998,173.89999999999998,174.49999999999997,174.7,178.7,179.39999999999998,179.60000000000002,178.8,177.50000000000003,176.3,174.90000000000003,172.50000000000003,172.10000000000002,171.00000000000003,169.3,167.70000000000002,166.90000000000003,164.8,164.20000000000002,163.60000000000002,162.90000000000003,160.60000000000002,158.20000000000002,157.8,157.70000000000002,157.70000000000002,157.50000000000003,155.10000000000002,154.90000000000003,154.70000000000002,152.00000000000003,148.50000000000003,145.3,135.70000000000002,132.60000000000002,132.20000000000002,127.70000000000002,124.50000000000003,117.90000000000003,102.80000000000001,93.40000000000003,52.700000000000045,52.30000000000001,49.0,48.10000000000002,40.900000000000034,29.900000000000034,29.80000000000001,28.80000000000001,28.80000000000001,27.0,24.100000000000023,20.200000000000045,19.30000000000001,16.80000000000001,5.7000000000000455,4.7000000000000455,4.600000000000023,3.6000000000000227,2.8000000000000114,2.6000000000000227,1.3000000000000114,0.0,1.0,10.199999999999989,10.699999999999989,10.799999999999955,11.299999999999955,11.399999999999977,11.5,12.0,12.899999999999977,13.0,13.0,13.799999999999955,14.899999999999977,15.399999999999977,15.699999999999989,15.799999999999955,16.69999999999999,21.299999999999955,25.5,29.0,32.39999999999998,33.69999999999999,34.0,35.69999999999999,36.19999999999999,42.89999999999998
bright lilac color,42.799999999999955,43.39999999999998,44.099999999999966,44.19999999999999,44.299999999999955,45.69999999999999,46.0,48.299999999999955,49.39999999999998,50.099999999999966,52.099999999999966,53.0,53.5,54.0,54.89999999999998,55.19999999999999,55.799999999999955,61.5,62.69999999999999,63.599999999999966,64.69999999999999,66.29999999999995,67.39999999999998,68.59999999999997,68.69999999999999,69.0,70.89999999999998,72.09999999999997,72.89999999999998,73.69999999999999,74.69999999999999,75.09999999999997,81.0,81.5,82.0,82.19999999999999,82.69999999999999,83.69999999999999,84.39999999999998,84.69999999999999,85.09999999999997,85.5,85.59999999999997,86.09999999999997,86.09999999999997,87.29999999999995,88.69999999999999,88.79999999999995,88.89999999999998,90.29999999999995,90.39999999999998,91.89999999999998,92.09999999999997,92.29999999999995,96.69999999999999,97.59999999999997,98.79999999999995,99.19999999999999,101.09999999999997,101.69999999999999,103.09999999999997,104.29999999999998,104.79999999999998,105.09999999999997,105.09999999999997,106.39999999999998,106.79999999999998,108.39999999999998,108.69999999999999,112.09999999999997,114.49999999999997,119.79999999999998,121.29999999999998,123.29999999999998,124.09999999999997,124.19999999999999,124.69999999999999,125.99999999999997,127.69999999999999,129.09999999999997,129.29999999999998,129.39999999999998,129.99999999999997,130.99999999999997,131.09999999999997,131.59999999999997,131.59999999999997,134.29999999999998,138.39999999999998,152.79999999999998,156.29999999999998,157.09999999999997,157.29999999999998,158.7,159.2,159.39999999999998,161.29999999999998,164.99999999999997,165.2,167.39999999999998,168.09999999999997,168.99999999999997,169.79999999999998,171.2,171.7,171.79999999999998,172.79999999999998,172.89999999999998,173.49999999999997,173.7,177.7,178.39999999999998,179.39999999999998,179.8,178.50000000000003,177.3,175.90000000000003,173.50000000000003,173.10000000000002,172.00000000000003,170.3,168.70000000000002,167.90000000000003,165.8,165.20000000000002,164.60000000000002,163.90000000000003,161.60000000000002,159.20000000000002,158.8,158.70000000000002,158.70000000000002,158.50000000000003,156.10000000000002,155.90000000000003,155.70000000000002,153.00000000000003,149.50000000000003,146.3,136.70000000000002,133.60000000000002,133.20000000000002,128.70000000000002,125.50000000000003,118.90000000000003,103.80000000000001,94.40000000000003,53.700000000000045,53.30000000000001,50.0,49.10000000000002,41.900000000000034,30.900000000000034,30.80000000000001,29.80000000000001,29.80000000000001,28.0,25.100000000000023,21.200000000000045,20.30000000000001,17.80000000000001,6.7000000000000455,5.7000000000000455,5.600000000000023,4.600000000000023,3.8000000000000114,3.6000000000000227,2.3000000000000114,1.0,0.0,9.199999999999989,9.699999999999989,9.799999999999955,10.299999999999955,10.399999999999977,10.5,11.0,11.899999999999977,12.0,12.0,12.799999999999955,13.899999999999977,14.399999999999977,14.699999999999989,14.799999999999955,15.699999999999989,20.299999999999955,24.5,28.0,31.399999999999977,32.69999999999999,33.0,34.69999999999999,35.19999999999999,41.89999999999998
purple/pink color,33.599999999999966,34.19999999999999,34.89999999999998,35.0,35.099999999999966,36.5,36.80000000000001,39.099999999999966,40.19999999999999,40.89999999999998,42.89999999999998,43.80000000000001,44.30000000000001,44.80000000000001,45.69999999999999,46.0,46.599999999999966,52.30000000000001,53.5,54.39999999999998,55.5,57.099999999999966,58.19999999999999,59.39999999999998,59.5,59.80000000000001,61.69999999999999,62.89999999999998,63.69999999999999,64.5,65.5,65.89999999999998,71.80000000000001,72.30000000000001,72.80000000000001,73.0,73.5,74.5,75.19999999999999,75.5,75.89999999999998,76.30000000000001,76.39999999999998,76.89999999999998,76.89999999999998,78.09999999999997,79.5,79.59999999999997,79.69999999999999,81.09999999999997,81.19999999999999,82.69999999999999,82.89999999999998,83.09999999999997,87.5,88.39999999999998,89.59999999999997,90.0,91.89999999999998,92.5,93.89999999999998,95.09999999999997,95.59999999999997,95.89999999999998,95.89999999999998,97.19999999999999,97.60000000000002,99.19999999999999,99.5,102.89999999999998,105.29999999999998,110.6,112.1,114.1,114.89999999999998,115.0,115.5,116.79999999999998,118.5,119.89999999999998,120.1,120.19999999999999,120.79999999999998,121.79999999999998,121.89999999999998,122.39999999999998,122.39999999999998,125.1,129.2,143.6,147.1,147.89999999999998,148.1,149.5,150.0,150.2,152.1,155.79999999999998,156.0,158.2,158.89999999999998,159.79999999999998,160.6,162.0,162.5,162.6,163.6,163.7,164.29999999999998,164.5,168.5,169.2,170.2,171.0,172.29999999999998,173.5,174.89999999999998,177.29999999999998,177.7,178.79999999999998,179.5,177.9,177.10000000000002,175.0,174.4,173.8,173.10000000000002,170.8,168.4,168.0,167.9,167.9,167.70000000000002,165.3,165.10000000000002,164.9,162.20000000000002,158.70000000000002,155.5,145.9,142.8,142.4,137.9,134.70000000000002,128.10000000000002,113.0,103.60000000000002,62.900000000000034,62.5,59.19999999999999,58.30000000000001,51.10000000000002,40.10000000000002,40.0,39.0,39.0,37.19999999999999,34.30000000000001,30.400000000000034,29.5,27.0,15.900000000000034,14.900000000000034,14.800000000000011,13.800000000000011,13.0,12.800000000000011,11.5,10.199999999999989,9.199999999999989,0.0,0.5,0.5999999999999659,1.099999999999966,1.1999999999999886,1.3000000000000114,1.8000000000000114,2.6999999999999886,2.8000000000000114,2.8000000000000114,3.599999999999966,4.699999999999989,5.199999999999989,5.5,5.599999999999966,6.5,11.099999999999966,15.300000000000011,18.80000000000001,22.19999999999999,23.5,23.80000000000001,25.5,26.0,32.69999999999999
violet pink color,33.099999999999966,33.69999999999999,34.39999999999998,34.5,34.599999999999966,36.0,36.30000000000001,38.599999999999966,39.69999999999999,40.39999999999998,42.39999999999998,43.30000000000001,43.80000000000001,44.30000000000001,45.19999999999999,45.5,46.099999999999966,51.80000000000001,53.0,53.89999999999998,55.0,56.599999999999966,57.69999999999999,58.89999999999998,59.0,59.30000000000001,61.19999999999999,62.39999999999998,63.19999999999999,64.0,65.0,65.39999999999998,71.30000000000001,71.80000000000001,72.30000000000001,72.5,73.0,74.0,74.69999999999999,75.0,75.39999999999998,75.80000000000001,75.89999999999998,76.39999999999998,76.39999999999998,77.59999999999997,79.0,79.09999999999997,79.19999999999999,80.59999999999997,80.69999999999999,82.19999999999999,82.39999999999998,82.59999999999997,87.0,87.89999999999998,89.09999999999997,89.5,91.39999999999998,92.0,93.39999999999998,94.59999999999997,95.09999999999997,95.39999999999998,95.39999999999998,96.69999999999999,97.10000000000002,98.69999999999999,99.0,102.39999999999998,104.79999999999998,110.1,111.6,113.6,114.39999999999998,114.5,115.0,116.29999999999998,118.0,119.39999999999998,119.6,119.69999999999999,120.29999999999998,121.29999999999998,121.39999999999998,121.89999999999998,121.89999999999998,124.6,128.7,143.1,146.6,147.39999999999998,147.6,149.0,149.5,149.7,151.6,155.29999999999998,155.5,157.7,158.39999999999998,159.29999999999998,160.1,161.5,162.0,162.1,163.1,163.2,163.79999999999998,164.0,168.0,168.7,169.7,170.5,171.79999999999998,173.0,174.39999999999998,176.79999999999998,177.2,178.29999999999998,180.0,178.4,177.60000000000002,175.5,174.9,174.3,173.60000000000002,171.3,168.9,168.5,168.4,168.4,168.20000000000002,165.8,165.60000000000002,165.4,162.70000000000002,159.20000000000002,156.0,146.4,143.3,142.9,138.4,135.20000000000002,128.60000000000002,113.5,104.10000000000002,63.400000000000034,63.0,59.69999999999999,58.80000000000001,51.60000000000002,40.60000000000002,40.5,39.5,39.5,37.69999999999999,34.80000000000001,30.900000000000034,30.0,27.5,16.400000000000034,15.400000000000034,15.300000000000011,14.300000000000011,13.5,13.300000000000011,12.0,10.699999999999989,9.699999999999989,0.5,0.0,0.0999999999999659,0.5999999999999659,0.6999999999999886,0.8000000000000114,1.3000000000000114,2.1999999999999886,2.3000000000000114,2.3000000000000114,3.099999999999966,4.199999999999989,4.699999999999989,5.0,5.099999999999966,6.0,10.599999999999966,14.800000000000011,18.30000000000001,21.69999999999999,23.0,23.30000000000001,25.0,25.5,32.19999999999999
pinkish purple color,33.0,33.60000000000002,34.30000000000001,34.400000000000034,34.5,35.900000000000034,36.200000000000045,38.5,39.60000000000002,40.30000000000001,42.30000000000001,43.200000000000045,43.700000000000045,44.200000000000045,45.10000000000002,45.400000000000034,46.0,51.700000000000045,52.900000000000034,53.80000000000001,54.900000000000034,56.5,57.60000000000002,58.80000000000001,58.900000000000034,59.200000000000045,61.10000000000002,62.30000000000001,63.10000000000002,63.900000000000034,64.90000000000003,65.30000000000001,71.20000000000005,71.70000000000005,72.20000000000005,72.40000000000003,72.90000000000003,73.90000000000003,74.60000000000002,74.90000000000003,75.30000000000001,75.70000000000005,75.80000000000001,76.30000000000001,76.30000000000001,77.5,78.90000000000003,79.0,79.10000000000002,80.5,80.60000000000002,82.10000000000002,82.30000000000001,82.5,86.90000000000003,87.80000000000001,89.0,89.40000000000003,91.30000000000001,91.90000000000003,93.30000000000001,94.5,95.0,95.30000000000001,95.30000000000001,96.60000000000002,97.0,98.60000000000002,98.90000000000003,102.30000000000001,104.70000000000002,110.00000000000003,111.50000000000003,113.50000000000003,114.30000000000001,114.40000000000003,114.90000000000003,116.20000000000002,117.90000000000003,119.30000000000001,119.50000000000003,119.60000000000002,120.20000000000002,121.20000000000002,121.30000000000001,121.80000000000001,121.80000000000001,124.50000000000003,128.60000000000002,143.00000000000003,146.50000000000003,147.3,147.50000000000003,148.90000000000003,149.40000000000003,149.60000000000002,151.50000000000003,155.20000000000002,155.40000000000003,157.60000000000002,158.3,159.20000000000002,160.00000000000003,161.40000000000003,161.90000000000003,162.00000000000003,163.00000000000003,163.10000000000002,163.70000000000002,163.90000000000003,167.90000000000003,168.60000000000002,169.60000000000002,170.40000000000003,171.70000000000002,172.90000000000003,174.3,176.70000000000002,177.10000000000002,178.20000000000002,179.90000000000003,178.49999999999997,177.7,175.59999999999997,174.99999999999997,174.39999999999998,173.7,171.39999999999998,168.99999999999997,168.59999999999997,168.49999999999997,168.49999999999997,168.29999999999998,165.89999999999998,165.7,165.49999999999997,162.79999999999998,159.29999999999998,156.09999999999997,146.49999999999997,143.39999999999998,142.99999999999997,138.49999999999997,135.29999999999998,128.7,113.59999999999997,104.19999999999999,63.5,63.099999999999966,59.799999999999955,58.89999999999998,51.69999999999999,40.69999999999999,40.599999999999966,39.599999999999966,39.599999999999966,37.799999999999955,34.89999999999998,31.0,30.099999999999966,27.599999999999966,16.5,15.5,15.399999999999977,14.399999999999977,13.599999999999966,13.399999999999977,12.099999999999966,10.799999999999955,9.799999999999955,0.5999999999999659,0.0999999999999659,0.0,0.5,0.6000000000000227,0.7000000000000455,1.2000000000000455,2.1000000000000227,2.2000000000000455,2.2000000000000455,3.0,4.100000000000023,4.600000000000023,4.900000000000034,5.0,5.900000000000034,10.5,14.700000000000045,18.200000000000045,21.600000000000023,22.900000000000034,23.200000000000045,24.900000000000034,25.400000000000034,32.10000000000002
pink purple color,32.5,33.10000000000002,33.80000000000001,33.900000000000034,34.0,35.400000000000034,35.700000000000045,38.0,39.10000000000002,39.80000000000001,41.80000000000001,42.700000000000045,43.200000000000045,43.700000000000045,44.60000000000002,44.900000000000034,45.5,51.200000000000045,52.400000000000034,53.30000000000001,54.400000000000034,56.0,57.10000000000002,58.30000000000001,58.400000000000034,58.700000000000045,60.60000000000002,61.80000000000001,62.60000000000002,63.400000000000034,64.40000000000003,64.80000000000001,70.70000000000005,71.20000000000005,71.70000000000005,71.90000000000003,72.40000000000003,73.40000000000003,74.10000000000002,74.40000000000003,74.80000000000001,75.20000000000005,75.30000000000001,75.80000000000001,75.80000000000001,77.0,78.40000000000003,78.5,78.60000000000002,80.0,80.10000000000002,81.60000000000002,81.80000000000001,82.0,86.40000000000003,87.30000000000001,88.5,88.90000000000003,90.80000000000001,91.40000000000003,92.80000000000001,94.0,94.5,94.80000000000001,94.80000000000001,96.10000000000002,96.5,98.10000000000002,98.40000000000003,101.80000000000001,104.20000000000002,109.50000000000003,111.00000000000003,113.00000000000003,113.80000000000001,113.90000000000003,114.40000000000003,115.70000000000002,117.40000000000003,118.80000000000001,119.00000000000003,119.10000000000002,119.70000000000002,120.70000000000002,120.80000000000001,121.30000000000001,121.30000000000001,124.00000000000003,128.10000000000002,142.50000000000003,146.00000000000003,146.8,147.00000000000003,148.40000000000003,148.90000000000003,149.10000000000002,151.00000000000003,154.70000000000002,154.90000000000003,157.10000000000002,157.8,158.70000000000002,159.50000000000003,160.90000000000003,161.40000000000003,161.50000000000003,162.50000000000003,162.60000000000002,163.20000000000002,163.40000000000003,167.40000000000003,168.10000000000002,169.10000000000002,169.90000000000003,171.20000000000002,172.40000000000003,173.8,176.20000000000002,176.60000000000002,177.70000000000002,179.40000000000003,178.99999999999997,178.2,176.09999999999997,175.49999999999997,174.89999999999998,174.2,171.89999999999998,169.49999999999997,169.09999999999997,168.99999999999997,168.99999999999997,168.79999999999998,166.39999999999998,166.2,165.99999999999997,163.29999999999998,159.79999999999998,156.59999999999997,146.99999999999997,143.89999999999998,143.49999999999997,138.99999999999997,135.79999999999998,129.2,114.09999999999997,104.69999999999999,64.0,63.599999999999966,60.299999999999955,59.39999999999998,52.19999999999999,41.19999999999999,41.099999999999966,40.099999999999966,40.099999999999966,38.299999999999955,35.39999999999998,31.5,30.599999999999966,28.099999999999966,17.0,16.0,15.899999999999977,14.899999999999977,14.099999999999966,13.899999999999977,12.599999999999966,11.299999999999955,10.299999999999955,1.099999999999966,0.5999999999999659,0.5,0.0,0.10000000000002274,0.20000000000004547,0.7000000000000455,1.6000000000000227,1.7000000000000455,1.7000000000000455,2.5,3.6000000000000227,4.100000000000023,4.400000000000034,4.5,5.400000000000034,10.0,14.200000000000045,17.700000000000045,21.100000000000023,22.400000000000034,22.700000000000045,24.400000000000034,24.900000000000034,31.600000000000023
orchid color,32.39999999999998,33.0,33.69999999999999,33.80000000000001,33.89999999999998,35.30000000000001,35.60000000000002,37.89999999999998,39.0,39.69999999999999,41.69999999999999,42.60000000000002,43.10000000000002,43.60000000000002,44.5,44.80000000000001,45.39999999999998,51.10000000000002,52.30000000000001,53.19999999999999,54.30000000000001,55.89999999999998,57.0,58.19999999999999,58.30000000000001,58.60000000000002,60.5,61.69999999999999,62.5,63.30000000000001,64.30000000000001,64.69999999999999,70.60000000000002,71.10000000000002,71.60000000000002,71.80000000000001,72.30000000000001,73.30000000000001,74.0,74.30000000000001,74.69999999999999,75.10000000000002,75.19999999999999,75.69999999999999,75.69999999999999,76.89999999999998,78.30000000000001,78.39999999999998,78.5,79.89999999999998,80.0,81.5,81.69999999999999,81.89999999999998,86.30000000000001,87.19999999999999,88.39999999999998,88.80000000000001,90.69999999999999,91.30000000000001,92.69999999999999,93.89999999999998,94.39999999999998,94.69999999999999,94.69999999999999,96.0,96.39999999999998,98.0,98.30000000000001,101.69999999999999,104.1,109.4,110.9,112.9,113.69999999999999,113.80000000000001,114.30000000000001,115.6,117.30000000000001,118.69999999999999,118.9,119.0,119.6,120.6,120.69999999999999,121.19999999999999,121.19999999999999,123.9,128.0,142.4,145.9,146.7,146.9,148.3,148.8,149.0,150.9,154.6,154.8,157.0,157.7,158.6,159.4,160.8,161.3,161.4,162.4,162.5,163.1,163.3,167.3,168.0,169.0,169.8,171.1,172.3,173.7,176.1,176.5,177.6,179.3,179.1,178.3,176.2,175.6,175.0,174.3,172.0,169.6,169.2,169.1,169.1,168.9,166.5,166.3,166.1,163.4,159.9,156.7,147.1,144.0,143.6,139.1,135.9,129.3,114.19999999999999,104.80000000000001,64.10000000000002,63.69999999999999,60.39999999999998,59.5,52.30000000000001,41.30000000000001,41.19999999999999,40.19999999999999,40.19999999999999,38.39999999999998,35.5,31.600000000000023,30.69999999999999,28.19999999999999,17.100000000000023,16.100000000000023,16.0,15.0,14.199999999999989,14.0,12.699999999999989,11.399999999999977,10.399999999999977,1.1999999999999886,0.6999999999999886,0.6000000000000227,0.10000000000002274,0.0,0.10000000000002274,0.6000000000000227,1.5,1.6000000000000227,1.6000000000000227,2.3999999999999773,3.5,4.0,4.300000000000011,4.399999999999977,5.300000000000011,9.899999999999977,14.100000000000023,17.600000000000023,21.0,22.30000000000001,22.600000000000023,24.30000000000001,24.80000000000001,31.5
light magenta color,32.299999999999955,32.89999999999998,33.599999999999966,33.69999999999999,33.799999999999955,35.19999999999999,35.5,37.799999999999955,38.89999999999998,39.599999999999966,41.599999999999966,42.5,43.0,43.5,44.39999999999998,44.69999999999999,45.299999999999955,51.0,52.19999999999999,53.099999999999966,54.19999999999999,55.799999999999955,56.89999999999998,58.099999999999966,58.19999999999999,58.5,60.39999999999998,61.599999999999966,62.39999999999998,63.19999999999999,64.19999999999999,64.59999999999997,70.5,71.0,71.5,71.69999999999999,72.19999999999999,73.19999999999999,73.89999999999998,74.19999999999999,74.59999999999997,75.0,75.09999999999997,75.59999999999997,75.59999999999997,76.79999999999995,78.19999999999999,78.29999999999995,78.39999999999998,79.79999999999995,79.89999999999998,81.39999999999998,81.59999999999997,81.79999999999995,86.19999999999999,87.09999999999997,88.29999999999995,88.69999999999999,90.59999999999997,91.19999999999999,92.59999999999997,93.79999999999995,94.29999999999995,94.59999999999997,94.59999999999997,95.89999999999998,96.29999999999995,97.89999999999998,98.19999999999999,101.59999999999997,104.0,109.29999999999998,110.79999999999998,112.79999999999998,113.59999999999997,113.69999999999999,114.19999999999999,115.49999999999997,117.19999999999999,118.59999999999997,118.79999999999998,118.89999999999998,119.49999999999997,120.49999999999997,120.59999999999997,121.09999999999997,121.09999999999997,123.79999999999998,127.89999999999998,142.29999999999998,145.79999999999998,146.59999999999997,146.79999999999998,148.2,148.7,148.89999999999998,150.79999999999998,154.49999999999997,154.7,156.89999999999998,157.59999999999997,158.49999999999997,159.29999999999998,160.7,161.2,161.29999999999998,162.29999999999998,162.39999999999998,162.99999999999997,163.2,167.2,167.89999999999998,168.89999999999998,169.7,170.99999999999997,172.2,173.59999999999997,175.99999999999997,176.39999999999998,177.49999999999997,179.2,179.20000000000002,178.40000000000003,176.3,175.70000000000002,175.10000000000002,174.40000000000003,172.10000000000002,169.70000000000002,169.3,169.20000000000002,169.20000000000002,169.00000000000003,166.60000000000002,166.40000000000003,166.20000000000002,163.50000000000003,160.00000000000003,156.8,147.20000000000002,144.10000000000002,143.70000000000002,139.20000000000002,136.00000000000003,129.40000000000003,114.30000000000001,104.90000000000003,64.20000000000005,63.80000000000001,60.5,59.60000000000002,52.400000000000034,41.400000000000034,41.30000000000001,40.30000000000001,40.30000000000001,38.5,35.60000000000002,31.700000000000045,30.80000000000001,28.30000000000001,17.200000000000045,16.200000000000045,16.100000000000023,15.100000000000023,14.300000000000011,14.100000000000023,12.800000000000011,11.5,10.5,1.3000000000000114,0.8000000000000114,0.7000000000000455,0.20000000000004547,0.10000000000002274,0.0,0.5,1.3999999999999773,1.5,1.5,2.2999999999999545,3.3999999999999773,3.8999999999999773,4.199999999999989,4.2999999999999545,5.199999999999989,9.799999999999955,14.0,17.5,20.899999999999977,22.19999999999999,22.5,24.19999999999999,24.69999999999999,31.399999999999977
lavender pink color,31.799999999999955,32.39999999999998,33.099999999999966,33.19999999999999,33.299999999999955,34.69999999999999,35.0,37.299999999999955,38.39999999999998,39.099999999999966,41.099999999999966,42.0,42.5,43.0,43.89999999999998,44.19999999999999,44.799999999999955,50.5,51.69999999999999,52.599999999999966,53.69999999999999,55.299999999999955,56.39999999999998,57.599999999999966,57.69999999999999,58.0,59.89999999999998,61.099999999999966,61.89999999999998,62.69999999999999,63.69999999999999,64.09999999999997,70.0,70.5,71.0,71.19999999999999,71.69999999999999,72.69999999999999,73.39999999999998,73.69999999999999,74.09999999999997,74.5,74.59999999999997,75.09999999999997,75.09999999999997,76.29999999999995,77.69999999999999,77.79999999999995,77.89999999999998,79.29999999999995,79.39999999999998,80.89999999999998,81.09999999999997,81.29999999999995,85.69999999999999,86.59999999999997,87.79999999999995,88.19999999999999,90.09999999999997,90.69999999999999,92.09999999999997,93.29999999999995,93.79999999999995,94.09999999999997,94.09999999999997,95.39999999999998,95.79999999999995,97.39999999999998,97.69999999999999,101.09999999999997,103.5,108.79999999999998,110.29999999999998,112.29999999999998,113.09999999999997,113.19999999999999,113.69999999999999,114.99999999999997,116.69999999999999,118.09999999999997,118.29999999999998,118.39999999999998,118.99999999999997,119.99999999999997,120.09999999999997,120.59999999999997,120.59999999999997,123.29999999999998,127.39999999999998,141.79999999999998,145.29999999999998,146.09999999999997,146.29999999999998,147.7,148.2,148.39999999999998,150.29999999999998,153.99999999999997,154.2,156.39999999999998,157.09999999999997,157.99999999999997,158.79999999999998,160.2,160.7,160.79999999999998,161.79999999999998,161.89999999999998,162.49999999999997,162.7,166.7,167.39999999999998,168.39999999999998,169.2,170.49999999999997,171.7,173.09999999999997,175.49999999999997,175.89999999999998,176.99999999999997,178.7,179.70000000000002,178.90000000000003,176.8,176.20000000000002,175.60000000000002,174.90000000000003,172.60000000000002,170.20000000000002,169.8,169.70000000000002,169.70000000000002,169.50000000000003,167.10000000000002,166.90000000000003,166.70000000000002,164.00000000000003,160.50000000000003,157.3,147.70000000000002,144.60000000000002,144.20000000000002,139.70000000000002,136.50000000000003,129.90000000000003,114.80000000000001,105.40000000000003,64.70000000000005,64.30000000000001,61.0,60.10000000000002,52.900000000000034,41.900000000000034,41.80000000000001,40.80000000000001,40.80000000000001,39.0,36.10000000000002,32.200000000000045,31.30000000000001,28.80000000000001,17.700000000000045,16.700000000000045,16.600000000000023,15.600000000000023,14.800000000000011,14.600000000000023,13.300000000000011,12.0,11.0,1.8000000000000114,1.3000000000000114,1.2000000000000455,0.7000000000000455,0.6000000000000227,0.5,0.0,0.8999999999999773,1.0,1.0,1.7999999999999545,2.8999999999999773,3.3999999999999773,3.6999999999999886,3.7999999999999545,4.699999999999989,9.299999999999955,13.5,17.0,20.399999999999977,21.69999999999999,22.0,23.69999999999999,24.19999999999999,30.899999999999977
purple pink color,30.899999999999977,31.5,32.19999999999999,32.30000000000001,32.39999999999998,33.80000000000001,34.10000000000002,36.39999999999998,37.5,38.19999999999999,40.19999999999999,41.10000000000002,41.60000000000002,42.10000000000002,43.0,43.30000000000001,43.89999999999998,49.60000000000002,50.80000000000001,51.69999999999999,52.80000000000001,54.39999999999998,55.5,56.69999999999999,56.80000000000001,57.10000000000002,59.0,60.19999999999999,61.0,61.80000000000001,62.80000000000001,63.19999999999999,69.10000000000002,69.60000000000002,70.10000000000002,70.30000000000001,70.80000000000001,71.80000000000001,72.5,72.80000000000001,73.19999999999999,73.60000000000002,73.69999999999999,74.19999999999999,74.19999999999999,75.39999999999998,76.80000000000001,76.89999999999998,77.0,78.39999999999998,78.5,80.0,80.19999999999999,80.39999999999998,84.80000000000001,85.69999999999999,86.89999999999998,87.30000000000001,89.19999999999999,89.80000000000001,91.19999999999999,92.39999999999998,92.89999999999998,93.19999999999999,93.19999999999999,94.5,94.89999999999998,96.5,96.80000000000001,100.19999999999999,102.60000000000002,107.9,109.4,111.4,112.19999999999999,112.30000000000001,112.80000000000001,114.1,115.80000000000001,117.19999999999999,117.4,117.5,118.1,119.1,119.19999999999999,119.69999999999999,119.69999999999999,122.4,126.5,140.9,144.4,145.2,145.4,146.8,147.3,147.5,149.4,153.1,153.3,155.5,156.2,157.1,157.9,159.3,159.8,159.9,160.9,161.0,161.6,161.8,165.8,166.5,167.5,168.3,169.6,170.8,172.2,174.6,175.0,176.1,177.8,179.4,179.8,177.7,177.1,176.5,175.8,173.5,171.1,170.7,170.6,170.6,170.4,168.0,167.8,167.6,164.9,161.4,158.2,148.6,145.5,145.1,140.6,137.4,130.8,115.69999999999999,106.30000000000001,65.60000000000002,65.19999999999999,61.89999999999998,61.0,53.80000000000001,42.80000000000001,42.69999999999999,41.69999999999999,41.69999999999999,39.89999999999998,37.0,33.10000000000002,32.19999999999999,29.69999999999999,18.600000000000023,17.600000000000023,17.5,16.5,15.699999999999989,15.5,14.199999999999989,12.899999999999977,11.899999999999977,2.6999999999999886,2.1999999999999886,2.1000000000000227,1.6000000000000227,1.5,1.3999999999999773,0.8999999999999773,0.0,0.10000000000002274,0.10000000000002274,0.8999999999999773,2.0,2.5,2.8000000000000114,2.8999999999999773,3.8000000000000114,8.399999999999977,12.600000000000023,16.100000000000023,19.5,20.80000000000001,21.100000000000023,22.80000000000001,23.30000000000001,30.0
pink/purple color,30.799999999999955,31.399999999999977,32.099999999999966,32.19999999999999,32.299999999999955,33.69999999999999,34.0,36.299999999999955,37.39999999999998,38.099999999999966,40.099999999999966,41.0,41.5,42.0,42.89999999999998,43.19999999999999,43.799999999999955,49.5,50.69999999999999,51.599999999999966,52.69999999999999,54.299999999999955,55.39999999999998,56.599999999999966,56.69999999999999,57.0,58.89999999999998,60.099999999999966,60.89999999999998,61.69999999999999,62.69999999999999,63.099999999999966,69.0,69.5,70.0,70.19999999999999,70.69999999999999,71.69999999999999,72.39999999999998,72.69999999999999,73.09999999999997,73.5,73.59999999999997,74.09999999999997,74.09999999999997,75.29999999999995,76.69999999999999,76.79999999999995,76.89999999999998,78.29999999999995,78.39999999999998,79.89999999999998,80.09999999999997,80.29999999999995,84.69999999999999,85.59999999999997,86.79999999999995,87.19999999999999,89.09999999999997,89.69999999999999,91.09999999999997,92.29999999999995,92.79999999999995,93.09999999999997,93.09999999999997,94.39999999999998,94.79999999999995,96.39999999999998,96.69999999999999,100.09999999999997,102.5,107.79999999999998,109.29999999999998,111.29999999999998,112.09999999999997,112.19999999999999,112.69999999999999,113.99999999999997,115.69999999999999,117.09999999999997,117.29999999999998,117.39999999999998,117.99999999999997,118.99999999999997,119.09999999999997,119.59999999999997,119.59999999999997,122.29999999999998,126.39999999999998,140.79999999999998,144.29999999999998,145.09999999999997,145.29999999999998,146.7,147.2,147.39999999999998,149.29999999999998,152.99999999999997,153.2,155.39999999999998,156.09999999999997,156.99999999999997,157.79999999999998,159.2,159.7,159.79999999999998,160.79999999999998,160.89999999999998,161.49999999999997,161.7,165.7,166.39999999999998,167.39999999999998,168.2,169.49999999999997,170.7,172.09999999999997,174.49999999999997,174.89999999999998,175.99999999999997,177.7,179.29999999999998,179.90000000000003,177.8,177.20000000000002,176.60000000000002,175.90000000000003,173.60000000000002,171.20000000000002,170.8,170.70000000000002,170.70000000000002,170.50000000000003,168.10000000000002,167.90000000000003,167.70000000000002,165.00000000000003,161.50000000000003,158.3,148.70000000000002,145.60000000000002,145.20000000000002,140.70000000000002,137.50000000000003,130.90000000000003,115.80000000000001,106.40000000000003,65.70000000000005,65.30000000000001,62.0,61.10000000000002,53.900000000000034,42.900000000000034,42.80000000000001,41.80000000000001,41.80000000000001,40.0,37.10000000000002,33.200000000000045,32.30000000000001,29.80000000000001,18.700000000000045,17.700000000000045,17.600000000000023,16.600000000000023,15.800000000000011,15.600000000000023,14.300000000000011,13.0,12.0,2.8000000000000114,2.3000000000000114,2.2000000000000455,1.7000000000000455,1.6000000000000227,1.5,1.0,0.10000000000002274,0.0,0.0,0.7999999999999545,1.8999999999999773,2.3999999999999773,2.6999999999999886,2.7999999999999545,3.6999999999999886,8.299999999999955,12.5,16.0,19.399999999999977,20.69999999999999,21.0,22.69999999999999,23.19999999999999,29.899999999999977
purply pink color,30.799999999999955,31.399999999999977,32.099999999999966,32.19999999999999,32.299999999999955,33.69999999999999,34.0,36.299999999999955,37.39999999999998,38.099999999999966,40.099999999999966,41.0,41.5,42.0,42.89999999999998,43.19999999999999,43.799999999999955,49.5,50.69999999999999,51.599999999999966,52.69999999999999,54.299999999999955,55.39999999999998,56.599999999999966,56.69999999999999,57.0,58.89999999999998,60.099999999999966,60.89999999999998,61.69999999999999,62.69999999999999,63.099999999999966,69.0,69.5,70.0,70.19999999999999,70.69999999999999,71.69999999999999,72.39999999999998,72.69999999999999,73.09999999999997,73.5,73.59999999999997,74.09999999999997,74.09999999999997,75.29999999999995,76.69999999999999,76.79999999999995,76.89999999999998,78.29999999999995,78.39999999999998,79.89999999999998,80.09999999999997,80.29999999999995,84.69999999999999,85.59999999999997,86.79999999999995,87.19999999999999,89.09999999999997,89.69999999999999,91.09999999999997,92.29999999999995,92.79999999999995,93.09999999999997,93.09999999999997,94.39999999999998,94.79999999999995,96.39999999999998,96.69999999999999,100.09999999999997,102.5,107.79999999999998,109.29999999999998,111.29999999999998,112.09999999999997,112.19999999999999,112.69999999999999,113.99999999999997,115.69999999999999,117.09999999999997,117.29999999999998,117.39999999999998,117.99999999999997,118.99999999999997,119.09999999999997,119.59999999999997,119.59999999999997,122.29999999999998,126.39999999999998,140.79999999999998,144.29999999999998,145.09999999999997,145.29999999999998,146.7,147.2,147.39999999999998,149.29999999999998,152.99999999999997,153.2,155.39999999999998,156.09999999999997,156.99999999999997,157.79999999999998,159.2,159.7,159.79999999999998,160.79999999999998,160.89999999999998,161.49999999999997,161.7,165.7,166.39999999999998,167.39999999999998,168.2,169.49999999999997,170.7,172.09999999999997,174.49999999999997,174.89999999999998,175.99999999999997,177.7,179.29999999999998,179.90000000000003,177.8,177.20000000000002,176.60000000000002,175.90000000000003,173.60000000000002,171.20000000000002,170.8,170.70000000000002,170.70000000000002,170.50000000000003,168.10000000000002,167.90000000000003,167.70000000000002,165.00000000000003,161.50000000000003,158.3,148.70000000000002,145.60000000000002,145.20000000000002,140.70000000000002,137.50000000000003,130.90000000000003,115.80000000000001,106.40000000000003,65.70000000000005,65.30000000000001,62.0,61.10000000000002,53.900000000000034,42.900000000000034,42.80000000000001,41.80000000000001,41.80000000000001,40.0,37.10000000000002,33.200000000000045,32.30000000000001,29.80000000000001,18.700000000000045,17.700000000000045,17.600000000000023,16.600000000000023,15.800000000000011,15.600000000000023,14.300000000000011,13.0,12.0,2.8000000000000114,2.3000000000000114,2.2000000000000455,1.7000000000000455,1.6000000000000227,1.5,1.0,0.10000000000002274,0.0,0.0,0.7999999999999545,1.8999999999999773,2.3999999999999773,2.6999999999999886,2.7999999999999545,3.6999999999999886,8.299999999999955,12.5,16.0,19.399999999999977,20.69999999999999,21.0,22.69999999999999,23.19999999999999,29.899999999999977
pinky purple color,30.0,30.600000000000023,31.30000000000001,31.400000000000034,31.5,32.900000000000034,33.200000000000045,35.5,36.60000000000002,37.30000000000001,39.30000000000001,40.200000000000045,40.700000000000045,41.200000000000045,42.10000000000002,42.400000000000034,43.0,48.700000000000045,49.900000000000034,50.80000000000001,51.900000000000034,53.5,54.60000000000002,55.80000000000001,55.900000000000034,56.200000000000045,58.10000000000002,59.30000000000001,60.10000000000002,60.900000000000034,61.900000000000034,62.30000000000001,68.20000000000005,68.70000000000005,69.20000000000005,69.40000000000003,69.90000000000003,70.90000000000003,71.60000000000002,71.90000000000003,72.30000000000001,72.70000000000005,72.80000000000001,73.30000000000001,73.30000000000001,74.5,75.90000000000003,76.0,76.10000000000002,77.5,77.60000000000002,79.10000000000002,79.30000000000001,79.5,83.90000000000003,84.80000000000001,86.0,86.40000000000003,88.30000000000001,88.90000000000003,90.30000000000001,91.5,92.0,92.30000000000001,92.30000000000001,93.60000000000002,94.0,95.60000000000002,95.90000000000003,99.30000000000001,101.70000000000005,107.00000000000003,108.50000000000003,110.50000000000003,111.30000000000001,111.40000000000003,111.90000000000003,113.20000000000002,114.90000000000003,116.30000000000001,116.50000000000003,116.60000000000002,117.20000000000002,118.20000000000002,118.30000000000001,118.80000000000001,118.80000000000001,121.50000000000003,125.60000000000002,140.00000000000003,143.50000000000003,144.3,144.50000000000003,145.90000000000003,146.40000000000003,146.60000000000002,148.50000000000003,152.20000000000002,152.40000000000003,154.60000000000002,155.3,156.20000000000002,157.00000000000003,158.40000000000003,158.90000000000003,159.00000000000003,160.00000000000003,160.10000000000002,160.70000000000002,160.90000000000003,164.90000000000003,165.60000000000002,166.60000000000002,167.40000000000003,168.70000000000002,169.90000000000003,171.3,173.70000000000002,174.10000000000002,175.20000000000002,176.90000000000003,178.50000000000003,179.3,178.59999999999997,177.99999999999997,177.39999999999998,176.7,174.39999999999998,171.99999999999997,171.59999999999997,171.49999999999997,171.49999999999997,171.29999999999998,168.89999999999998,168.7,168.49999999999997,165.79999999999998,162.29999999999998,159.09999999999997,149.49999999999997,146.39999999999998,145.99999999999997,141.49999999999997,138.29999999999998,131.7,116.59999999999997,107.19999999999999,66.5,66.09999999999997,62.799999999999955,61.89999999999998,54.69999999999999,43.69999999999999,43.599999999999966,42.599999999999966,42.599999999999966,40.799999999999955,37.89999999999998,34.0,33.099999999999966,30.599999999999966,19.5,18.5,18.399999999999977,17.399999999999977,16.599999999999966,16.399999999999977,15.099999999999966,13.799999999999955,12.799999999999955,3.599999999999966,3.099999999999966,3.0,2.5,2.3999999999999773,2.2999999999999545,1.7999999999999545,0.8999999999999773,0.7999999999999545,0.7999999999999545,0.0,1.1000000000000227,1.6000000000000227,1.900000000000034,2.0,2.900000000000034,7.5,11.700000000000045,15.200000000000045,18.600000000000023,19.900000000000034,20.200000000000045,21.900000000000034,22.400000000000034,29.100000000000023
purpley pink color,28.899999999999977,29.5,30.19999999999999,30.30000000000001,30.399999999999977,31.80000000000001,32.10000000000002,34.39999999999998,35.5,36.19999999999999,38.19999999999999,39.10000000000002,39.60000000000002,40.10000000000002,41.0,41.30000000000001,41.89999999999998,47.60000000000002,48.80000000000001,49.69999999999999,50.80000000000001,52.39999999999998,53.5,54.69999999999999,54.80000000000001,55.10000000000002,57.0,58.19999999999999,59.0,59.80000000000001,60.80000000000001,61.19999999999999,67.10000000000002,67.60000000000002,68.10000000000002,68.30000000000001,68.80000000000001,69.80000000000001,70.5,70.80000000000001,71.19999999999999,71.60000000000002,71.69999999999999,72.19999999999999,72.19999999999999,73.39999999999998,74.80000000000001,74.89999999999998,75.0,76.39999999999998,76.5,78.0,78.19999999999999,78.39999999999998,82.80000000000001,83.69999999999999,84.89999999999998,85.30000000000001,87.19999999999999,87.80000000000001,89.19999999999999,90.39999999999998,90.89999999999998,91.19999999999999,91.19999999999999,92.5,92.89999999999998,94.5,94.80000000000001,98.19999999999999,100.60000000000002,105.9,107.4,109.4,110.19999999999999,110.30000000000001,110.80000000000001,112.1,113.80000000000001,115.19999999999999,115.4,115.5,116.1,117.1,117.19999999999999,117.69999999999999,117.69999999999999,120.4,124.5,138.9,142.4,143.2,143.4,144.8,145.3,145.5,147.4,151.1,151.3,153.5,154.2,155.1,155.9,157.3,157.8,157.9,158.9,159.0,159.6,159.8,163.8,164.5,165.5,166.3,167.6,168.8,170.2,172.6,173.0,174.1,175.8,177.4,178.2,179.7,179.1,178.5,177.8,175.5,173.1,172.7,172.6,172.6,172.4,170.0,169.8,169.6,166.9,163.4,160.2,150.6,147.5,147.1,142.6,139.4,132.8,117.69999999999999,108.30000000000001,67.60000000000002,67.19999999999999,63.89999999999998,63.0,55.80000000000001,44.80000000000001,44.69999999999999,43.69999999999999,43.69999999999999,41.89999999999998,39.0,35.10000000000002,34.19999999999999,31.69999999999999,20.600000000000023,19.600000000000023,19.5,18.5,17.69999999999999,17.5,16.19999999999999,14.899999999999977,13.899999999999977,4.699999999999989,4.199999999999989,4.100000000000023,3.6000000000000227,3.5,3.3999999999999773,2.8999999999999773,2.0,1.8999999999999773,1.8999999999999773,1.1000000000000227,0.0,0.5,0.8000000000000114,0.8999999999999773,1.8000000000000114,6.399999999999977,10.600000000000023,14.100000000000023,17.5,18.80000000000001,19.100000000000023,20.80000000000001,21.30000000000001,28.0
fuchsia color,28.399999999999977,29.0,29.69999999999999,29.80000000000001,29.899999999999977,31.30000000000001,31.600000000000023,33.89999999999998,35.0,35.69999999999999,37.69999999999999,38.60000000000002,39.10000000000002,39.60000000000002,40.5,40.80000000000001,41.39999999999998,47.10000000000002,48.30000000000001,49.19999999999999,50.30000000000001,51.89999999999998,53.0,54.19999999999999,54.30000000000001,54.60000000000002,56.5,57.69999999999999,58.5,59.30000000000001,60.30000000000001,60.69999999999999,66.60000000000002,67.10000000000002,67.60000000000002,67.80000000000001,68.30000000000001,69.30000000000001,70.0,70.30000000000001,70.69999999999999,71.10000000000002,71.19999999999999,71.69999999999999,71.69999999999999,72.89999999999998,74.30000000000001,74.39999999999998,74.5,75.89999999999998,76.0,77.5,77.69999999999999,77.89999999999998,82.30000000000001,83.19999999999999,84.39999999999998,84.80000000000001,86.69999999999999,87.30000000000001,88.69999999999999,89.89999999999998,90.39999999999998,90.69999999999999,90.69999999999999,92.0,92.39999999999998,94.0,94.30000000000001,97.69999999999999,100.10000000000002,105.4,106.9,108.9,109.69999999999999,109.80000000000001,110.30000000000001,111.6,113.30000000000001,114.69999999999999,114.9,115.0,115.6,116.6,116.69999999999999,117.19999999999999,117.19999999999999,119.9,124.0,138.4,141.9,142.7,142.9,144.3,144.8,145.0,146.9,150.6,150.8,153.0,153.7,154.6,155.4,156.8,157.3,157.4,158.4,158.5,159.1,159.3,163.3,164.0,165.0,165.8,167.1,168.3,169.7,172.1,172.5,173.6,175.3,176.9,177.7,179.8,179.6,179.0,178.3,176.0,173.6,173.2,173.1,173.1,172.9,170.5,170.3,170.1,167.4,163.9,160.7,151.1,148.0,147.6,143.1,139.9,133.3,118.19999999999999,108.80000000000001,68.10000000000002,67.69999999999999,64.39999999999998,63.5,56.30000000000001,45.30000000000001,45.19999999999999,44.19999999999999,44.19999999999999,42.39999999999998,39.5,35.60000000000002,34.69999999999999,32.19999999999999,21.100000000000023,20.100000000000023,20.0,19.0,18.19999999999999,18.0,16.69999999999999,15.399999999999977,14.399999999999977,5.199999999999989,4.699999999999989,4.600000000000023,4.100000000000023,4.0,3.8999999999999773,3.3999999999999773,2.5,2.3999999999999773,2.3999999999999773,1.6000000000000227,0.5,0.0,0.30000000000001137,0.39999999999997726,1.3000000000000114,5.899999999999977,10.100000000000023,13.600000000000023,17.0,18.30000000000001,18.600000000000023,20.30000000000001,20.80000000000001,27.5
bright magenta color,28.099999999999966,28.69999999999999,29.399999999999977,29.5,29.599999999999966,31.0,31.30000000000001,33.599999999999966,34.69999999999999,35.39999999999998,37.39999999999998,38.30000000000001,38.80000000000001,39.30000000000001,40.19999999999999,40.5,41.099999999999966,46.80000000000001,48.0,48.89999999999998,50.0,51.599999999999966,52.69999999999999,53.89999999999998,54.0,54.30000000000001,56.19999999999999,57.39999999999998,58.19999999999999,59.0,60.0,60.39999999999998,66.30000000000001,66.80000000000001,67.30000000000001,67.5,68.0,69.0,69.69999999999999,70.0,70.39999999999998,70.80000000000001,70.89999999999998,71.39999999999998,71.39999999999998,72.59999999999997,74.0,74.09999999999997,74.19999999999999,75.59999999999997,75.69999999999999,77.19999999999999,77.39999999999998,77.59999999999997,82.0,82.89999999999998,84.09999999999997,84.5,86.39999999999998,87.0,88.39999999999998,89.59999999999997,90.09999999999997,90.39999999999998,90.39999999999998,91.69999999999999,92.10000000000002,93.69999999999999,94.0,97.39999999999998,99.79999999999995,105.1,106.6,108.6,109.39999999999998,109.5,110.0,111.29999999999998,113.0,114.39999999999998,114.6,114.69999999999999,115.29999999999998,116.29999999999998,116.39999999999998,116.89999999999998,116.89999999999998,119.6,123.69999999999999,138.1,141.6,142.39999999999998,142.6,144.0,144.5,144.7,146.6,150.29999999999998,150.5,152.7,153.39999999999998,154.29999999999998,155.1,156.5,157.0,157.1,158.1,158.2,158.79999999999998,159.0,163.0,163.7,164.7,165.5,166.79999999999998,168.0,169.39999999999998,171.79999999999998,172.2,173.29999999999998,175.0,176.6,177.39999999999998,179.5,179.9,179.3,178.60000000000002,176.3,173.9,173.5,173.4,173.4,173.20000000000002,170.8,170.60000000000002,170.4,167.70000000000002,164.20000000000002,161.0,151.4,148.3,147.9,143.4,140.20000000000002,133.60000000000002,118.5,109.10000000000002,68.40000000000003,68.0,64.69999999999999,63.80000000000001,56.60000000000002,45.60000000000002,45.5,44.5,44.5,42.69999999999999,39.80000000000001,35.900000000000034,35.0,32.5,21.400000000000034,20.400000000000034,20.30000000000001,19.30000000000001,18.5,18.30000000000001,17.0,15.699999999999989,14.699999999999989,5.5,5.0,4.900000000000034,4.400000000000034,4.300000000000011,4.199999999999989,3.6999999999999886,2.8000000000000114,2.6999999999999886,2.6999999999999886,1.900000000000034,0.8000000000000114,0.30000000000001137,0.0,0.0999999999999659,1.0,5.599999999999966,9.800000000000011,13.300000000000011,16.69999999999999,18.0,18.30000000000001,20.0,20.5,27.19999999999999
candy pink color,28.0,28.600000000000023,29.30000000000001,29.400000000000034,29.5,30.900000000000034,31.200000000000045,33.5,34.60000000000002,35.30000000000001,37.30000000000001,38.200000000000045,38.700000000000045,39.200000000000045,40.10000000000002,40.400000000000034,41.0,46.700000000000045,47.900000000000034,48.80000000000001,49.900000000000034,51.5,52.60000000000002,53.80000000000001,53.900000000000034,54.200000000000045,56.10000000000002,57.30000000000001,58.10000000000002,58.900000000000034,59.900000000000034,60.30000000000001,66.20000000000005,66.70000000000005,67.20000000000005,67.40000000000003,67.90000000000003,68.90000000000003,69.60000000000002,69.90000000000003,70.30000000000001,70.70000000000005,70.80000000000001,71.30000000000001,71.30000000000001,72.5,73.90000000000003,74.0,74.10000000000002,75.5,75.60000000000002,77.10000000000002,77.30000000000001,77.5,81.90000000000003,82.80000000000001,84.0,84.40000000000003,86.30000000000001,86.90000000000003,88.30000000000001,89.5,90.0,90.30000000000001,90.30000000000001,91.60000000000002,92.0,93.60000000000002,93.90000000000003,97.30000000000001,99.70000000000005,105.00000000000003,106.50000000000003,108.50000000000003,109.30000000000001,109.40000000000003,109.90000000000003,111.20000000000002,112.90000000000003,114.30000000000001,114.50000000000003,114.60000000000002,115.20000000000002,116.20000000000002,116.30000000000001,116.80000000000001,116.80000000000001,119.50000000000003,123.60000000000002,138.00000000000003,141.50000000000003,142.3,142.50000000000003,143.90000000000003,144.40000000000003,144.60000000000002,146.50000000000003,150.20000000000002,150.40000000000003,152.60000000000002,153.3,154.20000000000002,155.00000000000003,156.40000000000003,156.90000000000003,157.00000000000003,158.00000000000003,158.10000000000002,158.70000000000002,158.90000000000003,162.90000000000003,163.60000000000002,164.60000000000002,165.40000000000003,166.70000000000002,167.90000000000003,169.3,171.70000000000002,172.10000000000002,173.20000000000002,174.90000000000003,176.50000000000003,177.3,179.40000000000003,179.99999999999997,179.39999999999998,178.7,176.39999999999998,173.99999999999997,173.59999999999997,173.49999999999997,173.49999999999997,173.29999999999998,170.89999999999998,170.7,170.49999999999997,167.79999999999998,164.29999999999998,161.09999999999997,151.49999999999997,148.39999999999998,147.99999999999997,143.49999999999997,140.29999999999998,133.7,118.59999999999997,109.19999999999999,68.5,68.09999999999997,64.79999999999995,63.89999999999998,56.69999999999999,45.69999999999999,45.599999999999966,44.599999999999966,44.599999999999966,42.799999999999955,39.89999999999998,36.0,35.099999999999966,32.599999999999966,21.5,20.5,20.399999999999977,19.399999999999977,18.599999999999966,18.399999999999977,17.099999999999966,15.799999999999955,14.799999999999955,5.599999999999966,5.099999999999966,5.0,4.5,4.399999999999977,4.2999999999999545,3.7999999999999545,2.8999999999999773,2.7999999999999545,2.7999999999999545,2.0,0.8999999999999773,0.39999999999997726,0.0999999999999659,0.0,0.9000000000000341,5.5,9.700000000000045,13.200000000000045,16.600000000000023,17.900000000000034,18.200000000000045,19.900000000000034,20.400000000000034,27.100000000000023
purpleish pink color,27.099999999999966,27.69999999999999,28.399999999999977,28.5,28.599999999999966,30.0,30.30000000000001,32.599999999999966,33.69999999999999,34.39999999999998,36.39999999999998,37.30000000000001,37.80000000000001,38.30000000000001,39.19999999999999,39.5,40.099999999999966,45.80000000000001,47.0,47.89999999999998,49.0,50.599999999999966,51.69999999999999,52.89999999999998,53.0,53.30000000000001,55.19999999999999,56.39999999999998,57.19999999999999,58.0,59.0,59.39999999999998,65.30000000000001,65.80000000000001,66.30000000000001,66.5,67.0,68.0,68.69999999999999,69.0,69.39999999999998,69.80000000000001,69.89999999999998,70.39999999999998,70.39999999999998,71.59999999999997,73.0,73.09999999999997,73.19999999999999,74.59999999999997,74.69999999999999,76.19999999999999,76.39999999999998,76.59999999999997,81.0,81.89999999999998,83.09999999999997,83.5,85.39999999999998,86.0,87.39999999999998,88.59999999999997,89.09999999999997,89.39999999999998,89.39999999999998,90.69999999999999,91.10000000000002,92.69999999999999,93.0,96.39999999999998,98.79999999999995,104.1,105.6,107.6,108.39999999999998,108.5,109.0,110.29999999999998,112.0,113.39999999999998,113.6,113.69999999999999,114.29999999999998,115.29999999999998,115.39999999999998,115.89999999999998,115.89999999999998,118.6,122.69999999999999,137.1,140.6,141.39999999999998,141.6,143.0,143.5,143.7,145.6,149.29999999999998,149.5,151.7,152.39999999999998,153.29999999999998,154.1,155.5,156.0,156.1,157.1,157.2,157.79999999999998,158.0,162.0,162.7,163.7,164.5,165.79999999999998,167.0,168.39999999999998,170.79999999999998,171.2,172.29999999999998,174.0,175.6,176.39999999999998,178.5,179.1,179.7,179.60000000000002,177.3,174.9,174.5,174.4,174.4,174.20000000000002,171.8,171.60000000000002,171.4,168.70000000000002,165.20000000000002,162.0,152.4,149.3,148.9,144.4,141.20000000000002,134.60000000000002,119.5,110.10000000000002,69.40000000000003,69.0,65.69999999999999,64.80000000000001,57.60000000000002,46.60000000000002,46.5,45.5,45.5,43.69999999999999,40.80000000000001,36.900000000000034,36.0,33.5,22.400000000000034,21.400000000000034,21.30000000000001,20.30000000000001,19.5,19.30000000000001,18.0,16.69999999999999,15.699999999999989,6.5,6.0,5.900000000000034,5.400000000000034,5.300000000000011,5.199999999999989,4.699999999999989,3.8000000000000114,3.6999999999999886,3.6999999999999886,2.900000000000034,1.8000000000000114,1.3000000000000114,1.0,0.9000000000000341,0.0,4.599999999999966,8.800000000000011,12.300000000000011,15.699999999999989,17.0,17.30000000000001,19.0,19.5,26.19999999999999
purplish pink color,22.5,23.100000000000023,23.80000000000001,23.900000000000034,24.0,25.400000000000034,25.700000000000045,28.0,29.100000000000023,29.80000000000001,31.80000000000001,32.700000000000045,33.200000000000045,33.700000000000045,34.60000000000002,34.900000000000034,35.5,41.200000000000045,42.400000000000034,43.30000000000001,44.400000000000034,46.0,47.10000000000002,48.30000000000001,48.400000000000034,48.700000000000045,50.60000000000002,51.80000000000001,52.60000000000002,53.400000000000034,54.400000000000034,54.80000000000001,60.700000000000045,61.200000000000045,61.700000000000045,61.900000000000034,62.400000000000034,63.400000000000034,64.10000000000002,64.40000000000003,64.80000000000001,65.20000000000005,65.30000000000001,65.80000000000001,65.80000000000001,67.0,68.40000000000003,68.5,68.60000000000002,70.0,70.10000000000002,71.60000000000002,71.80000000000001,72.0,76.40000000000003,77.30000000000001,78.5,78.90000000000003,80.80000000000001,81.40000000000003,82.80000000000001,84.0,84.5,84.80000000000001,84.80000000000001,86.10000000000002,86.5,88.10000000000002,88.40000000000003,91.80000000000001,94.20000000000005,99.5,101.0,103.0,103.80000000000001,103.90000000000003,104.40000000000003,105.70000000000002,107.40000000000003,108.80000000000001,109.00000000000003,109.10000000000002,109.70000000000002,110.70000000000002,110.80000000000001,111.30000000000001,111.30000000000001,114.00000000000003,118.10000000000002,132.50000000000003,136.00000000000003,136.8,137.00000000000003,138.40000000000003,138.90000000000003,139.10000000000002,141.00000000000003,144.70000000000002,144.90000000000003,147.10000000000002,147.8,148.70000000000002,149.50000000000003,150.90000000000003,151.40000000000003,151.50000000000003,152.50000000000003,152.60000000000002,153.20000000000002,153.40000000000003,157.40000000000003,158.10000000000002,159.10000000000002,159.90000000000003,161.20000000000002,162.40000000000003,163.8,166.20000000000002,166.60000000000002,167.70000000000002,169.40000000000003,171.00000000000003,171.8,173.90000000000003,174.50000000000003,175.10000000000002,175.8,178.10000000000002,179.49999999999997,179.09999999999997,178.99999999999997,178.99999999999997,178.79999999999998,176.39999999999998,176.2,175.99999999999997,173.29999999999998,169.79999999999998,166.59999999999997,156.99999999999997,153.89999999999998,153.49999999999997,148.99999999999997,145.79999999999998,139.2,124.09999999999997,114.69999999999999,74.0,73.59999999999997,70.29999999999995,69.39999999999998,62.19999999999999,51.19999999999999,51.099999999999966,50.099999999999966,50.099999999999966,48.299999999999955,45.39999999999998,41.5,40.599999999999966,38.099999999999966,27.0,26.0,25.899999999999977,24.899999999999977,24.099999999999966,23.899999999999977,22.599999999999966,21.299999999999955,20.299999999999955,11.099999999999966,10.599999999999966,10.5,10.0,9.899999999999977,9.799999999999955,9.299999999999955,8.399999999999977,8.299999999999955,8.299999999999955,7.5,6.399999999999977,5.899999999999977,5.599999999999966,5.5,4.599999999999966,0.0,4.2000000000000455,7.7000000000000455,11.100000000000023,12.400000000000034,12.700000000000045,14.400000000000034,14.900000000000034,21.600000000000023
pale magenta color,18.299999999999955,18.899999999999977,19.599999999999966,19.69999999999999,19.799999999999955,21.19999999999999,21.5,23.799999999999955,24.899999999999977,25.599999999999966,27.599999999999966,28.5,29.0,29.5,30.399999999999977,30.69999999999999,31.299999999999955,37.0,38.19999999999999,39.099999999999966,40.19999999999999,41.799999999999955,42.89999999999998,44.099999999999966,44.19999999999999,44.5,46.39999999999998,47.599999999999966,48.39999999999998,49.19999999999999,50.19999999999999,50.599999999999966,56.5,57.0,57.5,57.69999999999999,58.19999999999999,59.19999999999999,59.89999999999998,60.19999999999999,60.599999999999966,61.0,61.099999999999966,61.599999999999966,61.599999999999966,62.799999999999955,64.19999999999999,64.29999999999995,64.39999999999998,65.79999999999995,65.89999999999998,67.39999999999998,67.59999999999997,67.79999999999995,72.19999999999999,73.09999999999997,74.29999999999995,74.69999999999999,76.59999999999997,77.19999999999999,78.59999999999997,79.79999999999995,80.29999999999995,80.59999999999997,80.59999999999997,81.89999999999998,82.29999999999995,83.89999999999998,84.19999999999999,87.59999999999997,90.0,95.29999999999995,96.79999999999995,98.79999999999995,99.59999999999997,99.69999999999999,100.19999999999999,101.5,103.19999999999999,104.59999999999997,104.79999999999998,104.89999999999998,105.49999999999997,106.49999999999997,106.59999999999997,107.09999999999997,107.09999999999997,109.79999999999998,113.89999999999998,128.29999999999998,131.79999999999998,132.59999999999997,132.79999999999998,134.2,134.7,134.89999999999998,136.79999999999998,140.49999999999997,140.7,142.89999999999998,143.59999999999997,144.49999999999997,145.29999999999998,146.7,147.2,147.29999999999998,148.29999999999998,148.39999999999998,148.99999999999997,149.2,153.2,153.89999999999998,154.89999999999998,155.7,156.99999999999997,158.2,159.59999999999997,161.99999999999997,162.39999999999998,163.49999999999997,165.2,166.79999999999998,167.59999999999997,169.7,170.29999999999998,170.89999999999998,171.59999999999997,173.89999999999998,176.29999999999998,176.7,176.79999999999998,176.79999999999998,176.99999999999997,179.39999999999998,179.59999999999997,179.79999999999998,177.50000000000003,174.00000000000003,170.8,161.20000000000002,158.10000000000002,157.70000000000002,153.20000000000002,150.00000000000003,143.40000000000003,128.3,118.90000000000003,78.20000000000005,77.80000000000001,74.5,73.60000000000002,66.40000000000003,55.400000000000034,55.30000000000001,54.30000000000001,54.30000000000001,52.5,49.60000000000002,45.700000000000045,44.80000000000001,42.30000000000001,31.200000000000045,30.200000000000045,30.100000000000023,29.100000000000023,28.30000000000001,28.100000000000023,26.80000000000001,25.5,24.5,15.300000000000011,14.800000000000011,14.700000000000045,14.200000000000045,14.100000000000023,14.0,13.5,12.600000000000023,12.5,12.5,11.700000000000045,10.600000000000023,10.100000000000023,9.800000000000011,9.700000000000045,8.800000000000011,4.2000000000000455,0.0,3.5,6.899999999999977,8.199999999999989,8.5,10.199999999999989,10.699999999999989,17.399999999999977
bright pink color,14.799999999999955,15.399999999999977,16.099999999999966,16.19999999999999,16.299999999999955,17.69999999999999,18.0,20.299999999999955,21.399999999999977,22.099999999999966,24.099999999999966,25.0,25.5,26.0,26.899999999999977,27.19999999999999,27.799999999999955,33.5,34.69999999999999,35.599999999999966,36.69999999999999,38.299999999999955,39.39999999999998,40.599999999999966,40.69999999999999,41.0,42.89999999999998,44.099999999999966,44.89999999999998,45.69999999999999,46.69999999999999,47.099999999999966,53.0,53.5,54.0,54.19999999999999,54.69999999999999,55.69999999999999,56.39999999999998,56.69999999999999,57.099999999999966,57.5,57.599999999999966,58.099999999999966,58.099999999999966,59.299999999999955,60.69999999999999,60.799999999999955,60.89999999999998,62.299999999999955,62.39999999999998,63.89999999999998,64.09999999999997,64.29999999999995,68.69999999999999,69.59999999999997,70.79999999999995,71.19999999999999,73.09999999999997,73.69999999999999,75.09999999999997,76.29999999999995,76.79999999999995,77.09999999999997,77.09999999999997,78.39999999999998,78.79999999999995,80.39999999999998,80.69999999999999,84.09999999999997,86.5,91.79999999999995,93.29999999999995,95.29999999999995,96.09999999999997,96.19999999999999,96.69999999999999,98.0,99.69999999999999,101.09999999999997,101.29999999999995,101.39999999999998,102.0,103.0,103.09999999999997,103.59999999999997,103.59999999999997,106.29999999999998,110.39999999999998,124.79999999999998,128.29999999999998,129.09999999999997,129.29999999999998,130.7,131.2,131.39999999999998,133.29999999999998,136.99999999999997,137.2,139.39999999999998,140.09999999999997,140.99999999999997,141.79999999999998,143.2,143.7,143.79999999999998,144.79999999999998,144.89999999999998,145.49999999999997,145.7,149.7,150.39999999999998,151.39999999999998,152.2,153.49999999999997,154.7,156.09999999999997,158.49999999999997,158.89999999999998,159.99999999999997,161.7,163.29999999999998,164.09999999999997,166.2,166.79999999999998,167.39999999999998,168.09999999999997,170.39999999999998,172.79999999999998,173.2,173.29999999999998,173.29999999999998,173.49999999999997,175.89999999999998,176.09999999999997,176.29999999999998,178.99999999999997,177.50000000000003,174.3,164.70000000000002,161.60000000000002,161.20000000000002,156.70000000000002,153.50000000000003,146.90000000000003,131.8,122.40000000000003,81.70000000000005,81.30000000000001,78.0,77.10000000000002,69.90000000000003,58.900000000000034,58.80000000000001,57.80000000000001,57.80000000000001,56.0,53.10000000000002,49.200000000000045,48.30000000000001,45.80000000000001,34.700000000000045,33.700000000000045,33.60000000000002,32.60000000000002,31.80000000000001,31.600000000000023,30.30000000000001,29.0,28.0,18.80000000000001,18.30000000000001,18.200000000000045,17.700000000000045,17.600000000000023,17.5,17.0,16.100000000000023,16.0,16.0,15.200000000000045,14.100000000000023,13.600000000000023,13.300000000000011,13.200000000000045,12.300000000000011,7.7000000000000455,3.5,0.0,3.3999999999999773,4.699999999999989,5.0,6.699999999999989,7.199999999999989,13.899999999999977
pink color,11.399999999999977,12.0,12.699999999999989,12.800000000000011,12.899999999999977,14.300000000000011,14.600000000000023,16.899999999999977,18.0,18.69999999999999,20.69999999999999,21.600000000000023,22.100000000000023,22.600000000000023,23.5,23.80000000000001,24.399999999999977,30.100000000000023,31.30000000000001,32.19999999999999,33.30000000000001,34.89999999999998,36.0,37.19999999999999,37.30000000000001,37.60000000000002,39.5,40.69999999999999,41.5,42.30000000000001,43.30000000000001,43.69999999999999,49.60000000000002,50.10000000000002,50.60000000000002,50.80000000000001,51.30000000000001,52.30000000000001,53.0,53.30000000000001,53.69999999999999,54.10000000000002,54.19999999999999,54.69999999999999,54.69999999999999,55.89999999999998,57.30000000000001,57.39999999999998,57.5,58.89999999999998,59.0,60.5,60.69999999999999,60.89999999999998,65.30000000000001,66.19999999999999,67.39999999999998,67.80000000000001,69.69999999999999,70.30000000000001,71.69999999999999,72.89999999999998,73.39999999999998,73.69999999999999,73.69999999999999,75.0,75.39999999999998,77.0,77.30000000000001,80.69999999999999,83.10000000000002,88.39999999999998,89.89999999999998,91.89999999999998,92.69999999999999,92.80000000000001,93.30000000000001,94.60000000000002,96.30000000000001,97.69999999999999,97.89999999999998,98.0,98.60000000000002,99.60000000000002,99.69999999999999,100.19999999999999,100.19999999999999,102.89999999999998,107.0,121.4,124.9,125.69999999999999,125.9,127.30000000000001,127.80000000000001,128.0,129.9,133.6,133.8,136.0,136.7,137.6,138.4,139.8,140.3,140.4,141.4,141.5,142.1,142.3,146.3,147.0,148.0,148.8,150.1,151.3,152.7,155.1,155.5,156.6,158.3,159.9,160.7,162.8,163.4,164.0,164.7,167.0,169.4,169.8,169.9,169.9,170.1,172.5,172.7,172.9,175.6,179.1,177.7,168.1,165.0,164.6,160.1,156.9,150.3,135.2,125.80000000000001,85.10000000000002,84.69999999999999,81.39999999999998,80.5,73.30000000000001,62.30000000000001,62.19999999999999,61.19999999999999,61.19999999999999,59.39999999999998,56.5,52.60000000000002,51.69999999999999,49.19999999999999,38.10000000000002,37.10000000000002,37.0,36.0,35.19999999999999,35.0,33.69999999999999,32.39999999999998,31.399999999999977,22.19999999999999,21.69999999999999,21.600000000000023,21.100000000000023,21.0,20.899999999999977,20.399999999999977,19.5,19.399999999999977,19.399999999999977,18.600000000000023,17.5,17.0,16.69999999999999,16.600000000000023,15.699999999999989,11.100000000000023,6.899999999999977,3.3999999999999773,0.0,1.3000000000000114,1.6000000000000227,3.3000000000000114,3.8000000000000114,10.5
shocking pink color,10.099999999999966,10.699999999999989,11.399999999999977,11.5,11.599999999999966,13.0,13.300000000000011,15.599999999999966,16.69999999999999,17.399999999999977,19.399999999999977,20.30000000000001,20.80000000000001,21.30000000000001,22.19999999999999,22.5,23.099999999999966,28.80000000000001,30.0,30.899999999999977,32.0,33.599999999999966,34.69999999999999,35.89999999999998,36.0,36.30000000000001,38.19999999999999,39.39999999999998,40.19999999999999,41.0,42.0,42.39999999999998,48.30000000000001,48.80000000000001,49.30000000000001,49.5,50.0,51.0,51.69999999999999,52.0,52.39999999999998,52.80000000000001,52.89999999999998,53.39999999999998,53.39999999999998,54.599999999999966,56.0,56.099999999999966,56.19999999999999,57.599999999999966,57.69999999999999,59.19999999999999,59.39999999999998,59.599999999999966,64.0,64.89999999999998,66.09999999999997,66.5,68.39999999999998,69.0,70.39999999999998,71.59999999999997,72.09999999999997,72.39999999999998,72.39999999999998,73.69999999999999,74.10000000000002,75.69999999999999,76.0,79.39999999999998,81.79999999999995,87.10000000000002,88.60000000000002,90.60000000000002,91.39999999999998,91.5,92.0,93.29999999999995,95.0,96.39999999999998,96.60000000000002,96.69999999999999,97.29999999999995,98.29999999999995,98.39999999999998,98.89999999999998,98.89999999999998,101.60000000000002,105.69999999999999,120.1,123.6,124.39999999999998,124.6,126.0,126.5,126.69999999999999,128.6,132.29999999999998,132.5,134.7,135.39999999999998,136.29999999999998,137.1,138.5,139.0,139.1,140.1,140.2,140.79999999999998,141.0,145.0,145.7,146.7,147.5,148.79999999999998,150.0,151.39999999999998,153.79999999999998,154.2,155.29999999999998,157.0,158.6,159.39999999999998,161.5,162.1,162.7,163.39999999999998,165.7,168.1,168.5,168.6,168.6,168.79999999999998,171.2,171.39999999999998,171.6,174.29999999999998,177.79999999999998,179.0,169.4,166.3,165.9,161.4,158.20000000000002,151.60000000000002,136.5,127.10000000000002,86.40000000000003,86.0,82.69999999999999,81.80000000000001,74.60000000000002,63.60000000000002,63.5,62.5,62.5,60.69999999999999,57.80000000000001,53.900000000000034,53.0,50.5,39.400000000000034,38.400000000000034,38.30000000000001,37.30000000000001,36.5,36.30000000000001,35.0,33.69999999999999,32.69999999999999,23.5,23.0,22.900000000000034,22.400000000000034,22.30000000000001,22.19999999999999,21.69999999999999,20.80000000000001,20.69999999999999,20.69999999999999,19.900000000000034,18.80000000000001,18.30000000000001,18.0,17.900000000000034,17.0,12.400000000000034,8.199999999999989,4.699999999999989,1.3000000000000114,0.0,0.30000000000001137,2.0,2.5,9.199999999999989
bubblegum color,9.799999999999955,10.399999999999977,11.099999999999966,11.199999999999989,11.299999999999955,12.699999999999989,13.0,15.299999999999955,16.399999999999977,17.099999999999966,19.099999999999966,20.0,20.5,21.0,21.899999999999977,22.19999999999999,22.799999999999955,28.5,29.69999999999999,30.599999999999966,31.69999999999999,33.299999999999955,34.39999999999998,35.599999999999966,35.69999999999999,36.0,37.89999999999998,39.099999999999966,39.89999999999998,40.69999999999999,41.69999999999999,42.099999999999966,48.0,48.5,49.0,49.19999999999999,49.69999999999999,50.69999999999999,51.39999999999998,51.69999999999999,52.099999999999966,52.5,52.599999999999966,53.099999999999966,53.099999999999966,54.299999999999955,55.69999999999999,55.799999999999955,55.89999999999998,57.299999999999955,57.39999999999998,58.89999999999998,59.099999999999966,59.299999999999955,63.69999999999999,64.59999999999997,65.79999999999995,66.19999999999999,68.09999999999997,68.69999999999999,70.09999999999997,71.29999999999995,71.79999999999995,72.09999999999997,72.09999999999997,73.39999999999998,73.79999999999995,75.39999999999998,75.69999999999999,79.09999999999997,81.5,86.79999999999995,88.29999999999995,90.29999999999995,91.09999999999997,91.19999999999999,91.69999999999999,93.0,94.69999999999999,96.09999999999997,96.29999999999995,96.39999999999998,97.0,98.0,98.09999999999997,98.59999999999997,98.59999999999997,101.29999999999995,105.39999999999998,119.79999999999998,123.29999999999998,124.09999999999997,124.29999999999998,125.69999999999999,126.19999999999999,126.39999999999998,128.29999999999998,131.99999999999997,132.2,134.39999999999998,135.09999999999997,135.99999999999997,136.79999999999998,138.2,138.7,138.79999999999998,139.79999999999998,139.89999999999998,140.49999999999997,140.7,144.7,145.39999999999998,146.39999999999998,147.2,148.49999999999997,149.7,151.09999999999997,153.49999999999997,153.89999999999998,154.99999999999997,156.7,158.29999999999998,159.09999999999997,161.2,161.79999999999998,162.39999999999998,163.09999999999997,165.39999999999998,167.79999999999998,168.2,168.29999999999998,168.29999999999998,168.49999999999997,170.89999999999998,171.09999999999997,171.29999999999998,173.99999999999997,177.49999999999997,179.3,169.70000000000002,166.60000000000002,166.20000000000002,161.70000000000002,158.50000000000003,151.90000000000003,136.8,127.40000000000003,86.70000000000005,86.30000000000001,83.0,82.10000000000002,74.90000000000003,63.900000000000034,63.80000000000001,62.80000000000001,62.80000000000001,61.0,58.10000000000002,54.200000000000045,53.30000000000001,50.80000000000001,39.700000000000045,38.700000000000045,38.60000000000002,37.60000000000002,36.80000000000001,36.60000000000002,35.30000000000001,34.0,33.0,23.80000000000001,23.30000000000001,23.200000000000045,22.700000000000045,22.600000000000023,22.5,22.0,21.100000000000023,21.0,21.0,20.200000000000045,19.100000000000023,18.600000000000023,18.30000000000001,18.200000000000045,17.30000000000001,12.700000000000045,8.5,5.0,1.6000000000000227,0.30000000000001137,0.0,1.6999999999999886,2.1999999999999886,8.899999999999977
barbie pink color,8.099999999999966,8.699999999999989,9.399999999999977,9.5,9.599999999999966,11.0,11.300000000000011,13.599999999999966,14.699999999999989,15.399999999999977,17.399999999999977,18.30000000000001,18.80000000000001,19.30000000000001,20.19999999999999,20.5,21.099999999999966,26.80000000000001,28.0,28.899999999999977,30.0,31.599999999999966,32.69999999999999,33.89999999999998,34.0,34.30000000000001,36.19999999999999,37.39999999999998,38.19999999999999,39.0,40.0,40.39999999999998,46.30000000000001,46.80000000000001,47.30000000000001,47.5,48.0,49.0,49.69999999999999,50.0,50.39999999999998,50.80000000000001,50.89999999999998,51.39999999999998,51.39999999999998,52.599999999999966,54.0,54.099999999999966,54.19999999999999,55.599999999999966,55.69999999999999,57.19999999999999,57.39999999999998,57.599999999999966,62.0,62.89999999999998,64.09999999999997,64.5,66.39999999999998,67.0,68.39999999999998,69.59999999999997,70.09999999999997,70.39999999999998,70.39999999999998,71.69999999999999,72.10000000000002,73.69999999999999,74.0,77.39999999999998,79.79999999999995,85.10000000000002,86.60000000000002,88.60000000000002,89.39999999999998,89.5,90.0,91.29999999999995,93.0,94.39999999999998,94.60000000000002,94.69999999999999,95.29999999999995,96.29999999999995,96.39999999999998,96.89999999999998,96.89999999999998,99.60000000000002,103.69999999999999,118.1,121.6,122.39999999999998,122.6,124.0,124.5,124.69999999999999,126.6,130.29999999999998,130.5,132.7,133.39999999999998,134.29999999999998,135.1,136.5,137.0,137.1,138.1,138.2,138.79999999999998,139.0,143.0,143.7,144.7,145.5,146.79999999999998,148.0,149.39999999999998,151.79999999999998,152.2,153.29999999999998,155.0,156.6,157.39999999999998,159.5,160.1,160.7,161.39999999999998,163.7,166.1,166.5,166.6,166.6,166.79999999999998,169.2,169.39999999999998,169.6,172.29999999999998,175.79999999999998,179.0,171.4,168.3,167.9,163.4,160.20000000000002,153.60000000000002,138.5,129.10000000000002,88.40000000000003,88.0,84.69999999999999,83.80000000000001,76.60000000000002,65.60000000000002,65.5,64.5,64.5,62.69999999999999,59.80000000000001,55.900000000000034,55.0,52.5,41.400000000000034,40.400000000000034,40.30000000000001,39.30000000000001,38.5,38.30000000000001,37.0,35.69999999999999,34.69999999999999,25.5,25.0,24.900000000000034,24.400000000000034,24.30000000000001,24.19999999999999,23.69999999999999,22.80000000000001,22.69999999999999,22.69999999999999,21.900000000000034,20.80000000000001,20.30000000000001,20.0,19.900000000000034,19.0,14.400000000000034,10.199999999999989,6.699999999999989,3.3000000000000114,2.0,1.6999999999999886,0.0,0.5,7.199999999999989
bubble gum pink color,7.599999999999966,8.199999999999989,8.899999999999977,9.0,9.099999999999966,10.5,10.800000000000011,13.099999999999966,14.199999999999989,14.899999999999977,16.899999999999977,17.80000000000001,18.30000000000001,18.80000000000001,19.69999999999999,20.0,20.599999999999966,26.30000000000001,27.5,28.399999999999977,29.5,31.099999999999966,32.19999999999999,33.39999999999998,33.5,33.80000000000001,35.69999999999999,36.89999999999998,37.69999999999999,38.5,39.5,39.89999999999998,45.80000000000001,46.30000000000001,46.80000000000001,47.0,47.5,48.5,49.19999999999999,49.5,49.89999999999998,50.30000000000001,50.39999999999998,50.89999999999998,50.89999999999998,52.099999999999966,53.5,53.599999999999966,53.69999999999999,55.099999999999966,55.19999999999999,56.69999999999999,56.89999999999998,57.099999999999966,61.5,62.39999999999998,63.599999999999966,64.0,65.89999999999998,66.5,67.89999999999998,69.09999999999997,69.59999999999997,69.89999999999998,69.89999999999998,71.19999999999999,71.60000000000002,73.19999999999999,73.5,76.89999999999998,79.29999999999995,84.60000000000002,86.10000000000002,88.10000000000002,88.89999999999998,89.0,89.5,90.79999999999995,92.5,93.89999999999998,94.10000000000002,94.19999999999999,94.79999999999995,95.79999999999995,95.89999999999998,96.39999999999998,96.39999999999998,99.10000000000002,103.19999999999999,117.6,121.1,121.89999999999998,122.1,123.5,124.0,124.19999999999999,126.1,129.79999999999998,130.0,132.2,132.89999999999998,133.79999999999998,134.6,136.0,136.5,136.6,137.6,137.7,138.29999999999998,138.5,142.5,143.2,144.2,145.0,146.29999999999998,147.5,148.89999999999998,151.29999999999998,151.7,152.79999999999998,154.5,156.1,156.89999999999998,159.0,159.6,160.2,160.89999999999998,163.2,165.6,166.0,166.1,166.1,166.29999999999998,168.7,168.89999999999998,169.1,171.79999999999998,175.29999999999998,178.5,171.9,168.8,168.4,163.9,160.70000000000002,154.10000000000002,139.0,129.60000000000002,88.90000000000003,88.5,85.19999999999999,84.30000000000001,77.10000000000002,66.10000000000002,66.0,65.0,65.0,63.19999999999999,60.30000000000001,56.400000000000034,55.5,53.0,41.900000000000034,40.900000000000034,40.80000000000001,39.80000000000001,39.0,38.80000000000001,37.5,36.19999999999999,35.19999999999999,26.0,25.5,25.400000000000034,24.900000000000034,24.80000000000001,24.69999999999999,24.19999999999999,23.30000000000001,23.19999999999999,23.19999999999999,22.400000000000034,21.30000000000001,20.80000000000001,20.5,20.400000000000034,19.5,14.900000000000034,10.699999999999989,7.199999999999989,3.8000000000000114,2.5,2.1999999999999886,0.5,0.0,6.699999999999989
strong pink color,0.8999999999999773,1.5,2.1999999999999886,2.3000000000000114,2.3999999999999773,3.8000000000000114,4.100000000000023,6.399999999999977,7.5,8.199999999999989,10.199999999999989,11.100000000000023,11.600000000000023,12.100000000000023,13.0,13.300000000000011,13.899999999999977,19.600000000000023,20.80000000000001,21.69999999999999,22.80000000000001,24.399999999999977,25.5,26.69999999999999,26.80000000000001,27.100000000000023,29.0,30.19999999999999,31.0,31.80000000000001,32.80000000000001,33.19999999999999,39.10000000000002,39.60000000000002,40.10000000000002,40.30000000000001,40.80000000000001,41.80000000000001,42.5,42.80000000000001,43.19999999999999,43.60000000000002,43.69999999999999,44.19999999999999,44.19999999999999,45.39999999999998,46.80000000000001,46.89999999999998,47.0,48.39999999999998,48.5,50.0,50.19999999999999,50.39999999999998,54.80000000000001,55.69999999999999,56.89999999999998,57.30000000000001,59.19999999999999,59.80000000000001,61.19999999999999,62.39999999999998,62.89999999999998,63.19999999999999,63.19999999999999,64.5,64.89999999999998,66.5,66.80000000000001,70.19999999999999,72.60000000000002,77.89999999999998,79.39999999999998,81.39999999999998,82.19999999999999,82.30000000000001,82.80000000000001,84.10000000000002,85.80000000000001,87.19999999999999,87.39999999999998,87.5,88.10000000000002,89.10000000000002,89.19999999999999,89.69999999999999,89.69999999999999,92.39999999999998,96.5,110.9,114.4,115.19999999999999,115.4,116.80000000000001,117.30000000000001,117.5,119.4,123.1,123.30000000000001,125.5,126.19999999999999,127.1,127.9,129.3,129.8,129.9,130.9,131.0,131.6,131.8,135.8,136.5,137.5,138.3,139.6,140.8,142.2,144.6,145.0,146.1,147.8,149.4,150.2,152.3,152.9,153.5,154.2,156.5,158.9,159.3,159.4,159.4,159.6,162.0,162.2,162.4,165.1,168.6,171.8,178.6,175.5,175.1,170.6,167.4,160.8,145.7,136.3,95.60000000000002,95.19999999999999,91.89999999999998,91.0,83.80000000000001,72.80000000000001,72.69999999999999,71.69999999999999,71.69999999999999,69.89999999999998,67.0,63.10000000000002,62.19999999999999,59.69999999999999,48.60000000000002,47.60000000000002,47.5,46.5,45.69999999999999,45.5,44.19999999999999,42.89999999999998,41.89999999999998,32.69999999999999,32.19999999999999,32.10000000000002,31.600000000000023,31.5,31.399999999999977,30.899999999999977,30.0,29.899999999999977,29.899999999999977,29.100000000000023,28.0,27.5,27.19999999999999,27.100000000000023,26.19999999999999,21.600000000000023,17.399999999999977,13.899999999999977,10.5,9.199999999999989,8.899999999999977,7.199999999999989,6.699999999999989,0.0
