,midnight color,night blue color,dark maroon color,dark purple color,dried blood color,very dark green color,plum color,ultramarine color,dark olive color,evergreen color,dark red color,brown color,darkish purple color,dark blue green color,mud brown color,deep teal color,rich blue color,blue purple color,dark turquoise color,auburn color,blue color,dark green blue color,purplish blue color,russet color,rose red color,burnt umber color,magenta color,deep turquoise color,azul color,cinnamon color,light indigo color,muted blue color,raw sienna color,bright violet color,jungle green color,bluish color,dark pink color,bright purple color,purpley pink color,tomato red color,teal blue color,swamp green color,fire engine red color,pinky purple color,vermillion color,orangish red color,pinky red color,dark yellow green color,lightish red color,red orange color,reddish orange color,purpleish pink color,blood orange color,bright magenta color,bright lavender color,dusky pink color,pumpkin color,perrywinkle color,medium green color,grass color,orange pink color,dusty pink color,dusty orange color,nasty green color,salmon color,purply pink color,liliac color,pig pink color,greenish teal color,orangeish color,dark lime green color,tangerine color,burnt yellow color,blush color,tan color,squash color,light orange color,orange yellow color,butterscotch color,green/yellow color,golden rod color,weird green color,golden yellow color,hospital green color,sickly yellow color,sandy color,fluro green color,light gold color,bright light blue color,yellowy green color,robin's egg blue color,light sea green color,light bluish green color,chartreuse color,mint green color,key lime color,light khaki color,green yellow color,bright yellow color,butter yellow color,light yellow color
midnight color,0.0,8.199999999999989,84.39999999999998,26.899999999999977,95.09999999999997,157.0,46.19999999999999,11.300000000000011,173.7,139.70000000000002,102.80000000000001,130.6,32.80000000000001,113.60000000000002,145.29999999999998,90.80000000000001,9.300000000000011,11.899999999999977,102.5,112.39999999999998,3.0,117.20000000000002,12.599999999999966,113.79999999999998,84.09999999999997,117.39999999999998,55.599999999999966,98.10000000000002,1.6000000000000227,120.89999999999998,6.800000000000011,31.900000000000034,137.5,20.69999999999999,145.3,24.400000000000034,71.09999999999997,23.0,35.69999999999999,106.89999999999998,72.60000000000002,174.6,104.0,34.599999999999966,106.19999999999999,107.39999999999998,90.39999999999998,178.89999999999998,90.5,107.89999999999998,107.29999999999998,37.5,110.5,36.5,20.80000000000001,71.89999999999998,126.6,0.5999999999999659,154.10000000000002,165.4,103.30000000000001,76.69999999999999,121.0,167.0,96.5,33.80000000000001,15.099999999999966,67.80000000000001,136.70000000000002,119.39999999999998,174.3,130.7,152.1,100.09999999999997,150.5,142.6,134.1,140.29999999999998,137.79999999999998,174.6,147.5,146.10000000000002,149.6,147.70000000000002,173.29999999999998,159.1,159.9,156.5,95.4,179.5,86.9,146.5,144.0,179.60000000000002,150.9,167.3,177.79999999999998,179.4,166.6,168.5,169.1
night blue color,8.199999999999989,0.0,76.19999999999999,18.69999999999999,86.89999999999998,165.2,38.0,3.1000000000000227,165.5,147.9,94.60000000000002,122.4,24.600000000000023,121.80000000000001,137.1,99.0,1.1000000000000227,3.6999999999999886,110.69999999999999,104.19999999999999,5.199999999999989,125.4,4.399999999999977,105.6,75.89999999999998,109.19999999999999,47.39999999999998,106.30000000000001,9.800000000000011,112.69999999999999,1.3999999999999773,40.10000000000002,129.3,12.5,153.5,32.60000000000002,62.89999999999998,14.800000000000011,27.5,98.69999999999999,80.80000000000001,166.4,95.80000000000001,26.399999999999977,98.0,99.19999999999999,82.19999999999999,170.7,82.30000000000001,99.69999999999999,99.10000000000002,29.30000000000001,102.30000000000001,28.30000000000001,12.600000000000023,63.69999999999999,118.4,7.600000000000023,162.3,173.6,95.10000000000002,68.5,112.80000000000001,175.2,88.30000000000001,25.600000000000023,6.899999999999977,59.60000000000002,144.9,111.19999999999999,177.5,122.5,143.9,91.89999999999998,142.3,134.4,125.9,132.1,129.6,166.4,139.3,154.3,141.4,155.9,165.1,150.9,168.1,148.3,103.6,172.3,95.1,154.7,152.2,172.2,159.1,175.5,169.6,172.4,158.4,160.3,160.9
dark maroon color,84.39999999999998,76.19999999999999,0.0,57.5,10.7,118.60000000000001,38.19999999999999,73.09999999999997,89.3,135.9,18.400000000000002,46.2,51.599999999999966,162.0,60.89999999999999,175.2,75.09999999999997,72.5,173.10000000000002,28.000000000000004,81.39999999999998,158.4,71.80000000000001,29.400000000000002,0.3000000000000007,33.0,28.80000000000001,177.5,86.0,36.5,77.59999999999997,116.30000000000001,53.099999999999994,63.69999999999999,130.3,108.80000000000001,13.299999999999999,61.39999999999998,48.69999999999999,22.500000000000004,157.0,90.2,19.599999999999998,49.80000000000001,21.8,23.000000000000004,6.0,94.5,6.100000000000001,23.500000000000004,22.900000000000002,46.89999999999998,26.099999999999998,47.89999999999998,63.599999999999966,12.5,42.2,83.80000000000001,121.49999999999999,110.2,18.900000000000002,7.699999999999999,36.599999999999994,108.60000000000001,12.099999999999998,50.599999999999966,69.30000000000001,16.599999999999998,138.9,35.0,101.3,46.3,67.7,15.7,66.1,58.2,49.7,55.89999999999999,53.39999999999999,90.2,63.099999999999994,129.5,65.2,127.89999999999999,88.89999999999999,74.7,115.7,72.1,179.79999999999998,96.1,171.29999999999998,129.10000000000002,131.60000000000002,96.0,124.7,108.3,93.39999999999999,96.2,82.2,84.1,84.7
dark purple color,26.899999999999977,18.69999999999999,57.5,0.0,68.19999999999999,176.10000000000002,19.30000000000001,15.599999999999966,146.8,166.6,75.90000000000003,103.70000000000005,5.900000000000034,140.5,118.4,117.69999999999999,17.599999999999966,15.0,129.39999999999998,85.5,23.899999999999977,144.1,14.300000000000011,86.90000000000003,57.19999999999999,90.5,28.69999999999999,125.0,28.5,94.0,20.099999999999966,58.80000000000001,110.60000000000002,6.199999999999989,172.2,51.30000000000001,44.19999999999999,3.8999999999999773,8.800000000000011,80.0,99.5,147.70000000000002,77.10000000000002,7.699999999999989,79.30000000000001,80.5,63.5,152.0,63.60000000000002,81.0,80.40000000000003,10.600000000000023,83.60000000000002,9.600000000000023,6.099999999999966,45.0,99.69999999999999,26.30000000000001,179.0,167.70000000000002,76.40000000000003,49.80000000000001,94.10000000000002,166.10000000000002,69.60000000000002,6.900000000000034,11.800000000000011,40.900000000000034,163.6,92.5,158.8,103.80000000000001,125.20000000000002,73.19999999999999,123.60000000000002,115.70000000000002,107.20000000000002,113.4,110.9,147.70000000000002,120.60000000000002,173.0,122.70000000000002,174.6,146.4,132.20000000000002,173.20000000000002,129.60000000000002,122.29999999999998,153.60000000000002,113.79999999999998,173.39999999999998,170.89999999999998,153.5,177.79999999999998,165.8,150.9,153.70000000000002,139.70000000000002,141.60000000000002,142.20000000000002
dried blood color,95.09999999999997,86.89999999999998,10.7,68.19999999999999,0.0,107.9,48.89999999999998,83.79999999999995,78.6,125.19999999999999,7.700000000000003,35.50000000000001,62.299999999999955,151.29999999999998,50.199999999999996,174.1,85.79999999999995,83.19999999999999,162.4,17.300000000000004,92.09999999999997,147.7,82.5,18.700000000000003,11.0,22.300000000000004,39.5,166.79999999999998,96.69999999999999,25.800000000000004,88.29999999999995,127.00000000000003,42.4,74.39999999999998,119.6,119.50000000000003,24.0,72.09999999999997,59.39999999999998,11.800000000000004,167.70000000000002,79.5,8.899999999999999,60.5,11.100000000000001,12.300000000000004,4.699999999999999,83.80000000000001,4.599999999999998,12.800000000000004,12.200000000000003,57.599999999999966,15.399999999999999,58.599999999999966,74.29999999999995,23.2,31.5,94.5,110.79999999999998,99.5,8.200000000000003,18.4,25.9,97.9,1.3999999999999986,61.299999999999955,80.0,27.299999999999997,128.2,24.300000000000004,90.6,35.6,57.00000000000001,5.0,55.4,47.50000000000001,39.00000000000001,45.199999999999996,42.699999999999996,79.5,52.4,118.79999999999998,54.50000000000001,117.19999999999999,78.19999999999999,64.0,105.0,61.4,169.5,85.4,178.0,118.4,120.9,85.30000000000001,114.0,97.6,82.69999999999999,85.5,71.5,73.4,74.0
very dark green color,157.0,165.2,118.60000000000001,176.10000000000002,107.9,0.0,156.8,168.3,29.30000000000001,17.299999999999983,100.20000000000002,72.4,170.2,43.39999999999998,57.70000000000002,66.19999999999999,166.3,168.89999999999998,54.5,90.60000000000001,160.0,39.79999999999998,169.59999999999997,89.20000000000002,118.9,85.60000000000001,147.40000000000003,58.89999999999998,155.39999999999998,82.10000000000001,163.8,125.09999999999997,65.50000000000001,177.7,11.699999999999989,132.59999999999997,131.9,180.0,167.3,96.10000000000001,84.39999999999998,28.400000000000006,99.00000000000001,168.40000000000003,96.80000000000001,95.60000000000001,112.60000000000001,24.10000000000001,112.50000000000001,95.10000000000001,95.70000000000002,165.5,92.50000000000001,166.5,177.8,131.10000000000002,76.4,157.59999999999997,2.8999999999999773,8.400000000000006,99.70000000000002,126.30000000000001,82.00000000000001,10.0,106.50000000000001,169.2,172.09999999999997,135.20000000000002,20.299999999999983,83.60000000000001,17.30000000000001,72.30000000000001,50.900000000000006,102.9,52.500000000000014,60.400000000000006,68.9,62.70000000000002,65.20000000000002,28.400000000000006,55.500000000000014,10.899999999999977,53.400000000000006,9.299999999999983,29.700000000000017,43.900000000000006,2.9000000000000057,46.500000000000014,61.599999999999994,22.500000000000014,70.1,10.5,13.0,22.60000000000001,6.099999999999994,10.300000000000011,25.200000000000017,22.400000000000006,36.400000000000006,34.500000000000014,33.900000000000006
plum color,46.19999999999999,38.0,38.19999999999999,19.30000000000001,48.89999999999998,156.8,0.0,34.89999999999998,127.5,174.1,56.60000000000002,84.39999999999998,13.399999999999977,159.8,99.10000000000002,137.0,36.89999999999998,34.30000000000001,148.7,66.19999999999999,43.19999999999999,163.4,33.60000000000002,67.60000000000002,37.89999999999998,71.19999999999999,9.399999999999977,144.3,47.80000000000001,74.69999999999999,39.39999999999998,78.10000000000002,91.30000000000001,25.5,168.5,70.60000000000002,24.899999999999977,23.19999999999999,10.5,60.69999999999999,118.80000000000001,128.4,57.80000000000001,11.600000000000023,60.0,61.19999999999999,44.19999999999999,132.7,44.30000000000001,61.69999999999999,61.10000000000002,8.699999999999989,64.30000000000001,9.699999999999989,25.399999999999977,25.69999999999999,80.39999999999998,45.60000000000002,159.7,148.4,57.10000000000002,30.5,74.80000000000001,146.8,50.30000000000001,12.399999999999977,31.100000000000023,21.600000000000023,177.1,73.19999999999999,139.5,84.5,105.9,53.89999999999998,104.30000000000001,96.39999999999998,87.89999999999998,94.10000000000002,91.60000000000002,128.4,101.30000000000001,167.7,103.39999999999998,166.1,127.1,112.9,153.9,110.30000000000001,141.6,134.3,133.1,167.3,169.8,134.2,162.9,146.5,131.6,134.4,120.4,122.30000000000001,122.9
ultramarine color,11.300000000000011,3.1000000000000227,73.09999999999997,15.599999999999966,83.79999999999995,168.3,34.89999999999998,0.0,162.39999999999998,151.00000000000003,91.5,119.29999999999998,21.5,124.90000000000003,133.99999999999997,102.10000000000002,2.0,0.5999999999999659,113.80000000000001,101.09999999999997,8.300000000000011,128.50000000000003,1.2999999999999545,102.5,72.79999999999995,106.09999999999997,44.299999999999955,109.40000000000003,12.900000000000034,109.59999999999997,4.5,43.200000000000045,126.19999999999999,9.399999999999977,156.60000000000002,35.700000000000045,59.799999999999955,11.699999999999989,24.399999999999977,95.59999999999997,83.90000000000003,163.29999999999998,92.69999999999999,23.299999999999955,94.89999999999998,96.09999999999997,79.09999999999997,167.59999999999997,79.19999999999999,96.59999999999997,96.0,26.19999999999999,99.19999999999999,25.19999999999999,9.5,60.599999999999966,115.29999999999998,10.700000000000045,165.40000000000003,176.70000000000002,92.0,65.39999999999998,109.69999999999999,178.3,85.19999999999999,22.5,3.7999999999999545,56.5,148.00000000000003,108.09999999999997,174.39999999999998,119.39999999999998,140.79999999999998,88.79999999999995,139.2,131.29999999999998,122.79999999999998,128.99999999999997,126.49999999999997,163.29999999999998,136.2,157.40000000000003,138.29999999999998,159.00000000000003,161.99999999999997,147.79999999999998,171.20000000000002,145.2,106.70000000000002,169.2,98.20000000000002,157.8,155.3,169.09999999999997,162.20000000000002,178.60000000000002,166.49999999999997,169.29999999999998,155.29999999999998,157.2,157.79999999999998
dark olive color,173.7,165.5,89.3,146.8,78.6,29.30000000000001,127.5,162.39999999999998,0.0,46.599999999999994,70.9,43.099999999999994,140.89999999999998,72.69999999999999,28.400000000000006,95.5,164.39999999999998,161.8,83.80000000000001,61.3,170.7,69.1,161.10000000000002,59.9,89.6,56.3,118.10000000000002,88.19999999999999,175.3,52.8,166.89999999999998,154.39999999999998,36.2,153.0,41.0,161.89999999999998,102.6,150.7,138.0,66.8,113.69999999999999,0.9000000000000057,69.7,139.10000000000002,67.5,66.3,83.3,5.200000000000003,83.2,65.8,66.4,136.2,63.2,137.2,152.89999999999998,101.8,47.1,173.10000000000002,32.19999999999999,20.900000000000006,70.4,97.0,52.7,19.30000000000001,77.2,139.89999999999998,158.60000000000002,105.9,49.599999999999994,54.3,12.0,43.0,21.599999999999994,73.6,23.200000000000003,31.099999999999994,39.599999999999994,33.400000000000006,35.900000000000006,0.9000000000000057,26.200000000000003,40.19999999999999,24.099999999999994,38.599999999999994,0.4000000000000057,14.599999999999994,26.400000000000006,17.200000000000003,90.9,6.799999999999997,99.4,39.80000000000001,42.30000000000001,6.700000000000003,35.400000000000006,19.0,4.099999999999994,6.900000000000006,7.099999999999994,5.200000000000003,4.599999999999994
evergreen color,139.70000000000002,147.9,135.9,166.6,125.19999999999999,17.299999999999983,174.1,151.00000000000003,46.599999999999994,0.0,117.5,89.69999999999999,172.50000000000003,26.099999999999994,75.0,48.900000000000006,149.00000000000003,151.6,37.20000000000002,107.89999999999999,142.70000000000002,22.5,152.29999999999998,106.5,136.2,102.89999999999999,164.70000000000002,41.599999999999994,138.1,99.39999999999999,146.50000000000003,107.79999999999998,82.8,160.4,5.599999999999994,115.29999999999998,149.2,162.70000000000002,175.4,113.39999999999999,67.1,45.69999999999999,116.3,174.29999999999998,114.1,112.89999999999999,129.9,41.39999999999999,129.79999999999998,112.39999999999999,113.0,177.20000000000002,109.8,176.20000000000002,160.50000000000003,148.4,93.69999999999999,140.29999999999998,14.400000000000006,25.69999999999999,117.0,143.6,99.3,27.299999999999983,123.8,173.50000000000003,154.79999999999998,152.5,3.0,100.89999999999999,34.599999999999994,89.6,68.19999999999999,120.19999999999999,69.8,77.69999999999999,86.19999999999999,80.0,82.5,45.69999999999999,72.8,6.400000000000006,70.69999999999999,8.0,47.0,61.19999999999999,20.19999999999999,63.8,44.30000000000001,39.8,52.80000000000001,6.799999999999983,4.299999999999983,39.89999999999999,11.199999999999989,27.599999999999994,42.5,39.69999999999999,53.69999999999999,51.8,51.19999999999999
dark red color,102.80000000000001,94.60000000000002,18.400000000000002,75.90000000000003,7.700000000000003,100.20000000000002,56.60000000000002,91.5,70.9,117.5,0.0,27.800000000000004,70.0,143.6,42.49999999999999,166.4,93.5,90.90000000000003,154.70000000000002,9.600000000000001,99.80000000000001,140.0,90.20000000000005,11.0,18.700000000000003,14.600000000000001,47.200000000000045,159.1,104.4,18.1,96.0,134.70000000000002,34.699999999999996,82.10000000000002,111.9,127.20000000000002,31.700000000000003,79.80000000000001,67.10000000000002,4.100000000000001,175.4,71.80000000000001,1.1999999999999957,68.20000000000005,3.3999999999999986,4.600000000000001,12.400000000000002,76.1,12.3,5.100000000000001,4.5,65.30000000000001,7.699999999999996,66.30000000000001,82.0,30.900000000000002,23.799999999999997,102.20000000000005,103.1,91.80000000000001,0.5,26.1,18.199999999999996,90.20000000000002,6.300000000000004,69.0,87.70000000000005,35.0,120.5,16.6,82.9,27.9,49.300000000000004,2.700000000000003,47.699999999999996,39.800000000000004,31.300000000000004,37.49999999999999,34.99999999999999,71.80000000000001,44.699999999999996,111.1,46.800000000000004,109.5,70.5,56.300000000000004,97.30000000000001,53.699999999999996,161.8,77.69999999999999,170.3,110.70000000000002,113.20000000000002,77.6,106.30000000000001,89.9,75.0,77.80000000000001,63.800000000000004,65.69999999999999,66.30000000000001
brown color,130.6,122.4,46.2,103.70000000000005,35.50000000000001,72.4,84.39999999999998,119.29999999999998,43.099999999999994,89.69999999999999,27.800000000000004,0.0,97.79999999999995,115.79999999999998,14.699999999999989,138.6,121.29999999999998,118.70000000000002,126.9,18.200000000000003,127.6,112.19999999999999,118.00000000000003,16.800000000000004,46.50000000000001,13.200000000000003,75.0,131.29999999999998,132.20000000000002,9.700000000000003,123.79999999999998,162.50000000000003,6.8999999999999915,109.9,84.1,155.00000000000003,59.50000000000001,107.6,94.89999999999998,23.700000000000003,156.79999999999998,44.0,26.60000000000001,96.0,24.400000000000006,23.200000000000003,40.2,48.3,40.10000000000001,22.700000000000003,23.300000000000004,93.10000000000002,20.10000000000001,94.10000000000002,109.79999999999998,58.7,4.000000000000007,130.00000000000003,75.29999999999998,64.0,27.300000000000004,53.900000000000006,9.600000000000009,62.400000000000006,34.10000000000001,96.79999999999995,115.50000000000003,62.800000000000004,92.69999999999999,11.200000000000003,55.099999999999994,0.09999999999999432,21.5,30.500000000000007,19.89999999999999,12.0,3.5,9.699999999999989,7.199999999999989,44.0,16.89999999999999,83.29999999999998,19.0,81.69999999999999,42.69999999999999,28.5,69.5,25.89999999999999,134.0,49.89999999999999,142.5,82.9,85.4,49.8,78.5,62.099999999999994,47.19999999999999,50.0,36.0,37.89999999999999,38.5
darkish purple color,32.80000000000001,24.600000000000023,51.599999999999966,5.900000000000034,62.299999999999955,170.2,13.399999999999977,21.5,140.89999999999998,172.50000000000003,70.0,97.79999999999995,0.0,146.40000000000003,112.49999999999997,123.60000000000002,23.5,20.900000000000034,135.3,79.59999999999997,29.80000000000001,150.00000000000003,20.200000000000045,81.0,51.299999999999955,84.59999999999997,22.799999999999955,130.90000000000003,34.400000000000034,88.09999999999997,26.0,64.70000000000005,104.69999999999999,12.100000000000023,178.10000000000002,57.200000000000045,38.299999999999955,9.800000000000011,2.8999999999999773,74.09999999999997,105.40000000000003,141.79999999999998,71.19999999999999,1.7999999999999545,73.39999999999998,74.59999999999997,57.599999999999966,146.09999999999997,57.69999999999999,75.09999999999997,74.5,4.699999999999989,77.69999999999999,3.6999999999999886,12.0,39.099999999999966,93.79999999999995,32.200000000000045,173.09999999999997,161.79999999999998,70.5,43.89999999999998,88.19999999999999,160.2,63.69999999999999,1.0,17.700000000000045,35.0,169.50000000000003,86.59999999999997,152.89999999999998,97.89999999999998,119.29999999999998,67.29999999999995,117.69999999999999,109.79999999999998,101.29999999999995,107.49999999999997,104.99999999999997,141.79999999999998,114.69999999999999,178.90000000000003,116.79999999999998,179.49999999999997,140.49999999999997,126.29999999999998,167.29999999999998,123.69999999999999,128.20000000000002,147.7,119.70000000000002,179.3,176.8,147.59999999999997,176.29999999999998,159.89999999999998,144.99999999999997,147.79999999999998,133.79999999999998,135.7,136.29999999999998
dark blue green color,113.60000000000002,121.80000000000001,162.0,140.5,151.29999999999998,43.39999999999998,159.8,124.90000000000003,72.69999999999999,26.099999999999994,143.6,115.79999999999998,146.40000000000003,0.0,101.1,22.80000000000001,122.90000000000003,125.5,11.100000000000023,134.0,116.60000000000002,3.5999999999999943,126.19999999999999,132.6,162.29999999999998,129.0,169.2,15.5,112.0,125.49999999999999,120.40000000000003,81.69999999999999,108.89999999999999,134.3,31.69999999999999,89.19999999999999,175.29999999999998,136.60000000000002,149.3,139.5,41.0,71.79999999999998,142.39999999999998,148.2,140.2,139.0,156.0,67.49999999999999,155.89999999999998,138.5,139.1,151.10000000000002,135.89999999999998,150.10000000000002,134.40000000000003,174.5,119.79999999999998,114.19999999999999,40.5,51.79999999999998,143.1,169.7,125.39999999999999,53.39999999999998,149.89999999999998,147.40000000000003,128.7,178.6,23.099999999999994,126.99999999999999,60.69999999999999,115.69999999999999,94.29999999999998,146.29999999999998,95.89999999999999,103.79999999999998,112.29999999999998,106.1,108.6,71.79999999999998,98.89999999999999,32.5,96.79999999999998,34.099999999999994,73.1,87.29999999999998,46.29999999999998,89.89999999999999,18.200000000000017,65.89999999999999,26.700000000000017,32.89999999999998,30.399999999999977,65.99999999999999,37.29999999999998,53.69999999999999,68.6,65.79999999999998,79.79999999999998,77.89999999999999,77.29999999999998
mud brown color,145.29999999999998,137.1,60.89999999999999,118.4,50.199999999999996,57.70000000000002,99.10000000000002,133.99999999999997,28.400000000000006,75.0,42.49999999999999,14.699999999999989,112.49999999999997,101.1,0.0,123.9,135.99999999999997,133.4,112.20000000000002,32.89999999999999,142.29999999999998,97.5,132.70000000000002,31.499999999999993,61.199999999999996,27.89999999999999,89.70000000000005,116.6,146.9,24.39999999999999,138.49999999999997,177.20000000000002,7.799999999999997,124.6,69.4,169.70000000000002,74.19999999999999,122.29999999999998,109.6,38.39999999999999,142.1,29.30000000000001,41.3,110.70000000000002,39.099999999999994,37.89999999999999,54.89999999999999,33.60000000000001,54.8,37.39999999999999,37.99999999999999,107.79999999999998,34.8,108.79999999999998,124.49999999999997,73.39999999999999,18.699999999999996,144.70000000000002,60.599999999999994,49.30000000000001,41.99999999999999,68.6,24.299999999999997,47.70000000000002,48.8,111.49999999999997,130.20000000000002,77.5,78.0,25.89999999999999,40.400000000000006,14.599999999999994,6.800000000000011,45.199999999999996,5.200000000000003,2.6999999999999886,11.199999999999989,5.0,7.5,29.30000000000001,2.200000000000003,68.6,4.300000000000011,67.0,28.0,13.800000000000011,54.80000000000001,11.200000000000003,119.30000000000001,35.2,127.80000000000001,68.20000000000002,70.70000000000002,35.10000000000001,63.80000000000001,47.400000000000006,32.5,35.30000000000001,21.30000000000001,23.200000000000003,23.80000000000001
deep teal color,90.80000000000001,99.0,175.2,117.69999999999999,174.1,66.19999999999999,137.0,102.10000000000002,95.5,48.900000000000006,166.4,138.6,123.60000000000002,22.80000000000001,123.9,0.0,100.10000000000002,102.69999999999999,11.699999999999989,156.8,93.80000000000001,26.400000000000006,103.39999999999998,155.4,174.9,151.8,146.39999999999998,7.300000000000011,89.19999999999999,148.3,97.60000000000002,58.89999999999998,131.7,111.5,54.5,66.39999999999998,161.9,113.80000000000001,126.5,162.3,18.19999999999999,94.6,165.2,125.39999999999998,163.0,161.8,178.8,90.3,178.7,161.3,161.9,128.3,158.7,127.30000000000001,111.60000000000002,162.7,142.6,91.39999999999998,63.30000000000001,74.6,165.9,167.5,148.2,76.19999999999999,172.7,124.60000000000002,105.89999999999998,158.6,45.900000000000006,149.8,83.5,138.5,117.1,169.1,118.7,126.6,135.1,128.9,131.4,94.6,121.7,55.30000000000001,119.6,56.900000000000006,95.9,110.1,69.1,112.7,4.599999999999994,88.7,3.9000000000000057,55.69999999999999,53.19999999999999,88.8,60.099999999999994,76.5,91.4,88.6,102.6,100.7,100.1
rich blue color,9.300000000000011,1.1000000000000227,75.09999999999997,17.599999999999966,85.79999999999995,166.3,36.89999999999998,2.0,164.39999999999998,149.00000000000003,93.5,121.29999999999998,23.5,122.90000000000003,135.99999999999997,100.10000000000002,0.0,2.599999999999966,111.80000000000001,103.09999999999997,6.300000000000011,126.50000000000003,3.2999999999999545,104.49999999999997,74.79999999999995,108.09999999999997,46.299999999999955,107.40000000000003,10.900000000000034,111.59999999999997,2.5,41.200000000000045,128.2,11.399999999999977,154.60000000000002,33.700000000000045,61.799999999999955,13.699999999999989,26.399999999999977,97.59999999999997,81.90000000000003,165.29999999999998,94.69999999999999,25.299999999999955,96.89999999999998,98.09999999999997,81.09999999999997,169.59999999999997,81.19999999999999,98.59999999999997,98.0,28.19999999999999,101.19999999999999,27.19999999999999,11.5,62.599999999999966,117.29999999999998,8.700000000000045,163.40000000000003,174.70000000000002,94.0,67.39999999999998,111.69999999999999,176.3,87.19999999999999,24.5,5.7999999999999545,58.5,146.00000000000003,110.09999999999997,176.39999999999998,121.39999999999998,142.79999999999998,90.79999999999995,141.2,133.29999999999998,124.79999999999998,130.99999999999997,128.49999999999997,165.29999999999998,138.2,155.40000000000003,140.29999999999998,157.00000000000003,163.99999999999997,149.79999999999998,169.20000000000002,147.2,104.70000000000002,171.2,96.20000000000002,155.8,153.3,171.09999999999997,160.20000000000002,176.60000000000002,168.49999999999997,171.29999999999998,157.29999999999998,159.2,159.79999999999998
blue purple color,11.899999999999977,3.6999999999999886,72.5,15.0,83.19999999999999,168.89999999999998,34.30000000000001,0.5999999999999659,161.8,151.6,90.90000000000003,118.70000000000002,20.900000000000034,125.5,133.4,102.69999999999999,2.599999999999966,0.0,114.39999999999998,100.5,8.899999999999977,129.1,0.6999999999999886,101.90000000000003,72.19999999999999,105.5,43.69999999999999,110.0,13.5,109.0,5.099999999999966,43.80000000000001,125.60000000000002,8.800000000000011,157.2,36.30000000000001,59.19999999999999,11.100000000000023,23.80000000000001,95.0,84.5,162.70000000000002,92.10000000000002,22.69999999999999,94.30000000000001,95.5,78.5,167.0,78.60000000000002,96.0,95.40000000000003,25.600000000000023,98.60000000000002,24.600000000000023,8.900000000000034,60.0,114.70000000000002,11.300000000000011,166.0,177.29999999999998,91.40000000000003,64.80000000000001,109.10000000000002,178.89999999999998,84.60000000000002,21.900000000000034,3.1999999999999886,55.900000000000034,148.6,107.5,173.8,118.80000000000001,140.20000000000002,88.19999999999999,138.60000000000002,130.70000000000002,122.20000000000002,128.4,125.9,162.70000000000002,135.60000000000002,158.0,137.70000000000002,159.6,161.4,147.20000000000002,171.79999999999998,144.60000000000002,107.29999999999998,168.60000000000002,98.79999999999998,158.39999999999998,155.89999999999998,168.5,162.79999999999998,179.2,165.9,168.70000000000002,154.70000000000002,156.60000000000002,157.20000000000002
dark turquoise color,102.5,110.69999999999999,173.10000000000002,129.39999999999998,162.4,54.5,148.7,113.80000000000001,83.80000000000001,37.20000000000002,154.70000000000002,126.9,135.3,11.100000000000023,112.20000000000002,11.699999999999989,111.80000000000001,114.39999999999998,0.0,145.10000000000002,105.5,14.700000000000017,115.09999999999997,143.70000000000002,173.4,140.10000000000002,158.09999999999997,4.399999999999977,100.89999999999998,136.60000000000002,109.30000000000001,70.59999999999997,120.00000000000001,123.19999999999999,42.80000000000001,78.09999999999997,173.6,125.5,138.2,150.60000000000002,29.899999999999977,82.9,153.5,137.09999999999997,151.3,150.10000000000002,167.10000000000002,78.60000000000001,167.0,149.60000000000002,150.20000000000002,140.0,147.0,139.0,123.30000000000001,174.39999999999998,130.9,103.09999999999997,51.60000000000002,62.900000000000006,154.20000000000002,179.2,136.5,64.5,161.0,136.3,117.59999999999997,170.29999999999998,34.20000000000002,138.10000000000002,71.80000000000001,126.80000000000001,105.4,157.4,107.00000000000001,114.9,123.4,117.20000000000002,119.70000000000002,82.9,110.00000000000001,43.60000000000002,107.9,45.20000000000002,84.20000000000002,98.4,57.400000000000006,101.00000000000001,7.099999999999994,77.00000000000001,15.599999999999994,44.0,41.5,77.10000000000001,48.400000000000006,64.80000000000001,79.70000000000002,76.9,90.9,89.00000000000001,88.4
auburn color,112.39999999999998,104.19999999999999,28.000000000000004,85.5,17.300000000000004,90.60000000000001,66.19999999999999,101.09999999999997,61.3,107.89999999999999,9.600000000000001,18.200000000000003,79.59999999999997,134.0,32.89999999999999,156.8,103.09999999999997,100.5,145.10000000000002,0.0,109.39999999999998,130.39999999999998,99.80000000000001,1.3999999999999986,28.300000000000004,5.0,56.80000000000001,149.5,114.0,8.5,105.59999999999997,144.3,25.099999999999994,91.69999999999999,102.3,136.8,41.300000000000004,89.39999999999998,76.69999999999999,5.5,175.0,62.2,8.400000000000006,77.80000000000001,6.200000000000003,5.0,22.000000000000004,66.5,21.900000000000002,4.5,5.100000000000001,74.89999999999998,1.9000000000000057,75.89999999999998,91.59999999999997,40.5,14.199999999999996,111.80000000000001,93.49999999999999,82.2,9.100000000000001,35.7,8.599999999999994,80.60000000000001,15.900000000000006,78.59999999999997,97.30000000000001,44.6,110.89999999999999,7.0,73.3,18.299999999999997,39.7,12.300000000000004,38.099999999999994,30.200000000000003,21.700000000000003,27.89999999999999,25.39999999999999,62.2,35.099999999999994,101.49999999999999,37.2,99.89999999999999,60.89999999999999,46.7,87.7,44.099999999999994,152.2,68.1,160.7,101.10000000000001,103.60000000000001,68.0,96.7,80.3,65.39999999999999,68.2,54.2,56.099999999999994,56.7
blue color,3.0,5.199999999999989,81.39999999999998,23.899999999999977,92.09999999999997,160.0,43.19999999999999,8.300000000000011,170.7,142.70000000000002,99.80000000000001,127.6,29.80000000000001,116.60000000000002,142.29999999999998,93.80000000000001,6.300000000000011,8.899999999999977,105.5,109.39999999999998,0.0,120.20000000000002,9.599999999999966,110.79999999999998,81.09999999999997,114.39999999999998,52.599999999999966,101.10000000000002,4.600000000000023,117.89999999999998,3.8000000000000114,34.900000000000034,134.5,17.69999999999999,148.3,27.400000000000034,68.09999999999997,20.0,32.69999999999999,103.89999999999998,75.60000000000002,171.6,101.0,31.599999999999966,103.19999999999999,104.39999999999998,87.39999999999998,175.89999999999998,87.5,104.89999999999998,104.29999999999998,34.5,107.5,33.5,17.80000000000001,68.89999999999998,123.6,2.400000000000034,157.10000000000002,168.4,100.30000000000001,73.69999999999999,118.0,170.0,93.5,30.80000000000001,12.099999999999966,64.80000000000001,139.70000000000002,116.39999999999998,177.3,127.69999999999999,149.1,97.09999999999997,147.5,139.6,131.1,137.29999999999998,134.79999999999998,171.6,144.5,149.10000000000002,146.6,150.70000000000002,170.29999999999998,156.1,162.9,153.5,98.4,177.5,89.9,149.5,147.0,177.39999999999998,153.9,170.3,174.79999999999998,177.6,163.6,165.5,166.1
dark green blue color,117.20000000000002,125.4,158.4,144.1,147.7,39.79999999999998,163.4,128.50000000000003,69.1,22.5,140.0,112.19999999999999,150.00000000000003,3.5999999999999943,97.5,26.400000000000006,126.50000000000003,129.1,14.700000000000017,130.39999999999998,120.20000000000002,0.0,129.79999999999998,129.0,158.7,125.39999999999999,172.79999999999998,19.099999999999994,115.6,121.89999999999999,124.00000000000003,85.29999999999998,105.3,137.9,28.099999999999994,92.79999999999998,171.7,140.20000000000002,152.9,135.89999999999998,44.599999999999994,68.19999999999999,138.8,151.79999999999998,136.6,135.39999999999998,152.4,63.89999999999999,152.29999999999998,134.89999999999998,135.5,154.70000000000002,132.3,153.70000000000002,138.00000000000003,170.9,116.19999999999999,117.79999999999998,36.900000000000006,48.19999999999999,139.5,166.1,121.8,49.79999999999998,146.3,151.00000000000003,132.29999999999998,175.0,19.5,123.39999999999999,57.099999999999994,112.1,90.69999999999999,142.7,92.3,100.19999999999999,108.69999999999999,102.5,105.0,68.19999999999999,95.3,28.900000000000006,93.19999999999999,30.5,69.5,83.69999999999999,42.69999999999999,86.3,21.80000000000001,62.3,30.30000000000001,29.299999999999983,26.799999999999983,62.39999999999999,33.69999999999999,50.099999999999994,65.0,62.19999999999999,76.19999999999999,74.3,73.69999999999999
purplish blue color,12.599999999999966,4.399999999999977,71.80000000000001,14.300000000000011,82.5,169.59999999999997,33.60000000000002,1.2999999999999545,161.10000000000002,152.29999999999998,90.20000000000005,118.00000000000003,20.200000000000045,126.19999999999999,132.70000000000002,103.39999999999998,3.2999999999999545,0.6999999999999886,115.09999999999997,99.80000000000001,9.599999999999966,129.79999999999998,0.0,101.20000000000005,71.5,104.80000000000001,43.0,110.69999999999999,14.199999999999989,108.30000000000001,5.7999999999999545,44.5,124.90000000000003,8.100000000000023,157.89999999999998,37.0,58.5,10.400000000000034,23.100000000000023,94.30000000000001,85.19999999999999,162.00000000000003,91.40000000000003,22.0,93.60000000000002,94.80000000000001,77.80000000000001,166.3,77.90000000000003,95.30000000000001,94.70000000000005,24.900000000000034,97.90000000000003,23.900000000000034,8.200000000000045,59.30000000000001,114.00000000000003,12.0,166.7,177.99999999999997,90.70000000000005,64.10000000000002,108.40000000000003,179.59999999999997,83.90000000000003,21.200000000000045,2.5,55.200000000000045,149.29999999999998,106.80000000000001,173.10000000000002,118.10000000000002,139.50000000000003,87.5,137.90000000000003,130.00000000000003,121.50000000000003,127.70000000000002,125.20000000000002,162.00000000000003,134.90000000000003,158.7,137.00000000000003,160.29999999999998,160.70000000000002,146.50000000000003,172.49999999999997,143.90000000000003,107.99999999999997,167.90000000000003,99.49999999999997,159.09999999999997,156.59999999999997,167.8,163.49999999999997,179.89999999999998,165.20000000000002,168.00000000000003,154.00000000000003,155.90000000000003,156.50000000000003
russet color,113.79999999999998,105.6,29.400000000000002,86.90000000000003,18.700000000000003,89.20000000000002,67.60000000000002,102.5,59.9,106.5,11.0,16.800000000000004,81.0,132.6,31.499999999999993,155.4,104.49999999999997,101.90000000000003,143.70000000000002,1.3999999999999986,110.79999999999998,129.0,101.20000000000005,0.0,29.700000000000003,3.6000000000000014,58.200000000000045,148.1,115.4,7.100000000000001,106.99999999999997,145.70000000000002,23.699999999999996,93.10000000000002,100.9,138.20000000000002,42.7,90.80000000000001,78.10000000000002,6.899999999999999,173.6,60.800000000000004,9.800000000000004,79.20000000000005,7.600000000000001,6.399999999999999,23.400000000000002,65.1,23.3,5.899999999999999,6.5,76.30000000000001,3.3000000000000043,77.30000000000001,93.0,41.9,12.799999999999997,113.20000000000002,92.1,80.80000000000001,10.5,37.1,7.199999999999996,79.20000000000002,17.300000000000004,80.0,98.70000000000005,46.0,109.5,5.600000000000001,71.9,16.9,38.300000000000004,13.700000000000003,36.699999999999996,28.800000000000004,20.300000000000004,26.499999999999993,23.999999999999993,60.800000000000004,33.699999999999996,100.1,35.800000000000004,98.5,59.49999999999999,45.300000000000004,86.30000000000001,42.699999999999996,150.8,66.69999999999999,159.3,99.70000000000002,102.20000000000002,66.6,95.30000000000001,78.9,63.99999999999999,66.80000000000001,52.800000000000004,54.699999999999996,55.300000000000004
rose red color,84.09999999999997,75.89999999999998,0.3000000000000007,57.19999999999999,11.0,118.9,37.89999999999998,72.79999999999995,89.6,136.2,18.700000000000003,46.50000000000001,51.299999999999955,162.29999999999998,61.199999999999996,174.9,74.79999999999995,72.19999999999999,173.4,28.300000000000004,81.09999999999997,158.7,71.5,29.700000000000003,0.0,33.300000000000004,28.5,177.79999999999998,85.69999999999999,36.800000000000004,77.29999999999995,116.00000000000003,53.4,63.39999999999998,130.6,108.50000000000003,12.999999999999998,61.099999999999966,48.39999999999998,22.800000000000004,156.70000000000002,90.5,19.9,49.5,22.1,23.300000000000004,6.300000000000001,94.80000000000001,6.400000000000002,23.800000000000004,23.200000000000003,46.599999999999966,26.4,47.599999999999966,63.299999999999955,12.2,42.5,83.5,121.79999999999998,110.5,19.200000000000003,7.399999999999999,36.9,108.9,12.399999999999999,50.299999999999955,69.0,16.299999999999997,139.2,35.300000000000004,101.6,46.6,68.0,16.0,66.4,58.50000000000001,50.00000000000001,56.199999999999996,53.699999999999996,90.5,63.4,129.79999999999998,65.5,128.2,89.19999999999999,75.0,116.0,72.4,179.5,96.4,171.0,129.4,131.9,96.30000000000001,125.0,108.6,93.69999999999999,96.5,82.5,84.4,85.0
burnt umber color,117.39999999999998,109.19999999999999,33.0,90.5,22.300000000000004,85.60000000000001,71.19999999999999,106.09999999999997,56.3,102.89999999999999,14.600000000000001,13.200000000000003,84.59999999999997,129.0,27.89999999999999,151.8,108.09999999999997,105.5,140.10000000000002,5.0,114.39999999999998,125.39999999999999,104.80000000000001,3.6000000000000014,33.300000000000004,0.0,61.80000000000001,144.5,119.0,3.5,110.59999999999997,149.3,20.099999999999994,96.69999999999999,97.3,141.8,46.300000000000004,94.39999999999998,81.69999999999999,10.5,170.0,57.2,13.400000000000006,82.80000000000001,11.200000000000003,10.0,27.000000000000004,61.5,26.900000000000002,9.5,10.100000000000001,79.89999999999998,6.900000000000006,80.89999999999998,96.59999999999997,45.5,9.199999999999996,116.80000000000001,88.49999999999999,77.2,14.100000000000001,40.7,3.5999999999999943,75.60000000000001,20.900000000000006,83.59999999999997,102.30000000000001,49.6,105.89999999999999,2.0,68.3,13.299999999999997,34.7,17.300000000000004,33.099999999999994,25.200000000000003,16.700000000000003,22.89999999999999,20.39999999999999,57.2,30.099999999999994,96.49999999999999,32.2,94.89999999999999,55.89999999999999,41.7,82.7,39.099999999999994,147.2,63.099999999999994,155.7,96.10000000000001,98.60000000000001,63.0,91.7,75.3,60.39999999999999,63.2,49.2,51.099999999999994,51.7
magenta color,55.599999999999966,47.39999999999998,28.80000000000001,28.69999999999999,39.5,147.40000000000003,9.399999999999977,44.299999999999955,118.10000000000002,164.70000000000002,47.200000000000045,75.0,22.799999999999955,169.2,89.70000000000005,146.39999999999998,46.299999999999955,43.69999999999999,158.09999999999997,56.80000000000001,52.599999999999966,172.79999999999998,43.0,58.200000000000045,28.5,61.80000000000001,0.0,153.7,57.19999999999999,65.30000000000001,48.799999999999955,87.5,81.90000000000003,34.89999999999998,159.10000000000002,80.0,15.5,32.599999999999966,19.899999999999977,51.30000000000001,128.2,119.00000000000003,48.400000000000034,21.0,50.60000000000002,51.80000000000001,34.80000000000001,123.30000000000001,34.900000000000034,52.30000000000001,51.700000000000045,18.099999999999966,54.900000000000034,19.099999999999966,34.799999999999955,16.30000000000001,71.0,55.0,150.3,139.00000000000003,47.700000000000045,21.100000000000023,65.40000000000003,137.40000000000003,40.900000000000034,21.799999999999955,40.5,12.200000000000045,167.70000000000002,63.80000000000001,130.10000000000002,75.10000000000002,96.5,44.5,94.90000000000003,87.0,78.5,84.70000000000005,82.20000000000005,119.00000000000003,91.90000000000003,158.3,94.0,156.70000000000002,117.70000000000002,103.5,144.50000000000003,100.90000000000003,150.99999999999997,124.90000000000003,142.49999999999997,157.90000000000003,160.40000000000003,124.80000000000001,153.50000000000003,137.10000000000002,122.20000000000002,125.00000000000003,111.00000000000003,112.90000000000003,113.50000000000003
deep turquoise color,98.10000000000002,106.30000000000001,177.5,125.0,166.79999999999998,58.89999999999998,144.3,109.40000000000003,88.19999999999999,41.599999999999994,159.1,131.29999999999998,130.90000000000003,15.5,116.6,7.300000000000011,107.40000000000003,110.0,4.399999999999977,149.5,101.10000000000002,19.099999999999994,110.69999999999999,148.1,177.79999999999998,144.5,153.7,0.0,96.5,141.0,104.90000000000003,66.19999999999999,124.39999999999999,118.80000000000001,47.19999999999999,73.69999999999999,169.20000000000002,121.10000000000002,133.8,155.0,25.5,87.29999999999998,157.89999999999998,132.7,155.7,154.5,171.5,82.99999999999999,171.39999999999998,154.0,154.6,135.60000000000002,151.39999999999998,134.60000000000002,118.90000000000003,170.0,135.29999999999998,98.69999999999999,56.0,67.29999999999998,158.6,174.8,140.89999999999998,68.89999999999998,165.39999999999998,131.90000000000003,113.19999999999999,165.9,38.599999999999994,142.5,76.19999999999999,131.2,109.79999999999998,161.79999999999998,111.39999999999999,119.29999999999998,127.79999999999998,121.6,124.1,87.29999999999998,114.39999999999999,48.0,112.29999999999998,49.599999999999994,88.6,102.79999999999998,61.79999999999998,105.39999999999999,2.700000000000017,81.39999999999999,11.200000000000017,48.39999999999998,45.89999999999998,81.49999999999999,52.79999999999998,69.19999999999999,84.1,81.29999999999998,95.29999999999998,93.39999999999999,92.79999999999998
azul color,1.6000000000000227,9.800000000000011,86.0,28.5,96.69999999999999,155.39999999999998,47.80000000000001,12.900000000000034,175.3,138.1,104.4,132.20000000000002,34.400000000000034,112.0,146.9,89.19999999999999,10.900000000000034,13.5,100.89999999999998,114.0,4.600000000000023,115.6,14.199999999999989,115.4,85.69999999999999,119.0,57.19999999999999,96.5,0.0,122.5,8.400000000000034,30.30000000000001,139.10000000000002,22.30000000000001,143.7,22.80000000000001,72.69999999999999,24.600000000000023,37.30000000000001,108.5,71.0,176.20000000000002,105.60000000000002,36.19999999999999,107.80000000000001,109.0,92.0,179.5,92.10000000000002,109.5,108.9,39.10000000000002,112.10000000000002,38.10000000000002,22.400000000000034,73.5,128.20000000000002,2.1999999999999886,152.5,163.79999999999998,104.9,78.30000000000001,122.60000000000002,165.39999999999998,98.10000000000002,35.400000000000034,16.69999999999999,69.40000000000003,135.1,121.0,172.7,132.3,153.70000000000002,101.69999999999999,152.10000000000002,144.20000000000002,135.70000000000002,141.9,139.4,176.20000000000002,149.10000000000002,144.5,151.20000000000002,146.1,174.9,160.70000000000002,158.29999999999998,158.10000000000002,93.79999999999998,177.89999999999998,85.29999999999998,144.89999999999998,142.39999999999998,178.0,149.29999999999998,165.7,179.4,177.79999999999998,168.20000000000002,170.10000000000002,170.70000000000002
cinnamon color,120.89999999999998,112.69999999999999,36.5,94.0,25.800000000000004,82.10000000000001,74.69999999999999,109.59999999999997,52.8,99.39999999999999,18.1,9.700000000000003,88.09999999999997,125.49999999999999,24.39999999999999,148.3,111.59999999999997,109.0,136.60000000000002,8.5,117.89999999999998,121.89999999999999,108.30000000000001,7.100000000000001,36.800000000000004,3.5,65.30000000000001,141.0,122.5,0.0,114.09999999999997,152.8,16.599999999999994,100.19999999999999,93.8,145.3,49.800000000000004,97.89999999999998,85.19999999999999,14.0,166.5,53.7,16.900000000000006,86.30000000000001,14.700000000000003,13.5,30.500000000000004,58.0,30.400000000000002,13.0,13.600000000000001,83.39999999999998,10.400000000000006,84.39999999999998,100.09999999999997,49.0,5.699999999999996,120.30000000000001,84.99999999999999,73.7,17.6,44.2,0.09999999999999432,72.10000000000001,24.400000000000006,87.09999999999997,105.80000000000001,53.1,102.39999999999999,1.5,64.8,9.799999999999997,31.200000000000003,20.800000000000004,29.599999999999994,21.700000000000003,13.200000000000003,19.39999999999999,16.89999999999999,53.7,26.599999999999994,92.99999999999999,28.700000000000003,91.39999999999999,52.39999999999999,38.2,79.2,35.599999999999994,143.7,59.599999999999994,152.2,92.60000000000001,95.10000000000001,59.5,88.2,71.8,56.89999999999999,59.7,45.7,47.599999999999994,48.2
light indigo color,6.800000000000011,1.3999999999999773,77.59999999999997,20.099999999999966,88.29999999999995,163.8,39.39999999999998,4.5,166.89999999999998,146.50000000000003,96.0,123.79999999999998,26.0,120.40000000000003,138.49999999999997,97.60000000000002,2.5,5.099999999999966,109.30000000000001,105.59999999999997,3.8000000000000114,124.00000000000003,5.7999999999999545,106.99999999999997,77.29999999999995,110.59999999999997,48.799999999999955,104.90000000000003,8.400000000000034,114.09999999999997,0.0,38.700000000000045,130.7,13.899999999999977,152.10000000000002,31.200000000000045,64.29999999999995,16.19999999999999,28.899999999999977,100.09999999999997,79.40000000000003,167.79999999999998,97.19999999999999,27.799999999999955,99.39999999999998,100.59999999999997,83.59999999999997,172.09999999999997,83.69999999999999,101.09999999999997,100.5,30.69999999999999,103.69999999999999,29.69999999999999,14.0,65.09999999999997,119.79999999999998,6.2000000000000455,160.90000000000003,172.20000000000002,96.5,69.89999999999998,114.19999999999999,173.8,89.69999999999999,27.0,8.299999999999955,61.0,143.50000000000003,112.59999999999997,178.89999999999998,123.89999999999998,145.29999999999998,93.29999999999995,143.7,135.79999999999998,127.29999999999998,133.49999999999997,130.99999999999997,167.79999999999998,140.7,152.90000000000003,142.79999999999998,154.50000000000003,166.49999999999997,152.29999999999998,166.70000000000002,149.7,102.20000000000002,173.7,93.70000000000002,153.3,150.8,173.59999999999997,157.70000000000002,174.10000000000002,170.99999999999997,173.79999999999998,159.79999999999998,161.7,162.29999999999998
muted blue color,31.900000000000034,40.10000000000002,116.30000000000001,58.80000000000001,127.00000000000003,125.09999999999997,78.10000000000002,43.200000000000045,154.39999999999998,107.79999999999998,134.70000000000002,162.50000000000003,64.70000000000005,81.69999999999999,177.20000000000002,58.89999999999998,41.200000000000045,43.80000000000001,70.59999999999997,144.3,34.900000000000034,85.29999999999998,44.5,145.70000000000002,116.00000000000003,149.3,87.5,66.19999999999999,30.30000000000001,152.8,38.700000000000045,0.0,169.40000000000003,52.60000000000002,113.39999999999998,7.5,103.0,54.900000000000034,67.60000000000002,138.8,40.69999999999999,153.49999999999997,135.90000000000003,66.5,138.10000000000002,139.3,122.30000000000001,149.2,122.40000000000003,139.8,139.20000000000002,69.40000000000003,142.40000000000003,68.40000000000003,52.700000000000045,103.80000000000001,158.50000000000003,32.5,122.19999999999999,133.49999999999997,135.20000000000002,108.60000000000002,152.90000000000003,135.09999999999997,128.40000000000003,65.70000000000005,47.0,99.70000000000005,104.79999999999998,151.3,142.39999999999998,162.60000000000002,175.99999999999997,132.00000000000003,177.59999999999997,174.50000000000003,166.00000000000003,172.20000000000002,169.70000000000002,153.49999999999997,179.40000000000003,114.19999999999999,178.49999999999997,115.79999999999998,154.79999999999998,168.99999999999997,127.99999999999997,171.59999999999997,63.49999999999997,147.59999999999997,54.99999999999997,114.59999999999997,112.09999999999997,147.7,118.99999999999997,135.39999999999998,150.29999999999998,147.49999999999997,161.49999999999997,159.59999999999997,158.99999999999997
raw sienna color,137.5,129.3,53.099999999999994,110.60000000000002,42.4,65.50000000000001,91.30000000000001,126.19999999999999,36.2,82.8,34.699999999999996,6.8999999999999915,104.69999999999999,108.89999999999999,7.799999999999997,131.7,128.2,125.60000000000002,120.00000000000001,25.099999999999994,134.5,105.3,124.90000000000003,23.699999999999996,53.4,20.099999999999994,81.90000000000003,124.39999999999999,139.10000000000002,16.599999999999994,130.7,169.40000000000003,0.0,116.80000000000001,77.2,161.90000000000003,66.39999999999999,114.5,101.80000000000001,30.599999999999994,149.89999999999998,37.10000000000001,33.5,102.90000000000003,31.299999999999997,30.099999999999994,47.099999999999994,41.400000000000006,47.0,29.599999999999994,30.199999999999996,100.0,27.0,101.0,116.69999999999999,65.6,10.899999999999999,136.90000000000003,68.39999999999999,57.10000000000001,34.199999999999996,60.8,16.5,55.500000000000014,41.0,103.69999999999999,122.40000000000003,69.7,85.8,18.099999999999994,48.2,6.799999999999997,14.600000000000009,37.4,13.0,5.1000000000000085,3.3999999999999915,2.799999999999997,0.29999999999999716,37.10000000000001,10.0,76.39999999999999,12.100000000000009,74.8,35.8,21.60000000000001,62.60000000000001,19.0,127.10000000000001,43.0,135.60000000000002,76.00000000000001,78.50000000000001,42.900000000000006,71.60000000000001,55.2,40.3,43.10000000000001,29.10000000000001,31.0,31.60000000000001
bright violet color,20.69999999999999,12.5,63.69999999999999,6.199999999999989,74.39999999999998,177.7,25.5,9.399999999999977,153.0,160.4,82.10000000000002,109.9,12.100000000000023,134.3,124.6,111.5,11.399999999999977,8.800000000000011,123.19999999999999,91.69999999999999,17.69999999999999,137.9,8.100000000000023,93.10000000000002,63.39999999999998,96.69999999999999,34.89999999999998,118.80000000000001,22.30000000000001,100.19999999999999,13.899999999999977,52.60000000000002,116.80000000000001,0.0,166.0,45.10000000000002,50.39999999999998,2.3000000000000114,15.0,86.19999999999999,93.30000000000001,153.9,83.30000000000001,13.899999999999977,85.5,86.69999999999999,69.69999999999999,158.2,69.80000000000001,87.19999999999999,86.60000000000002,16.80000000000001,89.80000000000001,15.800000000000011,0.10000000000002274,51.19999999999999,105.9,20.100000000000023,174.8,173.9,82.60000000000002,56.0,100.30000000000001,172.3,75.80000000000001,13.100000000000023,5.600000000000023,47.10000000000002,157.4,98.69999999999999,165.0,110.0,131.4,79.39999999999998,129.8,121.9,113.4,119.6,117.1,153.9,126.80000000000001,166.8,128.9,168.4,152.6,138.4,179.4,135.8,116.1,159.8,107.6,167.2,164.7,159.7,171.6,172.0,157.1,159.9,145.9,147.8,148.4
jungle green color,145.3,153.5,130.3,172.2,119.6,11.699999999999989,168.5,156.60000000000002,41.0,5.599999999999994,111.9,84.1,178.10000000000002,31.69999999999999,69.4,54.5,154.60000000000002,157.2,42.80000000000001,102.3,148.3,28.099999999999994,157.89999999999998,100.9,130.6,97.3,159.10000000000002,47.19999999999999,143.7,93.8,152.10000000000002,113.39999999999998,77.2,166.0,0.0,120.89999999999998,143.6,168.3,179.0,107.8,72.69999999999999,40.099999999999994,110.7,179.89999999999998,108.5,107.3,124.3,35.8,124.2,106.8,107.4,177.2,104.2,178.2,166.10000000000002,142.8,88.1,145.89999999999998,8.800000000000011,20.099999999999994,111.4,138.0,93.7,21.69999999999999,118.2,179.10000000000002,160.39999999999998,146.9,8.599999999999994,95.3,29.0,84.0,62.599999999999994,114.6,64.2,72.1,80.6,74.4,76.9,40.099999999999994,67.2,0.8000000000000114,65.1,2.4000000000000057,41.400000000000006,55.599999999999994,14.599999999999994,58.2,49.900000000000006,34.2,58.400000000000006,1.1999999999999886,1.3000000000000114,34.3,5.599999999999994,22.0,36.900000000000006,34.099999999999994,48.099999999999994,46.2,45.599999999999994
bluish color,24.400000000000034,32.60000000000002,108.80000000000001,51.30000000000001,119.50000000000003,132.59999999999997,70.60000000000002,35.700000000000045,161.89999999999998,115.29999999999998,127.20000000000002,155.00000000000003,57.200000000000045,89.19999999999999,169.70000000000002,66.39999999999998,33.700000000000045,36.30000000000001,78.09999999999997,136.8,27.400000000000034,92.79999999999998,37.0,138.20000000000002,108.50000000000003,141.8,80.0,73.69999999999999,22.80000000000001,145.3,31.200000000000045,7.5,161.90000000000003,45.10000000000002,120.89999999999998,0.0,95.5,47.400000000000034,60.10000000000002,131.3,48.19999999999999,160.99999999999997,128.40000000000003,59.0,130.60000000000002,131.8,114.80000000000001,156.7,114.90000000000003,132.3,131.70000000000002,61.900000000000034,134.90000000000003,60.900000000000034,45.200000000000045,96.30000000000001,151.00000000000003,25.0,129.7,140.99999999999997,127.70000000000002,101.10000000000002,145.40000000000003,142.59999999999997,120.90000000000003,58.200000000000045,39.5,92.20000000000005,112.29999999999998,143.8,149.89999999999998,155.10000000000002,176.50000000000003,124.50000000000003,174.90000000000003,167.00000000000003,158.50000000000003,164.70000000000002,162.20000000000002,160.99999999999997,171.90000000000003,121.69999999999999,174.00000000000003,123.29999999999998,162.29999999999998,176.49999999999997,135.49999999999997,179.09999999999997,70.99999999999997,155.09999999999997,62.49999999999997,122.09999999999997,119.59999999999997,155.2,126.49999999999997,142.89999999999998,157.79999999999998,154.99999999999997,168.99999999999997,167.09999999999997,166.49999999999997
dark pink color,71.09999999999997,62.89999999999998,13.299999999999999,44.19999999999999,24.0,131.9,24.899999999999977,59.799999999999955,102.6,149.2,31.700000000000003,59.50000000000001,38.299999999999955,175.29999999999998,74.19999999999999,161.9,61.799999999999955,59.19999999999999,173.6,41.300000000000004,68.09999999999997,171.7,58.5,42.7,12.999999999999998,46.300000000000004,15.5,169.20000000000002,72.69999999999999,49.800000000000004,64.29999999999995,103.0,66.39999999999999,50.39999999999998,143.6,95.5,0.0,48.099999999999966,35.39999999999998,35.800000000000004,143.70000000000002,103.5,32.9,36.5,35.1,36.300000000000004,19.299999999999997,107.8,19.4,36.800000000000004,36.2,33.599999999999966,39.4,34.599999999999966,50.299999999999955,0.7999999999999998,55.5,70.5,134.79999999999998,123.5,32.2,5.6,49.9,121.9,25.4,37.299999999999955,56.0,3.3000000000000003,152.2,48.300000000000004,114.6,59.6,81.0,29.0,79.39999999999999,71.5,63.00000000000001,69.19999999999999,66.69999999999999,103.5,76.39999999999999,142.79999999999998,78.5,141.2,102.19999999999999,88.0,129.0,85.39999999999999,166.5,109.39999999999999,158.0,142.4,144.9,109.3,138.0,121.6,106.69999999999999,109.5,95.5,97.39999999999999,98.0
bright purple color,23.0,14.800000000000011,61.39999999999998,3.8999999999999773,72.09999999999997,180.0,23.19999999999999,11.699999999999989,150.7,162.70000000000002,79.80000000000001,107.6,9.800000000000011,136.60000000000002,122.29999999999998,113.80000000000001,13.699999999999989,11.100000000000023,125.5,89.39999999999998,20.0,140.20000000000002,10.400000000000034,90.80000000000001,61.099999999999966,94.39999999999998,32.599999999999966,121.10000000000002,24.600000000000023,97.89999999999998,16.19999999999999,54.900000000000034,114.5,2.3000000000000114,168.3,47.400000000000034,48.099999999999966,0.0,12.699999999999989,83.89999999999998,95.60000000000002,151.6,81.0,11.599999999999966,83.19999999999999,84.39999999999998,67.39999999999998,155.89999999999998,67.5,84.89999999999998,84.30000000000001,14.5,87.5,13.5,2.1999999999999886,48.89999999999998,103.59999999999997,22.400000000000034,177.10000000000002,171.6,80.30000000000001,53.69999999999999,98.0,170.0,73.5,10.800000000000011,7.900000000000034,44.80000000000001,159.70000000000002,96.39999999999998,162.7,107.69999999999999,129.1,77.09999999999997,127.5,119.6,111.1,117.29999999999998,114.79999999999998,151.6,124.5,169.10000000000002,126.6,170.70000000000002,150.29999999999998,136.1,177.1,133.5,118.4,157.5,109.9,169.5,167.0,157.39999999999998,173.9,169.7,154.79999999999998,157.6,143.6,145.5,146.1
purpley pink color,35.69999999999999,27.5,48.69999999999999,8.800000000000011,59.39999999999998,167.3,10.5,24.399999999999977,138.0,175.4,67.10000000000002,94.89999999999998,2.8999999999999773,149.3,109.6,126.5,26.399999999999977,23.80000000000001,138.2,76.69999999999999,32.69999999999999,152.9,23.100000000000023,78.10000000000002,48.39999999999998,81.69999999999999,19.899999999999977,133.8,37.30000000000001,85.19999999999999,28.899999999999977,67.60000000000002,101.80000000000001,15.0,179.0,60.10000000000002,35.39999999999998,12.699999999999989,0.0,71.19999999999999,108.30000000000001,138.9,68.30000000000001,1.1000000000000227,70.5,71.69999999999999,54.69999999999999,143.2,54.80000000000001,72.19999999999999,71.60000000000002,1.8000000000000114,74.80000000000001,0.8000000000000114,14.899999999999977,36.19999999999999,90.89999999999998,35.10000000000002,170.2,158.9,67.60000000000002,41.0,85.30000000000001,157.3,60.80000000000001,1.8999999999999773,20.600000000000023,32.10000000000002,172.4,83.69999999999999,150.0,95.0,116.4,64.39999999999998,114.80000000000001,106.9,98.39999999999998,104.6,102.10000000000002,138.9,111.80000000000001,178.2,113.9,176.6,137.6,123.4,164.4,120.80000000000001,131.1,144.8,122.6,177.8,179.7,144.7,173.4,157.0,142.1,144.9,130.9,132.8,133.4
tomato red color,106.89999999999998,98.69999999999999,22.500000000000004,80.0,11.800000000000004,96.10000000000001,60.69999999999999,95.59999999999997,66.8,113.39999999999999,4.100000000000001,23.700000000000003,74.09999999999997,139.5,38.39999999999999,162.3,97.59999999999997,95.0,150.60000000000002,5.5,103.89999999999998,135.89999999999998,94.30000000000001,6.899999999999999,22.800000000000004,10.5,51.30000000000001,155.0,108.5,14.0,100.09999999999997,138.8,30.599999999999994,86.19999999999999,107.8,131.3,35.800000000000004,83.89999999999998,71.19999999999999,0.0,179.5,67.7,2.9000000000000057,72.30000000000001,0.7000000000000028,0.5,16.500000000000004,72.0,16.400000000000002,1.0,0.3999999999999986,69.39999999999998,3.5999999999999943,70.39999999999998,86.09999999999997,35.0,19.699999999999996,106.30000000000001,98.99999999999999,87.7,3.6000000000000014,30.200000000000003,14.099999999999994,86.10000000000001,10.400000000000006,73.09999999999997,91.80000000000001,39.1,116.39999999999999,12.5,78.8,23.799999999999997,45.2,6.800000000000004,43.599999999999994,35.7,27.200000000000003,33.39999999999999,30.89999999999999,67.7,40.599999999999994,106.99999999999999,42.7,105.39999999999999,66.39999999999999,52.2,93.2,49.599999999999994,157.7,73.6,166.2,106.60000000000001,109.10000000000001,73.5,102.2,85.8,70.89999999999999,73.7,59.7,61.599999999999994,62.2
teal blue color,72.60000000000002,80.80000000000001,157.0,99.5,167.70000000000002,84.39999999999998,118.80000000000001,83.90000000000003,113.69999999999999,67.1,175.4,156.79999999999998,105.40000000000003,41.0,142.1,18.19999999999999,81.90000000000003,84.5,29.899999999999977,175.0,75.60000000000002,44.599999999999994,85.19999999999999,173.6,156.70000000000002,170.0,128.2,25.5,71.0,166.5,79.40000000000003,40.69999999999999,149.89999999999998,93.30000000000001,72.69999999999999,48.19999999999999,143.70000000000002,95.60000000000002,108.30000000000001,179.5,0.0,112.79999999999998,176.60000000000002,107.19999999999999,178.8,180.0,163.0,108.49999999999999,163.10000000000002,179.5,179.9,110.10000000000002,176.89999999999998,109.10000000000002,93.40000000000003,144.5,160.79999999999998,73.19999999999999,81.5,92.79999999999998,175.9,149.3,166.39999999999998,94.39999999999998,169.10000000000002,106.40000000000003,87.69999999999999,140.4,64.1,168.0,101.69999999999999,156.7,135.29999999999998,172.70000000000002,136.89999999999998,144.79999999999998,153.29999999999998,147.1,149.6,112.79999999999998,139.89999999999998,73.5,137.79999999999998,75.1,114.1,128.29999999999998,87.29999999999998,130.89999999999998,22.799999999999983,106.89999999999999,14.299999999999983,73.89999999999998,71.39999999999998,106.99999999999999,78.29999999999998,94.69999999999999,109.6,106.79999999999998,120.79999999999998,118.89999999999999,118.29999999999998
swamp green color,174.6,166.4,90.2,147.70000000000002,79.5,28.400000000000006,128.4,163.29999999999998,0.9000000000000057,45.69999999999999,71.80000000000001,44.0,141.79999999999998,71.79999999999998,29.30000000000001,94.6,165.29999999999998,162.70000000000002,82.9,62.2,171.6,68.19999999999999,162.00000000000003,60.800000000000004,90.5,57.2,119.00000000000003,87.29999999999998,176.20000000000002,53.7,167.79999999999998,153.49999999999997,37.10000000000001,153.9,40.099999999999994,160.99999999999997,103.5,151.6,138.9,67.7,112.79999999999998,0.0,70.60000000000001,140.00000000000003,68.4,67.2,84.2,4.299999999999997,84.10000000000001,66.7,67.30000000000001,137.1,64.10000000000001,138.1,153.79999999999998,102.7,48.00000000000001,174.00000000000003,31.299999999999983,20.0,71.30000000000001,97.9,53.60000000000001,18.400000000000006,78.10000000000001,140.79999999999998,159.50000000000003,106.80000000000001,48.69999999999999,55.2,11.099999999999994,43.900000000000006,22.5,74.5,24.10000000000001,32.0,40.5,34.30000000000001,36.80000000000001,0.0,27.10000000000001,39.29999999999998,25.0,37.69999999999999,1.3000000000000114,15.5,25.5,18.10000000000001,90.0,5.8999999999999915,98.5,38.900000000000006,41.400000000000006,5.799999999999997,34.5,18.099999999999994,3.1999999999999886,6.0,8.0,6.1000000000000085,5.5
fire engine red color,104.0,95.80000000000001,19.599999999999998,77.10000000000002,8.899999999999999,99.00000000000001,57.80000000000001,92.69999999999999,69.7,116.3,1.1999999999999957,26.60000000000001,71.19999999999999,142.39999999999998,41.3,165.2,94.69999999999999,92.10000000000002,153.5,8.400000000000006,101.0,138.8,91.40000000000003,9.800000000000004,19.9,13.400000000000006,48.400000000000034,157.89999999999998,105.60000000000002,16.900000000000006,97.19999999999999,135.90000000000003,33.5,83.30000000000001,110.7,128.40000000000003,32.9,81.0,68.30000000000001,2.9000000000000057,176.60000000000002,70.60000000000001,0.0,69.40000000000003,2.200000000000003,3.4000000000000057,13.599999999999998,74.9,13.499999999999996,3.9000000000000057,3.3000000000000043,66.5,6.5,67.5,83.19999999999999,32.099999999999994,22.6,103.40000000000003,101.89999999999999,90.60000000000001,0.6999999999999957,27.299999999999997,17.0,89.00000000000001,7.5,70.19999999999999,88.90000000000003,36.199999999999996,119.3,15.400000000000006,81.7,26.700000000000003,48.10000000000001,3.8999999999999986,46.5,38.60000000000001,30.10000000000001,36.3,33.8,70.60000000000001,43.5,109.89999999999999,45.60000000000001,108.3,69.3,55.10000000000001,96.10000000000001,52.5,160.60000000000002,76.5,169.10000000000002,109.50000000000001,112.00000000000001,76.4,105.10000000000001,88.7,73.8,76.60000000000001,62.60000000000001,64.5,65.10000000000001
pinky purple color,34.599999999999966,26.399999999999977,49.80000000000001,7.699999999999989,60.5,168.40000000000003,11.600000000000023,23.299999999999955,139.10000000000002,174.29999999999998,68.20000000000005,96.0,1.7999999999999545,148.2,110.70000000000002,125.39999999999998,25.299999999999955,22.69999999999999,137.09999999999997,77.80000000000001,31.599999999999966,151.79999999999998,22.0,79.20000000000005,49.5,82.80000000000001,21.0,132.7,36.19999999999999,86.30000000000001,27.799999999999955,66.5,102.90000000000003,13.899999999999977,179.89999999999998,59.0,36.5,11.599999999999966,1.1000000000000227,72.30000000000001,107.19999999999999,140.00000000000003,69.40000000000003,0.0,71.60000000000002,72.80000000000001,55.80000000000001,144.3,55.900000000000034,73.30000000000001,72.70000000000005,2.900000000000034,75.90000000000003,1.900000000000034,13.799999999999955,37.30000000000001,92.0,34.0,171.3,160.00000000000003,68.70000000000005,42.10000000000002,86.40000000000003,158.40000000000003,61.900000000000034,0.7999999999999545,19.5,33.200000000000045,171.29999999999998,84.80000000000001,151.10000000000002,96.10000000000002,117.50000000000003,65.5,115.90000000000003,108.00000000000003,99.5,105.70000000000002,103.20000000000005,140.00000000000003,112.90000000000003,179.3,115.00000000000003,177.70000000000002,138.70000000000002,124.50000000000003,165.50000000000003,121.90000000000003,129.99999999999997,145.90000000000003,121.49999999999997,178.90000000000003,178.59999999999997,145.8,174.50000000000003,158.10000000000002,143.20000000000002,146.00000000000003,132.00000000000003,133.90000000000003,134.50000000000003
vermillion color,106.19999999999999,98.0,21.8,79.30000000000001,11.100000000000001,96.80000000000001,60.0,94.89999999999998,67.5,114.1,3.3999999999999986,24.400000000000006,73.39999999999998,140.2,39.099999999999994,163.0,96.89999999999998,94.30000000000001,151.3,6.200000000000003,103.19999999999999,136.6,93.60000000000002,7.600000000000001,22.1,11.200000000000003,50.60000000000002,155.7,107.80000000000001,14.700000000000003,99.39999999999998,138.10000000000002,31.299999999999997,85.5,108.5,130.60000000000002,35.1,83.19999999999999,70.5,0.7000000000000028,178.8,68.4,2.200000000000003,71.60000000000002,0.0,1.2000000000000028,15.8,72.7,15.7,1.7000000000000028,1.1000000000000014,68.69999999999999,4.299999999999997,69.69999999999999,85.39999999999998,34.3,20.4,105.60000000000002,99.69999999999999,88.4,2.8999999999999986,29.5,14.799999999999997,86.80000000000001,9.700000000000003,72.39999999999998,91.10000000000002,38.4,117.1,13.200000000000003,79.5,24.5,45.900000000000006,6.100000000000001,44.3,36.400000000000006,27.900000000000006,34.099999999999994,31.599999999999994,68.4,41.3,107.69999999999999,43.400000000000006,106.1,67.1,52.900000000000006,93.9,50.3,158.4,74.3,166.9,107.30000000000001,109.80000000000001,74.2,102.9,86.5,71.6,74.4,60.400000000000006,62.3,62.900000000000006
orangish red color,107.39999999999998,99.19999999999999,23.000000000000004,80.5,12.300000000000004,95.60000000000001,61.19999999999999,96.09999999999997,66.3,112.89999999999999,4.600000000000001,23.200000000000003,74.59999999999997,139.0,37.89999999999999,161.8,98.09999999999997,95.5,150.10000000000002,5.0,104.39999999999998,135.39999999999998,94.80000000000001,6.399999999999999,23.300000000000004,10.0,51.80000000000001,154.5,109.0,13.5,100.59999999999997,139.3,30.099999999999994,86.69999999999999,107.3,131.8,36.300000000000004,84.39999999999998,71.69999999999999,0.5,180.0,67.2,3.4000000000000057,72.80000000000001,1.2000000000000028,0.0,17.000000000000004,71.5,16.900000000000002,0.5,0.10000000000000142,69.89999999999998,3.0999999999999943,70.89999999999998,86.59999999999997,35.5,19.199999999999996,106.80000000000001,98.49999999999999,87.2,4.100000000000001,30.700000000000003,13.599999999999994,85.60000000000001,10.900000000000006,73.59999999999997,92.30000000000001,39.6,115.89999999999999,12.0,78.3,23.299999999999997,44.7,7.300000000000004,43.099999999999994,35.2,26.700000000000003,32.89999999999999,30.39999999999999,67.2,40.099999999999994,106.49999999999999,42.2,104.89999999999999,65.89999999999999,51.7,92.7,49.099999999999994,157.2,73.1,165.7,106.10000000000001,108.60000000000001,73.0,101.7,85.3,70.39999999999999,73.2,59.2,61.099999999999994,61.7
pinky red color,90.39999999999998,82.19999999999999,6.0,63.5,4.699999999999999,112.60000000000001,44.19999999999999,79.09999999999997,83.3,129.9,12.400000000000002,40.2,57.599999999999966,156.0,54.89999999999999,178.8,81.09999999999997,78.5,167.10000000000002,22.000000000000004,87.39999999999998,152.4,77.80000000000001,23.400000000000002,6.300000000000001,27.000000000000004,34.80000000000001,171.5,92.0,30.500000000000004,83.59999999999997,122.30000000000001,47.099999999999994,69.69999999999999,124.3,114.80000000000001,19.299999999999997,67.39999999999998,54.69999999999999,16.500000000000004,163.0,84.2,13.599999999999998,55.80000000000001,15.8,17.000000000000004,0.0,88.5,0.10000000000000142,17.500000000000004,16.900000000000002,52.89999999999998,20.099999999999998,53.89999999999998,69.59999999999997,18.5,36.2,89.80000000000001,115.49999999999999,104.2,12.900000000000002,13.7,30.599999999999998,102.60000000000001,6.099999999999998,56.599999999999966,75.30000000000001,22.599999999999998,132.9,29.000000000000004,95.3,40.3,61.7,9.7,60.099999999999994,52.2,43.7,49.89999999999999,47.39999999999999,84.2,57.099999999999994,123.49999999999999,59.2,121.89999999999999,82.89999999999999,68.7,109.7,66.1,174.20000000000002,90.1,177.29999999999998,123.10000000000001,125.60000000000001,90.0,118.7,102.3,87.39999999999999,90.2,76.2,78.1,78.7
dark yellow green color,178.89999999999998,170.7,94.5,152.0,83.80000000000001,24.10000000000001,132.7,167.59999999999997,5.200000000000003,41.39999999999999,76.1,48.3,146.09999999999997,67.49999999999999,33.60000000000001,90.3,169.59999999999997,167.0,78.60000000000001,66.5,175.89999999999998,63.89999999999999,166.3,65.1,94.80000000000001,61.5,123.30000000000001,82.99999999999999,179.5,58.0,172.09999999999997,149.2,41.400000000000006,158.2,35.8,156.7,107.8,155.89999999999998,143.2,72.0,108.49999999999999,4.299999999999997,74.9,144.3,72.7,71.5,88.5,0.0,88.4,71.0,71.6,141.39999999999998,68.4,142.39999999999998,158.09999999999997,107.0,52.300000000000004,178.3,26.999999999999986,15.700000000000003,75.6,102.2,57.900000000000006,14.100000000000009,82.4,145.09999999999997,163.8,111.10000000000001,44.39999999999999,59.5,6.799999999999997,48.2,26.799999999999997,78.80000000000001,28.400000000000006,36.3,44.8,38.60000000000001,41.10000000000001,4.299999999999997,31.400000000000006,34.999999999999986,29.299999999999997,33.39999999999999,5.6000000000000085,19.799999999999997,21.200000000000003,22.400000000000006,85.7,1.5999999999999943,94.2,34.60000000000001,37.10000000000001,1.5,30.200000000000003,13.799999999999997,1.1000000000000085,1.7000000000000028,12.299999999999997,10.400000000000006,9.799999999999997
lightish red color,90.5,82.30000000000001,6.100000000000001,63.60000000000002,4.599999999999998,112.50000000000001,44.30000000000001,79.19999999999999,83.2,129.79999999999998,12.3,40.10000000000001,57.69999999999999,155.89999999999998,54.8,178.7,81.19999999999999,78.60000000000002,167.0,21.900000000000002,87.5,152.29999999999998,77.90000000000003,23.3,6.400000000000002,26.900000000000002,34.900000000000034,171.39999999999998,92.10000000000002,30.400000000000002,83.69999999999999,122.40000000000003,47.0,69.80000000000001,124.2,114.90000000000003,19.4,67.5,54.80000000000001,16.400000000000002,163.10000000000002,84.10000000000001,13.499999999999996,55.900000000000034,15.7,16.900000000000002,0.10000000000000142,88.4,0.0,17.400000000000002,16.8,53.0,19.999999999999996,54.0,69.69999999999999,18.6,36.099999999999994,89.90000000000003,115.39999999999999,104.10000000000001,12.8,13.8,30.499999999999996,102.50000000000001,5.9999999999999964,56.69999999999999,75.40000000000003,22.7,132.79999999999998,28.900000000000002,95.2,40.2,61.60000000000001,9.599999999999998,60.0,52.10000000000001,43.60000000000001,49.8,47.3,84.10000000000001,57.0,123.39999999999999,59.10000000000001,121.8,82.8,68.60000000000001,109.60000000000001,66.0,174.1,90.0,177.4,123.00000000000001,125.50000000000001,89.9,118.60000000000001,102.2,87.3,90.10000000000001,76.10000000000001,78.0,78.60000000000001
red orange color,107.89999999999998,99.69999999999999,23.500000000000004,81.0,12.800000000000004,95.10000000000001,61.69999999999999,96.59999999999997,65.8,112.39999999999999,5.100000000000001,22.700000000000003,75.09999999999997,138.5,37.39999999999999,161.3,98.59999999999997,96.0,149.60000000000002,4.5,104.89999999999998,134.89999999999998,95.30000000000001,5.899999999999999,23.800000000000004,9.5,52.30000000000001,154.0,109.5,13.0,101.09999999999997,139.8,29.599999999999994,87.19999999999999,106.8,132.3,36.800000000000004,84.89999999999998,72.19999999999999,1.0,179.5,66.7,3.9000000000000057,73.30000000000001,1.7000000000000028,0.5,17.500000000000004,71.0,17.400000000000002,0.0,0.6000000000000014,70.39999999999998,2.5999999999999943,71.39999999999998,87.09999999999997,36.0,18.699999999999996,107.30000000000001,97.99999999999999,86.7,4.600000000000001,31.200000000000003,13.099999999999994,85.10000000000001,11.400000000000006,74.09999999999997,92.80000000000001,40.1,115.39999999999999,11.5,77.8,22.799999999999997,44.2,7.800000000000004,42.599999999999994,34.7,26.200000000000003,32.39999999999999,29.89999999999999,66.7,39.599999999999994,105.99999999999999,41.7,104.39999999999999,65.39999999999999,51.2,92.2,48.599999999999994,156.7,72.6,165.2,105.60000000000001,108.10000000000001,72.5,101.2,84.8,69.89999999999999,72.7,58.7,60.599999999999994,61.2
reddish orange color,107.29999999999998,99.10000000000002,22.900000000000002,80.40000000000003,12.200000000000003,95.70000000000002,61.10000000000002,96.0,66.4,113.0,4.5,23.300000000000004,74.5,139.1,37.99999999999999,161.9,98.0,95.40000000000003,150.20000000000002,5.100000000000001,104.29999999999998,135.5,94.70000000000005,6.5,23.200000000000003,10.100000000000001,51.700000000000045,154.6,108.9,13.600000000000001,100.5,139.20000000000002,30.199999999999996,86.60000000000002,107.4,131.70000000000002,36.2,84.30000000000001,71.60000000000002,0.3999999999999986,179.9,67.30000000000001,3.3000000000000043,72.70000000000005,1.1000000000000014,0.10000000000000142,16.900000000000002,71.6,16.8,0.6000000000000014,0.0,69.80000000000001,3.1999999999999957,70.80000000000001,86.5,35.4,19.299999999999997,106.70000000000002,98.6,87.30000000000001,4.0,30.6,13.699999999999996,85.70000000000002,10.800000000000004,73.5,92.20000000000005,39.5,116.0,12.100000000000001,78.4,23.4,44.800000000000004,7.200000000000003,43.199999999999996,35.300000000000004,26.800000000000004,32.99999999999999,30.499999999999993,67.30000000000001,40.199999999999996,106.6,42.300000000000004,105.0,66.0,51.800000000000004,92.80000000000001,49.199999999999996,157.3,73.19999999999999,165.8,106.20000000000002,108.70000000000002,73.1,101.80000000000001,85.4,70.5,73.30000000000001,59.300000000000004,61.199999999999996,61.800000000000004
purpleish pink color,37.5,29.30000000000001,46.89999999999998,10.600000000000023,57.599999999999966,165.5,8.699999999999989,26.19999999999999,136.2,177.20000000000002,65.30000000000001,93.10000000000002,4.699999999999989,151.10000000000002,107.79999999999998,128.3,28.19999999999999,25.600000000000023,140.0,74.89999999999998,34.5,154.70000000000002,24.900000000000034,76.30000000000001,46.599999999999966,79.89999999999998,18.099999999999966,135.60000000000002,39.10000000000002,83.39999999999998,30.69999999999999,69.40000000000003,100.0,16.80000000000001,177.2,61.900000000000034,33.599999999999966,14.5,1.8000000000000114,69.39999999999998,110.10000000000002,137.1,66.5,2.900000000000034,68.69999999999999,69.89999999999998,52.89999999999998,141.39999999999998,53.0,70.39999999999998,69.80000000000001,0.0,73.0,1.0,16.69999999999999,34.39999999999998,89.09999999999997,36.900000000000034,168.39999999999998,157.1,65.80000000000001,39.19999999999999,83.5,155.5,59.0,3.6999999999999886,22.400000000000034,30.30000000000001,174.20000000000002,81.89999999999998,148.2,93.19999999999999,114.6,62.599999999999966,113.0,105.1,96.60000000000002,102.79999999999995,100.29999999999995,137.1,110.0,176.39999999999998,112.1,174.79999999999998,135.79999999999998,121.6,162.6,119.0,132.9,143.0,124.4,176.0,178.5,142.89999999999998,171.6,155.2,140.29999999999998,143.1,129.1,131.0,131.6
blood orange color,110.5,102.30000000000001,26.099999999999998,83.60000000000002,15.399999999999999,92.50000000000001,64.30000000000001,99.19999999999999,63.2,109.8,7.699999999999996,20.10000000000001,77.69999999999999,135.89999999999998,34.8,158.7,101.19999999999999,98.60000000000002,147.0,1.9000000000000057,107.5,132.3,97.90000000000003,3.3000000000000043,26.4,6.900000000000006,54.900000000000034,151.39999999999998,112.10000000000002,10.400000000000006,103.69999999999999,142.40000000000003,27.0,89.80000000000001,104.2,134.90000000000003,39.4,87.5,74.80000000000001,3.5999999999999943,176.89999999999998,64.10000000000001,6.5,75.90000000000003,4.299999999999997,3.0999999999999943,20.099999999999998,68.4,19.999999999999996,2.5999999999999943,3.1999999999999957,73.0,0.0,74.0,89.69999999999999,38.599999999999994,16.1,109.90000000000003,95.39999999999999,84.10000000000001,7.199999999999996,33.8,10.5,82.50000000000001,14.0,76.69999999999999,95.40000000000003,42.699999999999996,112.8,8.900000000000006,75.2,20.200000000000003,41.60000000000001,10.399999999999999,40.0,32.10000000000001,23.60000000000001,29.799999999999997,27.299999999999997,64.10000000000001,37.0,103.39999999999999,39.10000000000001,101.8,62.8,48.60000000000001,89.60000000000001,46.0,154.10000000000002,70.0,162.60000000000002,103.00000000000001,105.50000000000001,69.9,98.60000000000001,82.2,67.3,70.10000000000001,56.10000000000001,58.0,58.60000000000001
bright magenta color,36.5,28.30000000000001,47.89999999999998,9.600000000000023,58.599999999999966,166.5,9.699999999999989,25.19999999999999,137.2,176.20000000000002,66.30000000000001,94.10000000000002,3.6999999999999886,150.10000000000002,108.79999999999998,127.30000000000001,27.19999999999999,24.600000000000023,139.0,75.89999999999998,33.5,153.70000000000002,23.900000000000034,77.30000000000001,47.599999999999966,80.89999999999998,19.099999999999966,134.60000000000002,38.10000000000002,84.39999999999998,29.69999999999999,68.40000000000003,101.0,15.800000000000011,178.2,60.900000000000034,34.599999999999966,13.5,0.8000000000000114,70.39999999999998,109.10000000000002,138.1,67.5,1.900000000000034,69.69999999999999,70.89999999999998,53.89999999999998,142.39999999999998,54.0,71.39999999999998,70.80000000000001,1.0,74.0,0.0,15.699999999999989,35.39999999999998,90.09999999999997,35.900000000000034,169.39999999999998,158.1,66.80000000000001,40.19999999999999,84.5,156.5,60.0,2.6999999999999886,21.400000000000034,31.30000000000001,173.20000000000002,82.89999999999998,149.2,94.19999999999999,115.6,63.599999999999966,114.0,106.1,97.60000000000002,103.79999999999995,101.29999999999995,138.1,111.0,177.39999999999998,113.1,175.79999999999998,136.79999999999998,122.6,163.6,120.0,131.9,144.0,123.4,177.0,179.5,143.89999999999998,172.6,156.2,141.29999999999998,144.1,130.1,132.0,132.6
bright lavender color,20.80000000000001,12.600000000000023,63.599999999999966,6.099999999999966,74.29999999999995,177.8,25.399999999999977,9.5,152.89999999999998,160.50000000000003,82.0,109.79999999999998,12.0,134.40000000000003,124.49999999999997,111.60000000000002,11.5,8.900000000000034,123.30000000000001,91.59999999999997,17.80000000000001,138.00000000000003,8.200000000000045,93.0,63.299999999999955,96.59999999999997,34.799999999999955,118.90000000000003,22.400000000000034,100.09999999999997,14.0,52.700000000000045,116.69999999999999,0.10000000000002274,166.10000000000002,45.200000000000045,50.299999999999955,2.1999999999999886,14.899999999999977,86.09999999999997,93.40000000000003,153.79999999999998,83.19999999999999,13.799999999999955,85.39999999999998,86.59999999999997,69.59999999999997,158.09999999999997,69.69999999999999,87.09999999999997,86.5,16.69999999999999,89.69999999999999,15.699999999999989,0.0,51.099999999999966,105.79999999999998,20.200000000000045,174.90000000000003,173.79999999999998,82.5,55.89999999999998,100.19999999999999,172.2,75.69999999999999,13.0,5.7000000000000455,47.0,157.50000000000003,98.59999999999997,164.89999999999998,109.89999999999998,131.29999999999998,79.29999999999995,129.7,121.79999999999998,113.29999999999998,119.49999999999997,116.99999999999997,153.79999999999998,126.69999999999999,166.90000000000003,128.79999999999998,168.50000000000003,152.49999999999997,138.29999999999998,179.29999999999998,135.7,116.20000000000002,159.7,107.70000000000002,167.3,164.8,159.59999999999997,171.70000000000002,171.89999999999998,156.99999999999997,159.79999999999998,145.79999999999998,147.7,148.29999999999998
dusky pink color,71.89999999999998,63.69999999999999,12.5,45.0,23.2,131.10000000000002,25.69999999999999,60.599999999999966,101.8,148.4,30.900000000000002,58.7,39.099999999999966,174.5,73.39999999999999,162.7,62.599999999999966,60.0,174.39999999999998,40.5,68.89999999999998,170.9,59.30000000000001,41.9,12.2,45.5,16.30000000000001,170.0,73.5,49.0,65.09999999999997,103.80000000000001,65.6,51.19999999999999,142.8,96.30000000000001,0.7999999999999998,48.89999999999998,36.19999999999999,35.0,144.5,102.7,32.099999999999994,37.30000000000001,34.3,35.5,18.5,107.0,18.6,36.0,35.4,34.39999999999998,38.599999999999994,35.39999999999998,51.099999999999966,0.0,54.699999999999996,71.30000000000001,134.0,122.7,31.400000000000002,4.8,49.099999999999994,121.10000000000001,24.599999999999998,38.099999999999966,56.80000000000001,4.1,151.4,47.5,113.8,58.8,80.2,28.2,78.6,70.7,62.2,68.39999999999999,65.89999999999999,102.7,75.6,142.0,77.7,140.4,101.39999999999999,87.2,128.20000000000002,84.6,167.29999999999998,108.6,158.79999999999998,141.60000000000002,144.10000000000002,108.5,137.20000000000002,120.8,105.89999999999999,108.7,94.7,96.6,97.2
pumpkin color,126.6,118.4,42.2,99.69999999999999,31.5,76.4,80.39999999999998,115.29999999999998,47.1,93.69999999999999,23.799999999999997,4.000000000000007,93.79999999999995,119.79999999999998,18.699999999999996,142.6,117.29999999999998,114.70000000000002,130.9,14.199999999999996,123.6,116.19999999999999,114.00000000000003,12.799999999999997,42.5,9.199999999999996,71.0,135.29999999999998,128.20000000000002,5.699999999999996,119.79999999999998,158.50000000000003,10.899999999999999,105.9,88.1,151.00000000000003,55.5,103.59999999999997,90.89999999999998,19.699999999999996,160.79999999999998,48.00000000000001,22.6,92.0,20.4,19.199999999999996,36.2,52.300000000000004,36.099999999999994,18.699999999999996,19.299999999999997,89.09999999999997,16.1,90.09999999999997,105.79999999999998,54.699999999999996,0.0,126.00000000000003,79.29999999999998,68.0,23.299999999999997,49.9,5.600000000000001,66.4,30.1,92.79999999999995,111.50000000000003,58.8,96.69999999999999,7.199999999999996,59.1,4.100000000000001,25.500000000000007,26.5,23.9,16.000000000000007,7.500000000000007,13.699999999999996,11.199999999999996,48.00000000000001,20.9,87.29999999999998,23.000000000000007,85.69999999999999,46.699999999999996,32.50000000000001,73.5,29.9,138.0,53.9,146.5,86.9,89.4,53.800000000000004,82.5,66.1,51.199999999999996,54.00000000000001,40.00000000000001,41.9,42.50000000000001
perrywinkle color,0.5999999999999659,7.600000000000023,83.80000000000001,26.30000000000001,94.5,157.59999999999997,45.60000000000002,10.700000000000045,173.10000000000002,140.29999999999998,102.20000000000005,130.00000000000003,32.200000000000045,114.19999999999999,144.70000000000002,91.39999999999998,8.700000000000045,11.300000000000011,103.09999999999997,111.80000000000001,2.400000000000034,117.79999999999998,12.0,113.20000000000002,83.5,116.80000000000001,55.0,98.69999999999999,2.1999999999999886,120.30000000000001,6.2000000000000455,32.5,136.90000000000003,20.100000000000023,145.89999999999998,25.0,70.5,22.400000000000034,35.10000000000002,106.30000000000001,73.19999999999999,174.00000000000003,103.40000000000003,34.0,105.60000000000002,106.80000000000001,89.80000000000001,178.3,89.90000000000003,107.30000000000001,106.70000000000002,36.900000000000034,109.90000000000003,35.900000000000034,20.200000000000045,71.30000000000001,126.00000000000003,0.0,154.7,165.99999999999997,102.70000000000005,76.10000000000002,120.40000000000003,167.59999999999997,95.90000000000003,33.200000000000045,14.5,67.20000000000005,137.29999999999998,118.80000000000001,174.89999999999998,130.10000000000002,151.50000000000003,99.5,149.90000000000003,142.00000000000003,133.50000000000003,139.70000000000002,137.20000000000002,174.00000000000003,146.90000000000003,146.7,149.00000000000003,148.29999999999998,172.70000000000002,158.50000000000003,160.49999999999997,155.90000000000003,95.99999999999997,179.90000000000003,87.49999999999997,147.09999999999997,144.59999999999997,179.8,151.49999999999997,167.89999999999998,177.20000000000002,179.99999999999997,166.00000000000003,167.90000000000003,168.50000000000003
medium green color,154.10000000000002,162.3,121.49999999999999,179.0,110.79999999999998,2.8999999999999773,159.7,165.40000000000003,32.19999999999999,14.400000000000006,103.1,75.29999999999998,173.09999999999997,40.5,60.599999999999994,63.30000000000001,163.40000000000003,166.0,51.60000000000002,93.49999999999999,157.10000000000002,36.900000000000006,166.7,92.1,121.79999999999998,88.49999999999999,150.3,56.0,152.5,84.99999999999999,160.90000000000003,122.19999999999999,68.39999999999999,174.8,8.800000000000011,129.7,134.79999999999998,177.10000000000002,170.2,98.99999999999999,81.5,31.299999999999983,101.89999999999999,171.3,99.69999999999999,98.49999999999999,115.49999999999999,26.999999999999986,115.39999999999999,97.99999999999999,98.6,168.39999999999998,95.39999999999999,169.39999999999998,174.90000000000003,134.0,79.29999999999998,154.7,0.0,11.299999999999983,102.6,129.2,84.89999999999999,12.899999999999977,109.39999999999999,172.09999999999997,169.2,138.1,17.400000000000006,86.49999999999999,20.19999999999999,75.19999999999999,53.79999999999998,105.79999999999998,55.39999999999999,63.29999999999998,71.79999999999998,65.6,68.1,31.299999999999983,58.39999999999999,8.0,56.29999999999998,6.400000000000006,32.599999999999994,46.79999999999998,5.799999999999983,49.39999999999999,58.70000000000002,25.39999999999999,67.20000000000002,7.600000000000023,10.100000000000023,25.499999999999986,3.200000000000017,13.199999999999989,28.099999999999994,25.299999999999983,39.29999999999998,37.39999999999999,36.79999999999998
grass color,165.4,173.6,110.2,167.70000000000002,99.5,8.400000000000006,148.4,176.70000000000002,20.900000000000006,25.69999999999999,91.80000000000001,64.0,161.79999999999998,51.79999999999998,49.30000000000001,74.6,174.70000000000002,177.29999999999998,62.900000000000006,82.2,168.4,48.19999999999999,177.99999999999997,80.80000000000001,110.5,77.2,139.00000000000003,67.29999999999998,163.79999999999998,73.7,172.20000000000002,133.49999999999997,57.10000000000001,173.9,20.099999999999994,140.99999999999997,123.5,171.6,158.9,87.7,92.79999999999998,20.0,90.60000000000001,160.00000000000003,88.4,87.2,104.2,15.700000000000003,104.10000000000001,86.7,87.30000000000001,157.1,84.10000000000001,158.1,173.79999999999998,122.7,68.0,165.99999999999997,11.299999999999983,0.0,91.30000000000001,117.9,73.60000000000001,1.5999999999999943,98.10000000000001,160.79999999999998,179.50000000000003,126.80000000000001,28.69999999999999,75.2,8.900000000000006,63.900000000000006,42.5,94.5,44.10000000000001,52.0,60.5,54.30000000000001,56.80000000000001,20.0,47.10000000000001,19.299999999999983,45.0,17.69999999999999,21.30000000000001,35.5,5.5,38.10000000000001,70.0,14.100000000000009,78.5,18.900000000000006,21.400000000000006,14.200000000000003,14.5,1.9000000000000057,16.80000000000001,14.0,28.0,26.10000000000001,25.5
orange pink color,103.30000000000001,95.10000000000002,18.900000000000002,76.40000000000003,8.200000000000003,99.70000000000002,57.10000000000002,92.0,70.4,117.0,0.5,27.300000000000004,70.5,143.1,41.99999999999999,165.9,94.0,91.40000000000003,154.20000000000002,9.100000000000001,100.30000000000001,139.5,90.70000000000005,10.5,19.200000000000003,14.100000000000001,47.700000000000045,158.6,104.9,17.6,96.5,135.20000000000002,34.199999999999996,82.60000000000002,111.4,127.70000000000002,32.2,80.30000000000001,67.60000000000002,3.6000000000000014,175.9,71.30000000000001,0.6999999999999957,68.70000000000005,2.8999999999999986,4.100000000000001,12.900000000000002,75.6,12.8,4.600000000000001,4.0,65.80000000000001,7.199999999999996,66.80000000000001,82.5,31.400000000000002,23.299999999999997,102.70000000000005,102.6,91.30000000000001,0.0,26.6,17.699999999999996,89.70000000000002,6.800000000000004,69.5,88.20000000000005,35.5,120.0,16.1,82.4,27.4,48.800000000000004,3.200000000000003,47.199999999999996,39.300000000000004,30.800000000000004,36.99999999999999,34.49999999999999,71.30000000000001,44.199999999999996,110.6,46.300000000000004,109.0,70.0,55.800000000000004,96.80000000000001,53.199999999999996,161.3,77.19999999999999,169.8,110.20000000000002,112.70000000000002,77.1,105.80000000000001,89.4,74.5,77.30000000000001,63.300000000000004,65.19999999999999,65.80000000000001
dusty pink color,76.69999999999999,68.5,7.699999999999999,49.80000000000001,18.4,126.30000000000001,30.5,65.39999999999998,97.0,143.6,26.1,53.900000000000006,43.89999999999998,169.7,68.6,167.5,67.39999999999998,64.80000000000001,179.2,35.7,73.69999999999999,166.1,64.10000000000002,37.1,7.399999999999999,40.7,21.100000000000023,174.8,78.30000000000001,44.2,69.89999999999998,108.60000000000002,60.8,56.0,138.0,101.10000000000002,5.6,53.69999999999999,41.0,30.200000000000003,149.3,97.9,27.299999999999997,42.10000000000002,29.5,30.700000000000003,13.7,102.2,13.8,31.200000000000003,30.6,39.19999999999999,33.8,40.19999999999999,55.89999999999998,4.8,49.9,76.10000000000002,129.2,117.9,26.6,0.0,44.3,116.30000000000001,19.799999999999997,42.89999999999998,61.60000000000002,8.9,146.6,42.7,109.0,54.0,75.4,23.4,73.8,65.9,57.400000000000006,63.599999999999994,61.099999999999994,97.9,70.8,137.2,72.9,135.6,96.6,82.4,123.4,79.8,172.1,103.8,163.6,136.8,139.3,103.7,132.4,116.0,101.1,103.9,89.9,91.8,92.4
dusty orange color,121.0,112.80000000000001,36.599999999999994,94.10000000000002,25.9,82.00000000000001,74.80000000000001,109.69999999999999,52.7,99.3,18.199999999999996,9.600000000000009,88.19999999999999,125.39999999999999,24.299999999999997,148.2,111.69999999999999,109.10000000000002,136.5,8.599999999999994,118.0,121.8,108.40000000000003,7.199999999999996,36.9,3.5999999999999943,65.40000000000003,140.89999999999998,122.60000000000002,0.09999999999999432,114.19999999999999,152.90000000000003,16.5,100.30000000000001,93.7,145.40000000000003,49.9,98.0,85.30000000000001,14.099999999999994,166.39999999999998,53.60000000000001,17.0,86.40000000000003,14.799999999999997,13.599999999999994,30.599999999999998,57.900000000000006,30.499999999999996,13.099999999999994,13.699999999999996,83.5,10.5,84.5,100.19999999999999,49.099999999999994,5.600000000000001,120.40000000000003,84.89999999999999,73.60000000000001,17.699999999999996,44.3,0.0,72.00000000000001,24.5,87.19999999999999,105.90000000000003,53.199999999999996,102.3,1.5999999999999943,64.7,9.700000000000003,31.10000000000001,20.9,29.5,21.60000000000001,13.100000000000009,19.299999999999997,16.799999999999997,53.60000000000001,26.5,92.89999999999999,28.60000000000001,91.3,52.3,38.10000000000001,79.10000000000001,35.5,143.60000000000002,59.5,152.10000000000002,92.50000000000001,95.00000000000001,59.400000000000006,88.10000000000001,71.7,56.8,59.60000000000001,45.60000000000001,47.5,48.10000000000001
nasty green color,167.0,175.2,108.60000000000001,166.10000000000002,97.9,10.0,146.8,178.3,19.30000000000001,27.299999999999983,90.20000000000002,62.400000000000006,160.2,53.39999999999998,47.70000000000002,76.19999999999999,176.3,178.89999999999998,64.5,80.60000000000001,170.0,49.79999999999998,179.59999999999997,79.20000000000002,108.9,75.60000000000001,137.40000000000003,68.89999999999998,165.39999999999998,72.10000000000001,173.8,135.09999999999997,55.500000000000014,172.3,21.69999999999999,142.59999999999997,121.9,170.0,157.3,86.10000000000001,94.39999999999998,18.400000000000006,89.00000000000001,158.40000000000003,86.80000000000001,85.60000000000001,102.60000000000001,14.100000000000009,102.50000000000001,85.10000000000001,85.70000000000002,155.5,82.50000000000001,156.5,172.2,121.10000000000001,66.4,167.59999999999997,12.899999999999977,1.5999999999999943,89.70000000000002,116.30000000000001,72.00000000000001,0.0,96.50000000000001,159.2,177.90000000000003,125.20000000000002,30.299999999999983,73.60000000000001,7.300000000000011,62.30000000000001,40.900000000000006,92.9,42.500000000000014,50.400000000000006,58.900000000000006,52.70000000000002,55.20000000000002,18.400000000000006,45.500000000000014,20.899999999999977,43.400000000000006,19.299999999999983,19.700000000000017,33.900000000000006,7.099999999999994,36.500000000000014,71.6,12.500000000000014,80.1,20.5,23.0,12.600000000000009,16.099999999999994,0.30000000000001137,15.200000000000017,12.400000000000006,26.400000000000006,24.500000000000014,23.900000000000006
salmon color,96.5,88.30000000000001,12.099999999999998,69.60000000000002,1.3999999999999986,106.50000000000001,50.30000000000001,85.19999999999999,77.2,123.8,6.300000000000004,34.10000000000001,63.69999999999999,149.89999999999998,48.8,172.7,87.19999999999999,84.60000000000002,161.0,15.900000000000006,93.5,146.3,83.90000000000003,17.300000000000004,12.399999999999999,20.900000000000006,40.900000000000034,165.39999999999998,98.10000000000002,24.400000000000006,89.69999999999999,128.40000000000003,41.0,75.80000000000001,118.2,120.90000000000003,25.4,73.5,60.80000000000001,10.400000000000006,169.10000000000002,78.10000000000001,7.5,61.900000000000034,9.700000000000003,10.900000000000006,6.099999999999998,82.4,5.9999999999999964,11.400000000000006,10.800000000000004,59.0,14.0,60.0,75.69999999999999,24.599999999999998,30.1,95.90000000000003,109.39999999999999,98.10000000000001,6.800000000000004,19.799999999999997,24.5,96.50000000000001,0.0,62.69999999999999,81.40000000000003,28.699999999999996,126.8,22.900000000000006,89.2,34.2,55.60000000000001,3.6000000000000014,54.0,46.10000000000001,37.60000000000001,43.8,41.3,78.10000000000001,51.0,117.39999999999999,53.10000000000001,115.8,76.8,62.60000000000001,103.60000000000001,60.0,168.10000000000002,84.0,176.60000000000002,117.00000000000001,119.50000000000001,83.9,112.60000000000001,96.2,81.3,84.10000000000001,70.10000000000001,72.0,72.60000000000001
purply pink color,33.80000000000001,25.600000000000023,50.599999999999966,6.900000000000034,61.299999999999955,169.2,12.399999999999977,22.5,139.89999999999998,173.50000000000003,69.0,96.79999999999995,1.0,147.40000000000003,111.49999999999997,124.60000000000002,24.5,21.900000000000034,136.3,78.59999999999997,30.80000000000001,151.00000000000003,21.200000000000045,80.0,50.299999999999955,83.59999999999997,21.799999999999955,131.90000000000003,35.400000000000034,87.09999999999997,27.0,65.70000000000005,103.69999999999999,13.100000000000023,179.10000000000002,58.200000000000045,37.299999999999955,10.800000000000011,1.8999999999999773,73.09999999999997,106.40000000000003,140.79999999999998,70.19999999999999,0.7999999999999545,72.39999999999998,73.59999999999997,56.599999999999966,145.09999999999997,56.69999999999999,74.09999999999997,73.5,3.6999999999999886,76.69999999999999,2.6999999999999886,13.0,38.099999999999966,92.79999999999995,33.200000000000045,172.09999999999997,160.79999999999998,69.5,42.89999999999998,87.19999999999999,159.2,62.69999999999999,0.0,18.700000000000045,34.0,170.50000000000003,85.59999999999997,151.89999999999998,96.89999999999998,118.29999999999998,66.29999999999995,116.69999999999999,108.79999999999998,100.29999999999995,106.49999999999997,104.0,140.79999999999998,113.69999999999999,179.90000000000003,115.79999999999998,178.49999999999997,139.49999999999997,125.29999999999998,166.29999999999998,122.69999999999999,129.20000000000002,146.7,120.70000000000002,179.7,177.8,146.59999999999997,175.29999999999998,158.89999999999998,143.99999999999997,146.79999999999998,132.79999999999998,134.7,135.29999999999998
liliac color,15.099999999999966,6.899999999999977,69.30000000000001,11.800000000000011,80.0,172.09999999999997,31.100000000000023,3.7999999999999545,158.60000000000002,154.79999999999998,87.70000000000005,115.50000000000003,17.700000000000045,128.7,130.20000000000002,105.89999999999998,5.7999999999999545,3.1999999999999886,117.59999999999997,97.30000000000001,12.099999999999966,132.29999999999998,2.5,98.70000000000005,69.0,102.30000000000001,40.5,113.19999999999999,16.69999999999999,105.80000000000001,8.299999999999955,47.0,122.40000000000003,5.600000000000023,160.39999999999998,39.5,56.0,7.900000000000034,20.600000000000023,91.80000000000001,87.69999999999999,159.50000000000003,88.90000000000003,19.5,91.10000000000002,92.30000000000001,75.30000000000001,163.8,75.40000000000003,92.80000000000001,92.20000000000005,22.400000000000034,95.40000000000003,21.400000000000034,5.7000000000000455,56.80000000000001,111.50000000000003,14.5,169.2,179.50000000000003,88.20000000000005,61.60000000000002,105.90000000000003,177.90000000000003,81.40000000000003,18.700000000000045,0.0,52.700000000000045,151.79999999999998,104.30000000000001,170.60000000000002,115.60000000000002,137.00000000000003,85.0,135.40000000000003,127.50000000000003,119.00000000000003,125.20000000000002,122.70000000000002,159.50000000000003,132.40000000000003,161.2,134.50000000000003,162.79999999999998,158.20000000000002,144.00000000000003,174.99999999999997,141.40000000000003,110.49999999999997,165.40000000000003,101.99999999999997,161.59999999999997,159.09999999999997,165.3,165.99999999999997,177.60000000000002,162.70000000000002,165.50000000000003,151.50000000000003,153.40000000000003,154.00000000000003
pig pink color,67.80000000000001,59.60000000000002,16.599999999999998,40.900000000000034,27.299999999999997,135.20000000000002,21.600000000000023,56.5,105.9,152.5,35.0,62.800000000000004,35.0,178.6,77.5,158.6,58.5,55.900000000000034,170.29999999999998,44.6,64.80000000000001,175.0,55.200000000000045,46.0,16.299999999999997,49.6,12.200000000000045,165.9,69.40000000000003,53.1,61.0,99.70000000000005,69.7,47.10000000000002,146.9,92.20000000000005,3.3000000000000003,44.80000000000001,32.10000000000002,39.1,140.4,106.80000000000001,36.199999999999996,33.200000000000045,38.4,39.6,22.599999999999998,111.10000000000001,22.7,40.1,39.5,30.30000000000001,42.699999999999996,31.30000000000001,47.0,4.1,58.8,67.20000000000005,138.1,126.80000000000001,35.5,8.9,53.199999999999996,125.20000000000002,28.699999999999996,34.0,52.700000000000045,0.0,155.5,51.6,117.9,62.9,84.30000000000001,32.3,82.7,74.80000000000001,66.30000000000001,72.5,70.0,106.80000000000001,79.7,146.1,81.80000000000001,144.5,105.5,91.30000000000001,132.3,88.7,163.2,112.7,154.7,145.70000000000002,148.20000000000002,112.60000000000001,141.3,124.9,110.0,112.80000000000001,98.80000000000001,100.7,101.30000000000001
greenish teal color,136.70000000000002,144.9,138.9,163.6,128.2,20.299999999999983,177.1,148.00000000000003,49.599999999999994,3.0,120.5,92.69999999999999,169.50000000000003,23.099999999999994,78.0,45.900000000000006,146.00000000000003,148.6,34.20000000000002,110.89999999999999,139.70000000000002,19.5,149.29999999999998,109.5,139.2,105.89999999999999,167.70000000000002,38.599999999999994,135.1,102.39999999999999,143.50000000000003,104.79999999999998,85.8,157.4,8.599999999999994,112.29999999999998,152.2,159.70000000000002,172.4,116.39999999999999,64.1,48.69999999999999,119.3,171.29999999999998,117.1,115.89999999999999,132.9,44.39999999999999,132.79999999999998,115.39999999999999,116.0,174.20000000000002,112.8,173.20000000000002,157.50000000000003,151.4,96.69999999999999,137.29999999999998,17.400000000000006,28.69999999999999,120.0,146.6,102.3,30.299999999999983,126.8,170.50000000000003,151.79999999999998,155.5,0.0,103.89999999999999,37.599999999999994,92.6,71.19999999999999,123.19999999999999,72.8,80.69999999999999,89.19999999999999,83.0,85.5,48.69999999999999,75.8,9.400000000000006,73.69999999999999,11.0,50.0,64.19999999999999,23.19999999999999,66.8,41.30000000000001,42.8,49.80000000000001,9.799999999999983,7.299999999999983,42.89999999999999,14.199999999999989,30.599999999999994,45.5,42.69999999999999,56.69999999999999,54.8,54.19999999999999
orangeish color,119.39999999999998,111.19999999999999,35.0,92.5,24.300000000000004,83.60000000000001,73.19999999999999,108.09999999999997,54.3,100.89999999999999,16.6,11.200000000000003,86.59999999999997,126.99999999999999,25.89999999999999,149.8,110.09999999999997,107.5,138.10000000000002,7.0,116.39999999999998,123.39999999999999,106.80000000000001,5.600000000000001,35.300000000000004,2.0,63.80000000000001,142.5,121.0,1.5,112.59999999999997,151.3,18.099999999999994,98.69999999999999,95.3,143.8,48.300000000000004,96.39999999999998,83.69999999999999,12.5,168.0,55.2,15.400000000000006,84.80000000000001,13.200000000000003,12.0,29.000000000000004,59.5,28.900000000000002,11.5,12.100000000000001,81.89999999999998,8.900000000000006,82.89999999999998,98.59999999999997,47.5,7.199999999999996,118.80000000000001,86.49999999999999,75.2,16.1,42.7,1.5999999999999943,73.60000000000001,22.900000000000006,85.59999999999997,104.30000000000001,51.6,103.89999999999999,0.0,66.3,11.299999999999997,32.7,19.300000000000004,31.099999999999994,23.200000000000003,14.700000000000003,20.89999999999999,18.39999999999999,55.2,28.099999999999994,94.49999999999999,30.200000000000003,92.89999999999999,53.89999999999999,39.7,80.7,37.099999999999994,145.2,61.099999999999994,153.7,94.10000000000001,96.60000000000001,61.0,89.7,73.3,58.39999999999999,61.2,47.2,49.099999999999994,49.7
dark lime green color,174.3,177.5,101.3,158.8,90.6,17.30000000000001,139.5,174.39999999999998,12.0,34.599999999999994,82.9,55.099999999999994,152.89999999999998,60.69999999999999,40.400000000000006,83.5,176.39999999999998,173.8,71.80000000000001,73.3,177.3,57.099999999999994,173.10000000000002,71.9,101.6,68.3,130.10000000000002,76.19999999999999,172.7,64.8,178.89999999999998,142.39999999999998,48.2,165.0,29.0,149.89999999999998,114.6,162.7,150.0,78.8,101.69999999999999,11.099999999999994,81.7,151.10000000000002,79.5,78.3,95.3,6.799999999999997,95.2,77.8,78.4,148.2,75.2,149.2,164.89999999999998,113.8,59.1,174.89999999999998,20.19999999999999,8.900000000000006,82.4,109.0,64.7,7.300000000000011,89.2,151.89999999999998,170.60000000000002,117.9,37.599999999999994,66.3,0.0,55.0,33.599999999999994,85.6,35.2,43.099999999999994,51.599999999999994,45.400000000000006,47.900000000000006,11.099999999999994,38.2,28.19999999999999,36.099999999999994,26.599999999999994,12.400000000000006,26.599999999999994,14.400000000000006,29.200000000000003,78.9,5.200000000000003,87.4,27.80000000000001,30.30000000000001,5.299999999999997,23.400000000000006,7.0,7.900000000000006,5.099999999999994,19.099999999999994,17.200000000000003,16.599999999999994
tangerine color,130.7,122.5,46.3,103.80000000000001,35.6,72.30000000000001,84.5,119.39999999999998,43.0,89.6,27.9,0.09999999999999432,97.89999999999998,115.69999999999999,14.599999999999994,138.5,121.39999999999998,118.80000000000001,126.80000000000001,18.299999999999997,127.69999999999999,112.1,118.10000000000002,16.9,46.6,13.299999999999997,75.10000000000002,131.2,132.3,9.799999999999997,123.89999999999998,162.60000000000002,6.799999999999997,110.0,84.0,155.10000000000002,59.6,107.69999999999999,95.0,23.799999999999997,156.7,43.900000000000006,26.700000000000003,96.10000000000002,24.5,23.299999999999997,40.3,48.2,40.2,22.799999999999997,23.4,93.19999999999999,20.200000000000003,94.19999999999999,109.89999999999998,58.8,4.100000000000001,130.10000000000002,75.19999999999999,63.900000000000006,27.4,54.0,9.700000000000003,62.30000000000001,34.2,96.89999999999998,115.60000000000002,62.9,92.6,11.299999999999997,55.0,0.0,21.400000000000006,30.6,19.799999999999997,11.900000000000006,3.4000000000000057,9.599999999999994,7.099999999999994,43.900000000000006,16.799999999999997,83.19999999999999,18.900000000000006,81.6,42.599999999999994,28.400000000000006,69.4,25.799999999999997,133.9,49.8,142.4,82.80000000000001,85.30000000000001,49.7,78.4,62.0,47.099999999999994,49.900000000000006,35.900000000000006,37.8,38.400000000000006
burnt yellow color,152.1,143.9,67.7,125.20000000000002,57.00000000000001,50.900000000000006,105.9,140.79999999999998,21.599999999999994,68.19999999999999,49.300000000000004,21.5,119.29999999999998,94.29999999999998,6.800000000000011,117.1,142.79999999999998,140.20000000000002,105.4,39.7,149.1,90.69999999999999,139.50000000000003,38.300000000000004,68.0,34.7,96.5,109.79999999999998,153.70000000000002,31.200000000000003,145.29999999999998,175.99999999999997,14.600000000000009,131.4,62.599999999999994,176.50000000000003,81.0,129.1,116.4,45.2,135.29999999999998,22.5,48.10000000000001,117.50000000000003,45.900000000000006,44.7,61.7,26.799999999999997,61.60000000000001,44.2,44.800000000000004,114.6,41.60000000000001,115.6,131.29999999999998,80.2,25.500000000000007,151.50000000000003,53.79999999999998,42.5,48.800000000000004,75.4,31.10000000000001,40.900000000000006,55.60000000000001,118.29999999999998,137.00000000000003,84.30000000000001,71.19999999999999,32.7,33.599999999999994,21.400000000000006,0.0,52.00000000000001,1.6000000000000085,9.5,18.0,11.800000000000011,14.300000000000011,22.5,4.6000000000000085,61.79999999999998,2.5,60.19999999999999,21.19999999999999,7.0,48.0,4.3999999999999915,112.5,28.39999999999999,121.0,61.400000000000006,63.900000000000006,28.299999999999997,57.0,40.599999999999994,25.69999999999999,28.5,14.5,16.39999999999999,17.0
blush color,100.09999999999997,91.89999999999998,15.7,73.19999999999999,5.0,102.9,53.89999999999998,88.79999999999995,73.6,120.19999999999999,2.700000000000003,30.500000000000007,67.29999999999995,146.29999999999998,45.199999999999996,169.1,90.79999999999995,88.19999999999999,157.4,12.300000000000004,97.09999999999997,142.7,87.5,13.700000000000003,16.0,17.300000000000004,44.5,161.79999999999998,101.69999999999999,20.800000000000004,93.29999999999995,132.00000000000003,37.4,79.39999999999998,114.6,124.50000000000003,29.0,77.09999999999997,64.39999999999998,6.800000000000004,172.70000000000002,74.5,3.8999999999999986,65.5,6.100000000000001,7.300000000000004,9.7,78.80000000000001,9.599999999999998,7.800000000000004,7.200000000000003,62.599999999999966,10.399999999999999,63.599999999999966,79.29999999999995,28.2,26.5,99.5,105.79999999999998,94.5,3.200000000000003,23.4,20.9,92.9,3.6000000000000014,66.29999999999995,85.0,32.3,123.19999999999999,19.300000000000004,85.6,30.6,52.00000000000001,0.0,50.4,42.50000000000001,34.00000000000001,40.199999999999996,37.699999999999996,74.5,47.4,113.79999999999998,49.50000000000001,112.19999999999999,73.19999999999999,59.00000000000001,100.0,56.4,164.5,80.4,173.0,113.4,115.9,80.30000000000001,109.0,92.6,77.69999999999999,80.5,66.5,68.4,69.0
tan color,150.5,142.3,66.1,123.60000000000002,55.4,52.500000000000014,104.30000000000001,139.2,23.200000000000003,69.8,47.699999999999996,19.89999999999999,117.69999999999999,95.89999999999999,5.200000000000003,118.7,141.2,138.60000000000002,107.00000000000001,38.099999999999994,147.5,92.3,137.90000000000003,36.699999999999996,66.4,33.099999999999994,94.90000000000003,111.39999999999999,152.10000000000002,29.599999999999994,143.7,177.59999999999997,13.0,129.8,64.2,174.90000000000003,79.39999999999999,127.5,114.80000000000001,43.599999999999994,136.89999999999998,24.10000000000001,46.5,115.90000000000003,44.3,43.099999999999994,60.099999999999994,28.400000000000006,60.0,42.599999999999994,43.199999999999996,113.0,40.0,114.0,129.7,78.6,23.9,149.90000000000003,55.39999999999999,44.10000000000001,47.199999999999996,73.8,29.5,42.500000000000014,54.0,116.69999999999999,135.40000000000003,82.7,72.8,31.099999999999994,35.2,19.799999999999997,1.6000000000000085,50.4,0.0,7.8999999999999915,16.39999999999999,10.200000000000003,12.700000000000003,24.10000000000001,3.0,63.39999999999999,0.8999999999999915,61.8,22.799999999999997,8.600000000000009,49.60000000000001,6.0,114.10000000000001,30.0,122.60000000000001,63.000000000000014,65.50000000000001,29.900000000000006,58.60000000000001,42.2,27.299999999999997,30.10000000000001,16.10000000000001,18.0,18.60000000000001
squash color,142.6,134.4,58.2,115.70000000000002,47.50000000000001,60.400000000000006,96.39999999999998,131.29999999999998,31.099999999999994,77.69999999999999,39.800000000000004,12.0,109.79999999999998,103.79999999999998,2.6999999999999886,126.6,133.29999999999998,130.70000000000002,114.9,30.200000000000003,139.6,100.19999999999999,130.00000000000003,28.800000000000004,58.50000000000001,25.200000000000003,87.0,119.29999999999998,144.20000000000002,21.700000000000003,135.79999999999998,174.50000000000003,5.1000000000000085,121.9,72.1,167.00000000000003,71.5,119.6,106.9,35.7,144.79999999999998,32.0,38.60000000000001,108.00000000000003,36.400000000000006,35.2,52.2,36.3,52.10000000000001,34.7,35.300000000000004,105.1,32.10000000000001,106.1,121.79999999999998,70.7,16.000000000000007,142.00000000000003,63.29999999999998,52.0,39.300000000000004,65.9,21.60000000000001,50.400000000000006,46.10000000000001,108.79999999999998,127.50000000000003,74.80000000000001,80.69999999999999,23.200000000000003,43.099999999999994,11.900000000000006,9.5,42.50000000000001,7.8999999999999915,0.0,8.5,2.3000000000000114,4.800000000000011,32.0,4.8999999999999915,71.29999999999998,7.0,69.69999999999999,30.69999999999999,16.5,57.5,13.899999999999991,122.0,37.89999999999999,130.5,70.9,73.4,37.8,66.5,50.099999999999994,35.19999999999999,38.0,24.0,25.89999999999999,26.5
light orange color,134.1,125.9,49.7,107.20000000000002,39.00000000000001,68.9,87.89999999999998,122.79999999999998,39.599999999999994,86.19999999999999,31.300000000000004,3.5,101.29999999999995,112.29999999999998,11.199999999999989,135.1,124.79999999999998,122.20000000000002,123.4,21.700000000000003,131.1,108.69999999999999,121.50000000000003,20.300000000000004,50.00000000000001,16.700000000000003,78.5,127.79999999999998,135.70000000000002,13.200000000000003,127.29999999999998,166.00000000000003,3.3999999999999915,113.4,80.6,158.50000000000003,63.00000000000001,111.1,98.39999999999998,27.200000000000003,153.29999999999998,40.5,30.10000000000001,99.5,27.900000000000006,26.700000000000003,43.7,44.8,43.60000000000001,26.200000000000003,26.800000000000004,96.60000000000002,23.60000000000001,97.60000000000002,113.29999999999998,62.2,7.500000000000007,133.50000000000003,71.79999999999998,60.5,30.800000000000004,57.400000000000006,13.100000000000009,58.900000000000006,37.60000000000001,100.29999999999995,119.00000000000003,66.30000000000001,89.19999999999999,14.700000000000003,51.599999999999994,3.4000000000000057,18.0,34.00000000000001,16.39999999999999,8.5,0.0,6.199999999999989,3.6999999999999886,40.5,13.399999999999991,79.79999999999998,15.5,78.19999999999999,39.19999999999999,25.0,66.0,22.39999999999999,130.5,46.39999999999999,139.0,79.4,81.9,46.3,75.0,58.599999999999994,43.69999999999999,46.5,32.5,34.39999999999999,35.0
orange yellow color,140.29999999999998,132.1,55.89999999999999,113.4,45.199999999999996,62.70000000000002,94.10000000000002,128.99999999999997,33.400000000000006,80.0,37.49999999999999,9.699999999999989,107.49999999999997,106.1,5.0,128.9,130.99999999999997,128.4,117.20000000000002,27.89999999999999,137.29999999999998,102.5,127.70000000000002,26.499999999999993,56.199999999999996,22.89999999999999,84.70000000000005,121.6,141.9,19.39999999999999,133.49999999999997,172.20000000000002,2.799999999999997,119.6,74.4,164.70000000000002,69.19999999999999,117.29999999999998,104.6,33.39999999999999,147.1,34.30000000000001,36.3,105.70000000000002,34.099999999999994,32.89999999999999,49.89999999999999,38.60000000000001,49.8,32.39999999999999,32.99999999999999,102.79999999999995,29.799999999999997,103.79999999999995,119.49999999999997,68.39999999999999,13.699999999999996,139.70000000000002,65.6,54.30000000000001,36.99999999999999,63.599999999999994,19.299999999999997,52.70000000000002,43.8,106.49999999999997,125.20000000000002,72.5,83.0,20.89999999999999,45.400000000000006,9.599999999999994,11.800000000000011,40.199999999999996,10.200000000000003,2.3000000000000114,6.199999999999989,0.0,2.5,34.30000000000001,7.200000000000003,73.6,9.300000000000011,72.0,33.0,18.80000000000001,59.80000000000001,16.200000000000003,124.30000000000001,40.2,132.8,73.20000000000002,75.70000000000002,40.10000000000001,68.80000000000001,52.400000000000006,37.5,40.30000000000001,26.30000000000001,28.200000000000003,28.80000000000001
butterscotch color,137.79999999999998,129.6,53.39999999999999,110.9,42.699999999999996,65.20000000000002,91.60000000000002,126.49999999999997,35.900000000000006,82.5,34.99999999999999,7.199999999999989,104.99999999999997,108.6,7.5,131.4,128.49999999999997,125.9,119.70000000000002,25.39999999999999,134.79999999999998,105.0,125.20000000000002,23.999999999999993,53.699999999999996,20.39999999999999,82.20000000000005,124.1,139.4,16.89999999999999,130.99999999999997,169.70000000000002,0.29999999999999716,117.1,76.9,162.20000000000002,66.69999999999999,114.79999999999998,102.10000000000002,30.89999999999999,149.6,36.80000000000001,33.8,103.20000000000005,31.599999999999994,30.39999999999999,47.39999999999999,41.10000000000001,47.3,29.89999999999999,30.499999999999993,100.29999999999995,27.299999999999997,101.29999999999995,116.99999999999997,65.89999999999999,11.199999999999996,137.20000000000002,68.1,56.80000000000001,34.49999999999999,61.099999999999994,16.799999999999997,55.20000000000002,41.3,104.0,122.70000000000002,70.0,85.5,18.39999999999999,47.900000000000006,7.099999999999994,14.300000000000011,37.699999999999996,12.700000000000003,4.800000000000011,3.6999999999999886,2.5,0.0,36.80000000000001,9.700000000000003,76.1,11.800000000000011,74.5,35.5,21.30000000000001,62.30000000000001,18.700000000000003,126.80000000000001,42.7,135.3,75.70000000000002,78.20000000000002,42.60000000000001,71.30000000000001,54.900000000000006,40.0,42.80000000000001,28.80000000000001,30.700000000000003,31.30000000000001
green/yellow color,174.6,166.4,90.2,147.70000000000002,79.5,28.400000000000006,128.4,163.29999999999998,0.9000000000000057,45.69999999999999,71.80000000000001,44.0,141.79999999999998,71.79999999999998,29.30000000000001,94.6,165.29999999999998,162.70000000000002,82.9,62.2,171.6,68.19999999999999,162.00000000000003,60.800000000000004,90.5,57.2,119.00000000000003,87.29999999999998,176.20000000000002,53.7,167.79999999999998,153.49999999999997,37.10000000000001,153.9,40.099999999999994,160.99999999999997,103.5,151.6,138.9,67.7,112.79999999999998,0.0,70.60000000000001,140.00000000000003,68.4,67.2,84.2,4.299999999999997,84.10000000000001,66.7,67.30000000000001,137.1,64.10000000000001,138.1,153.79999999999998,102.7,48.00000000000001,174.00000000000003,31.299999999999983,20.0,71.30000000000001,97.9,53.60000000000001,18.400000000000006,78.10000000000001,140.79999999999998,159.50000000000003,106.80000000000001,48.69999999999999,55.2,11.099999999999994,43.900000000000006,22.5,74.5,24.10000000000001,32.0,40.5,34.30000000000001,36.80000000000001,0.0,27.10000000000001,39.29999999999998,25.0,37.69999999999999,1.3000000000000114,15.5,25.5,18.10000000000001,90.0,5.8999999999999915,98.5,38.900000000000006,41.400000000000006,5.799999999999997,34.5,18.099999999999994,3.1999999999999886,6.0,8.0,6.1000000000000085,5.5
golden rod color,147.5,139.3,63.099999999999994,120.60000000000002,52.4,55.500000000000014,101.30000000000001,136.2,26.200000000000003,72.8,44.699999999999996,16.89999999999999,114.69999999999999,98.89999999999999,2.200000000000003,121.7,138.2,135.60000000000002,110.00000000000001,35.099999999999994,144.5,95.3,134.90000000000003,33.699999999999996,63.4,30.099999999999994,91.90000000000003,114.39999999999999,149.10000000000002,26.599999999999994,140.7,179.40000000000003,10.0,126.80000000000001,67.2,171.90000000000003,76.39999999999999,124.5,111.80000000000001,40.599999999999994,139.89999999999998,27.10000000000001,43.5,112.90000000000003,41.3,40.099999999999994,57.099999999999994,31.400000000000006,57.0,39.599999999999994,40.199999999999996,110.0,37.0,111.0,126.69999999999999,75.6,20.9,146.90000000000003,58.39999999999999,47.10000000000001,44.199999999999996,70.8,26.5,45.500000000000014,51.0,113.69999999999999,132.40000000000003,79.7,75.8,28.099999999999994,38.2,16.799999999999997,4.6000000000000085,47.4,3.0,4.8999999999999915,13.399999999999991,7.200000000000003,9.700000000000003,27.10000000000001,0.0,66.39999999999999,2.1000000000000085,64.8,25.799999999999997,11.600000000000009,52.60000000000001,9.0,117.10000000000001,33.0,125.60000000000001,66.00000000000001,68.50000000000001,32.900000000000006,61.60000000000001,45.2,30.299999999999997,33.10000000000001,19.10000000000001,21.0,21.60000000000001
weird green color,146.10000000000002,154.3,129.5,173.0,118.79999999999998,10.899999999999977,167.7,157.40000000000003,40.19999999999999,6.400000000000006,111.1,83.29999999999998,178.90000000000003,32.5,68.6,55.30000000000001,155.40000000000003,158.0,43.60000000000002,101.49999999999999,149.10000000000002,28.900000000000006,158.7,100.1,129.79999999999998,96.49999999999999,158.3,48.0,144.5,92.99999999999999,152.90000000000003,114.19999999999999,76.39999999999999,166.8,0.8000000000000114,121.69999999999999,142.79999999999998,169.10000000000002,178.2,106.99999999999999,73.5,39.29999999999998,109.89999999999999,179.3,107.69999999999999,106.49999999999999,123.49999999999999,34.999999999999986,123.39999999999999,105.99999999999999,106.6,176.39999999999998,103.39999999999999,177.39999999999998,166.90000000000003,142.0,87.29999999999998,146.7,8.0,19.299999999999983,110.6,137.2,92.89999999999999,20.899999999999977,117.39999999999999,179.90000000000003,161.2,146.1,9.400000000000006,94.49999999999999,28.19999999999999,83.19999999999999,61.79999999999998,113.79999999999998,63.39999999999999,71.29999999999998,79.79999999999998,73.6,76.1,39.29999999999998,66.39999999999999,0.0,64.29999999999998,1.5999999999999943,40.599999999999994,54.79999999999998,13.799999999999983,57.39999999999999,50.70000000000002,33.39999999999999,59.20000000000002,0.39999999999997726,2.1000000000000227,33.499999999999986,4.799999999999983,21.19999999999999,36.099999999999994,33.29999999999998,47.29999999999998,45.39999999999999,44.79999999999998
golden yellow color,149.6,141.4,65.2,122.70000000000002,54.50000000000001,53.400000000000006,103.39999999999998,138.29999999999998,24.099999999999994,70.69999999999999,46.800000000000004,19.0,116.79999999999998,96.79999999999998,4.300000000000011,119.6,140.29999999999998,137.70000000000002,107.9,37.2,146.6,93.19999999999999,137.00000000000003,35.800000000000004,65.5,32.2,94.0,112.29999999999998,151.20000000000002,28.700000000000003,142.79999999999998,178.49999999999997,12.100000000000009,128.9,65.1,174.00000000000003,78.5,126.6,113.9,42.7,137.79999999999998,25.0,45.60000000000001,115.00000000000003,43.400000000000006,42.2,59.2,29.299999999999997,59.10000000000001,41.7,42.300000000000004,112.1,39.10000000000001,113.1,128.79999999999998,77.7,23.000000000000007,149.00000000000003,56.29999999999998,45.0,46.300000000000004,72.9,28.60000000000001,43.400000000000006,53.10000000000001,115.79999999999998,134.50000000000003,81.80000000000001,73.69999999999999,30.200000000000003,36.099999999999994,18.900000000000006,2.5,49.50000000000001,0.8999999999999915,7.0,15.5,9.300000000000011,11.800000000000011,25.0,2.1000000000000085,64.29999999999998,0.0,62.69999999999999,23.69999999999999,9.5,50.5,6.8999999999999915,115.0,30.89999999999999,123.5,63.900000000000006,66.4,30.799999999999997,59.5,43.099999999999994,28.19999999999999,31.0,17.0,18.89999999999999,19.5
hospital green color,147.70000000000002,155.9,127.89999999999999,174.6,117.19999999999999,9.299999999999983,166.1,159.00000000000003,38.599999999999994,8.0,109.5,81.69999999999999,179.49999999999997,34.099999999999994,67.0,56.900000000000006,157.00000000000003,159.6,45.20000000000002,99.89999999999999,150.70000000000002,30.5,160.29999999999998,98.5,128.2,94.89999999999999,156.70000000000002,49.599999999999994,146.1,91.39999999999999,154.50000000000003,115.79999999999998,74.8,168.4,2.4000000000000057,123.29999999999998,141.2,170.70000000000002,176.6,105.39999999999999,75.1,37.69999999999999,108.3,177.70000000000002,106.1,104.89999999999999,121.89999999999999,33.39999999999999,121.8,104.39999999999999,105.0,174.79999999999998,101.8,175.79999999999998,168.50000000000003,140.4,85.69999999999999,148.29999999999998,6.400000000000006,17.69999999999999,109.0,135.6,91.3,19.299999999999983,115.8,178.49999999999997,162.79999999999998,144.5,11.0,92.89999999999999,26.599999999999994,81.6,60.19999999999999,112.19999999999999,61.8,69.69999999999999,78.19999999999999,72.0,74.5,37.69999999999999,64.8,1.5999999999999943,62.69999999999999,0.0,39.0,53.19999999999999,12.199999999999989,55.8,52.30000000000001,31.799999999999997,60.80000000000001,1.200000000000017,3.700000000000017,31.89999999999999,3.1999999999999886,19.599999999999994,34.5,31.69999999999999,45.69999999999999,43.8,43.19999999999999
sickly yellow color,173.29999999999998,165.1,88.89999999999999,146.4,78.19999999999999,29.700000000000017,127.1,161.99999999999997,0.4000000000000057,47.0,70.5,42.69999999999999,140.49999999999997,73.1,28.0,95.9,163.99999999999997,161.4,84.20000000000002,60.89999999999999,170.29999999999998,69.5,160.70000000000002,59.49999999999999,89.19999999999999,55.89999999999999,117.70000000000002,88.6,174.9,52.39999999999999,166.49999999999997,154.79999999999998,35.8,152.6,41.400000000000006,162.29999999999998,102.19999999999999,150.29999999999998,137.6,66.39999999999999,114.1,1.3000000000000114,69.3,138.70000000000002,67.1,65.89999999999999,82.89999999999999,5.6000000000000085,82.8,65.39999999999999,66.0,135.79999999999998,62.8,136.79999999999998,152.49999999999997,101.39999999999999,46.699999999999996,172.70000000000002,32.599999999999994,21.30000000000001,70.0,96.6,52.3,19.700000000000017,76.8,139.49999999999997,158.20000000000002,105.5,50.0,53.89999999999999,12.400000000000006,42.599999999999994,21.19999999999999,73.19999999999999,22.799999999999997,30.69999999999999,39.19999999999999,33.0,35.5,1.3000000000000114,25.799999999999997,40.599999999999994,23.69999999999999,39.0,0.0,14.199999999999989,26.80000000000001,16.799999999999997,91.30000000000001,7.200000000000003,99.80000000000001,40.20000000000002,42.70000000000002,7.1000000000000085,35.80000000000001,19.400000000000006,4.5,7.300000000000011,6.699999999999989,4.799999999999997,4.199999999999989
sandy color,159.1,150.9,74.7,132.20000000000002,64.0,43.900000000000006,112.9,147.79999999999998,14.599999999999994,61.19999999999999,56.300000000000004,28.5,126.29999999999998,87.29999999999998,13.800000000000011,110.1,149.79999999999998,147.20000000000002,98.4,46.7,156.1,83.69999999999999,146.50000000000003,45.300000000000004,75.0,41.7,103.5,102.79999999999998,160.70000000000002,38.2,152.29999999999998,168.99999999999997,21.60000000000001,138.4,55.599999999999994,176.49999999999997,88.0,136.1,123.4,52.2,128.29999999999998,15.5,55.10000000000001,124.50000000000003,52.900000000000006,51.7,68.7,19.799999999999997,68.60000000000001,51.2,51.800000000000004,121.6,48.60000000000001,122.6,138.29999999999998,87.2,32.50000000000001,158.50000000000003,46.79999999999998,35.5,55.800000000000004,82.4,38.10000000000001,33.900000000000006,62.60000000000001,125.29999999999998,144.00000000000003,91.30000000000001,64.19999999999999,39.7,26.599999999999994,28.400000000000006,7.0,59.00000000000001,8.600000000000009,16.5,25.0,18.80000000000001,21.30000000000001,15.5,11.600000000000009,54.79999999999998,9.5,53.19999999999999,14.199999999999989,0.0,41.0,2.6000000000000085,105.5,21.39999999999999,114.0,54.400000000000006,56.900000000000006,21.299999999999997,50.0,33.599999999999994,18.69999999999999,21.5,7.5,9.399999999999991,10.0
fluro green color,159.9,168.1,115.7,173.20000000000002,105.0,2.9000000000000057,153.9,171.20000000000002,26.400000000000006,20.19999999999999,97.30000000000001,69.5,167.29999999999998,46.29999999999998,54.80000000000001,69.1,169.20000000000002,171.79999999999998,57.400000000000006,87.7,162.9,42.69999999999999,172.49999999999997,86.30000000000001,116.0,82.7,144.50000000000003,61.79999999999998,158.29999999999998,79.2,166.70000000000002,127.99999999999997,62.60000000000001,179.4,14.599999999999994,135.49999999999997,129.0,177.1,164.4,93.2,87.29999999999998,25.5,96.10000000000001,165.50000000000003,93.9,92.7,109.7,21.200000000000003,109.60000000000001,92.2,92.80000000000001,162.6,89.60000000000001,163.6,179.29999999999998,128.20000000000002,73.5,160.49999999999997,5.799999999999983,5.5,96.80000000000001,123.4,79.10000000000001,7.099999999999994,103.60000000000001,166.29999999999998,174.99999999999997,132.3,23.19999999999999,80.7,14.400000000000006,69.4,48.0,100.0,49.60000000000001,57.5,66.0,59.80000000000001,62.30000000000001,25.5,52.60000000000001,13.799999999999983,50.5,12.199999999999989,26.80000000000001,41.0,0.0,43.60000000000001,64.5,19.60000000000001,73.0,13.400000000000006,15.900000000000006,19.700000000000003,9.0,7.400000000000006,22.30000000000001,19.5,33.5,31.60000000000001,31.0
light gold color,156.5,148.3,72.1,129.60000000000002,61.4,46.500000000000014,110.30000000000001,145.2,17.200000000000003,63.8,53.699999999999996,25.89999999999999,123.69999999999999,89.89999999999999,11.200000000000003,112.7,147.2,144.60000000000002,101.00000000000001,44.099999999999994,153.5,86.3,143.90000000000003,42.699999999999996,72.4,39.099999999999994,100.90000000000003,105.39999999999999,158.10000000000002,35.599999999999994,149.7,171.59999999999997,19.0,135.8,58.2,179.09999999999997,85.39999999999999,133.5,120.80000000000001,49.599999999999994,130.89999999999998,18.10000000000001,52.5,121.90000000000003,50.3,49.099999999999994,66.1,22.400000000000006,66.0,48.599999999999994,49.199999999999996,119.0,46.0,120.0,135.7,84.6,29.9,155.90000000000003,49.39999999999999,38.10000000000001,53.199999999999996,79.8,35.5,36.500000000000014,60.0,122.69999999999999,141.40000000000003,88.7,66.8,37.099999999999994,29.200000000000003,25.799999999999997,4.3999999999999915,56.4,6.0,13.899999999999991,22.39999999999999,16.200000000000003,18.700000000000003,18.10000000000001,9.0,57.39999999999999,6.8999999999999915,55.8,16.799999999999997,2.6000000000000085,43.60000000000001,0.0,108.10000000000001,24.0,116.60000000000001,57.000000000000014,59.500000000000014,23.900000000000006,52.60000000000001,36.2,21.299999999999997,24.10000000000001,10.100000000000009,12.0,12.600000000000009
bright light blue color,95.4,103.6,179.79999999999998,122.29999999999998,169.5,61.599999999999994,141.6,106.70000000000002,90.9,44.30000000000001,161.8,134.0,128.20000000000002,18.200000000000017,119.30000000000001,4.599999999999994,104.70000000000002,107.29999999999998,7.099999999999994,152.2,98.4,21.80000000000001,107.99999999999997,150.8,179.5,147.2,150.99999999999997,2.700000000000017,93.79999999999998,143.7,102.20000000000002,63.49999999999997,127.10000000000001,116.1,49.900000000000006,70.99999999999997,166.5,118.4,131.1,157.7,22.799999999999983,90.0,160.60000000000002,129.99999999999997,158.4,157.2,174.20000000000002,85.7,174.1,156.7,157.3,132.9,154.10000000000002,131.9,116.20000000000002,167.29999999999998,138.0,95.99999999999997,58.70000000000002,70.0,161.3,172.1,143.60000000000002,71.6,168.10000000000002,129.20000000000002,110.49999999999997,163.2,41.30000000000001,145.2,78.9,133.9,112.5,164.5,114.10000000000001,122.0,130.5,124.30000000000001,126.80000000000001,90.0,117.10000000000001,50.70000000000002,115.0,52.30000000000001,91.30000000000001,105.5,64.5,108.10000000000001,0.0,84.10000000000001,8.5,51.099999999999994,48.599999999999994,84.2,55.5,71.9,86.80000000000001,84.0,98.0,96.10000000000001,95.5
yellowy green color,179.5,172.3,96.1,153.60000000000002,85.4,22.500000000000014,134.3,169.2,6.799999999999997,39.8,77.69999999999999,49.89999999999999,147.7,65.89999999999999,35.2,88.7,171.2,168.60000000000002,77.00000000000001,68.1,177.5,62.3,167.90000000000003,66.69999999999999,96.4,63.099999999999994,124.90000000000003,81.39999999999999,177.89999999999998,59.599999999999994,173.7,147.59999999999997,43.0,159.8,34.2,155.09999999999997,109.39999999999999,157.5,144.8,73.6,106.89999999999999,5.8999999999999915,76.5,145.90000000000003,74.3,73.1,90.1,1.5999999999999943,90.0,72.6,73.19999999999999,143.0,70.0,144.0,159.7,108.6,53.9,179.90000000000003,25.39999999999999,14.100000000000009,77.19999999999999,103.8,59.5,12.500000000000014,84.0,146.7,165.40000000000003,112.7,42.8,61.099999999999994,5.200000000000003,49.8,28.39999999999999,80.4,30.0,37.89999999999999,46.39999999999999,40.2,42.7,5.8999999999999915,33.0,33.39999999999999,30.89999999999999,31.799999999999997,7.200000000000003,21.39999999999999,19.60000000000001,24.0,84.10000000000001,0.0,92.60000000000001,33.000000000000014,35.500000000000014,0.09999999999999432,28.60000000000001,12.200000000000003,2.700000000000003,0.10000000000000853,13.899999999999991,12.0,11.399999999999991
robin's egg blue color,86.9,95.1,171.29999999999998,113.79999999999998,178.0,70.1,133.1,98.20000000000002,99.4,52.80000000000001,170.3,142.5,119.70000000000002,26.700000000000017,127.80000000000001,3.9000000000000057,96.20000000000002,98.79999999999998,15.599999999999994,160.7,89.9,30.30000000000001,99.49999999999997,159.3,171.0,155.7,142.49999999999997,11.200000000000017,85.29999999999998,152.2,93.70000000000002,54.99999999999997,135.60000000000002,107.6,58.400000000000006,62.49999999999997,158.0,109.9,122.6,166.2,14.299999999999983,98.5,169.10000000000002,121.49999999999997,166.9,165.7,177.29999999999998,94.2,177.4,165.2,165.8,124.4,162.60000000000002,123.4,107.70000000000002,158.79999999999998,146.5,87.49999999999997,67.20000000000002,78.5,169.8,163.6,152.10000000000002,80.1,176.60000000000002,120.70000000000002,101.99999999999997,154.7,49.80000000000001,153.7,87.4,142.4,121.0,173.0,122.60000000000001,130.5,139.0,132.8,135.3,98.5,125.60000000000001,59.20000000000002,123.5,60.80000000000001,99.80000000000001,114.0,73.0,116.60000000000001,8.5,92.60000000000001,0.0,59.599999999999994,57.099999999999994,92.7,64.0,80.4,95.30000000000001,92.5,106.5,104.60000000000001,104.0
light sea green color,146.5,154.7,129.10000000000002,173.39999999999998,118.4,10.5,167.3,157.8,39.80000000000001,6.799999999999983,110.70000000000002,82.9,179.3,32.89999999999998,68.20000000000002,55.69999999999999,155.8,158.39999999999998,44.0,101.10000000000001,149.5,29.299999999999983,159.09999999999997,99.70000000000002,129.4,96.10000000000001,157.90000000000003,48.39999999999998,144.89999999999998,92.60000000000001,153.3,114.59999999999997,76.00000000000001,167.2,1.1999999999999886,122.09999999999997,142.4,169.5,177.8,106.60000000000001,73.89999999999998,38.900000000000006,109.50000000000001,178.90000000000003,107.30000000000001,106.10000000000001,123.10000000000001,34.60000000000001,123.00000000000001,105.60000000000001,106.20000000000002,176.0,103.00000000000001,177.0,167.3,141.60000000000002,86.9,147.09999999999997,7.600000000000023,18.900000000000006,110.20000000000002,136.8,92.50000000000001,20.5,117.00000000000001,179.7,161.59999999999997,145.70000000000002,9.799999999999983,94.10000000000001,27.80000000000001,82.80000000000001,61.400000000000006,113.4,63.000000000000014,70.9,79.4,73.20000000000002,75.70000000000002,38.900000000000006,66.00000000000001,0.39999999999997726,63.900000000000006,1.200000000000017,40.20000000000002,54.400000000000006,13.400000000000006,57.000000000000014,51.099999999999994,33.000000000000014,59.599999999999994,0.0,2.5,33.10000000000001,4.400000000000006,20.80000000000001,35.70000000000002,32.900000000000006,46.900000000000006,45.000000000000014,44.400000000000006
light bluish green color,144.0,152.2,131.60000000000002,170.89999999999998,120.9,13.0,169.8,155.3,42.30000000000001,4.299999999999983,113.20000000000002,85.4,176.8,30.399999999999977,70.70000000000002,53.19999999999999,153.3,155.89999999999998,41.5,103.60000000000001,147.0,26.799999999999983,156.59999999999997,102.20000000000002,131.9,98.60000000000001,160.40000000000003,45.89999999999998,142.39999999999998,95.10000000000001,150.8,112.09999999999997,78.50000000000001,164.7,1.3000000000000114,119.59999999999997,144.9,167.0,179.7,109.10000000000001,71.39999999999998,41.400000000000006,112.00000000000001,178.59999999999997,109.80000000000001,108.60000000000001,125.60000000000001,37.10000000000001,125.50000000000001,108.10000000000001,108.70000000000002,178.5,105.50000000000001,179.5,164.8,144.10000000000002,89.4,144.59999999999997,10.100000000000023,21.400000000000006,112.70000000000002,139.3,95.00000000000001,23.0,119.50000000000001,177.8,159.09999999999997,148.20000000000002,7.299999999999983,96.60000000000001,30.30000000000001,85.30000000000001,63.900000000000006,115.9,65.50000000000001,73.4,81.9,75.70000000000002,78.20000000000002,41.400000000000006,68.50000000000001,2.1000000000000227,66.4,3.700000000000017,42.70000000000002,56.900000000000006,15.900000000000006,59.500000000000014,48.599999999999994,35.500000000000014,57.099999999999994,2.5,0.0,35.60000000000001,6.900000000000006,23.30000000000001,38.20000000000002,35.400000000000006,49.400000000000006,47.500000000000014,46.900000000000006
chartreuse color,179.60000000000002,172.2,96.0,153.5,85.30000000000001,22.60000000000001,134.2,169.09999999999997,6.700000000000003,39.89999999999999,77.6,49.8,147.59999999999997,65.99999999999999,35.10000000000001,88.8,171.09999999999997,168.5,77.10000000000001,68.0,177.39999999999998,62.39999999999999,167.8,66.6,96.30000000000001,63.0,124.80000000000001,81.49999999999999,178.0,59.5,173.59999999999997,147.7,42.900000000000006,159.7,34.3,155.2,109.3,157.39999999999998,144.7,73.5,106.99999999999999,5.799999999999997,76.4,145.8,74.2,73.0,90.0,1.5,89.9,72.5,73.1,142.89999999999998,69.9,143.89999999999998,159.59999999999997,108.5,53.800000000000004,179.8,25.499999999999986,14.200000000000003,77.1,103.7,59.400000000000006,12.600000000000009,83.9,146.59999999999997,165.3,112.60000000000001,42.89999999999999,61.0,5.299999999999997,49.7,28.299999999999997,80.30000000000001,29.900000000000006,37.8,46.3,40.10000000000001,42.60000000000001,5.799999999999997,32.900000000000006,33.499999999999986,30.799999999999997,31.89999999999999,7.1000000000000085,21.299999999999997,19.700000000000003,23.900000000000006,84.2,0.09999999999999432,92.7,33.10000000000001,35.60000000000001,0.0,28.700000000000003,12.299999999999997,2.6000000000000085,0.20000000000000284,13.799999999999997,11.900000000000006,11.299999999999997
mint green color,150.9,159.1,124.7,177.79999999999998,114.0,6.099999999999994,162.9,162.20000000000002,35.400000000000006,11.199999999999989,106.30000000000001,78.5,176.29999999999998,37.29999999999998,63.80000000000001,60.099999999999994,160.20000000000002,162.79999999999998,48.400000000000006,96.7,153.9,33.69999999999999,163.49999999999997,95.30000000000001,125.0,91.7,153.50000000000003,52.79999999999998,149.29999999999998,88.2,157.70000000000002,118.99999999999997,71.60000000000001,171.6,5.599999999999994,126.49999999999997,138.0,173.9,173.4,102.2,78.29999999999998,34.5,105.10000000000001,174.50000000000003,102.9,101.7,118.7,30.200000000000003,118.60000000000001,101.2,101.80000000000001,171.6,98.60000000000001,172.6,171.70000000000002,137.20000000000002,82.5,151.49999999999997,3.200000000000017,14.5,105.80000000000001,132.4,88.10000000000001,16.099999999999994,112.60000000000001,175.29999999999998,165.99999999999997,141.3,14.199999999999989,89.7,23.400000000000006,78.4,57.0,109.0,58.60000000000001,66.5,75.0,68.80000000000001,71.30000000000001,34.5,61.60000000000001,4.799999999999983,59.5,3.1999999999999886,35.80000000000001,50.0,9.0,52.60000000000001,55.5,28.60000000000001,64.0,4.400000000000006,6.900000000000006,28.700000000000003,0.0,16.400000000000006,31.30000000000001,28.5,42.5,40.60000000000001,40.0
key lime color,167.3,175.5,108.3,165.8,97.6,10.300000000000011,146.5,178.60000000000002,19.0,27.599999999999994,89.9,62.099999999999994,159.89999999999998,53.69999999999999,47.400000000000006,76.5,176.60000000000002,179.2,64.80000000000001,80.3,170.3,50.099999999999994,179.89999999999998,78.9,108.6,75.3,137.10000000000002,69.19999999999999,165.7,71.8,174.10000000000002,135.39999999999998,55.2,172.0,22.0,142.89999999999998,121.6,169.7,157.0,85.8,94.69999999999999,18.099999999999994,88.7,158.10000000000002,86.5,85.3,102.3,13.799999999999997,102.2,84.8,85.4,155.2,82.2,156.2,171.89999999999998,120.8,66.1,167.89999999999998,13.199999999999989,1.9000000000000057,89.4,116.0,71.7,0.30000000000001137,96.2,158.89999999999998,177.60000000000002,124.9,30.599999999999994,73.3,7.0,62.0,40.599999999999994,92.6,42.2,50.099999999999994,58.599999999999994,52.400000000000006,54.900000000000006,18.099999999999994,45.2,21.19999999999999,43.099999999999994,19.599999999999994,19.400000000000006,33.599999999999994,7.400000000000006,36.2,71.9,12.200000000000003,80.4,20.80000000000001,23.30000000000001,12.299999999999997,16.400000000000006,0.0,14.900000000000006,12.099999999999994,26.099999999999994,24.200000000000003,23.599999999999994
light khaki color,177.79999999999998,169.6,93.39999999999999,150.9,82.69999999999999,25.200000000000017,131.6,166.49999999999997,4.099999999999994,42.5,75.0,47.19999999999999,144.99999999999997,68.6,32.5,91.4,168.49999999999997,165.9,79.70000000000002,65.39999999999999,174.79999999999998,65.0,165.20000000000002,63.99999999999999,93.69999999999999,60.39999999999999,122.20000000000002,84.1,179.4,56.89999999999999,170.99999999999997,150.29999999999998,40.3,157.1,36.900000000000006,157.79999999999998,106.69999999999999,154.79999999999998,142.1,70.89999999999999,109.6,3.1999999999999886,73.8,143.20000000000002,71.6,70.39999999999999,87.39999999999999,1.1000000000000085,87.3,69.89999999999999,70.5,140.29999999999998,67.3,141.29999999999998,156.99999999999997,105.89999999999999,51.199999999999996,177.20000000000002,28.099999999999994,16.80000000000001,74.5,101.1,56.8,15.200000000000017,81.3,143.99999999999997,162.70000000000002,110.0,45.5,58.39999999999999,7.900000000000006,47.099999999999994,25.69999999999999,77.69999999999999,27.299999999999997,35.19999999999999,43.69999999999999,37.5,40.0,3.1999999999999886,30.299999999999997,36.099999999999994,28.19999999999999,34.5,4.5,18.69999999999999,22.30000000000001,21.299999999999997,86.80000000000001,2.700000000000003,95.30000000000001,35.70000000000002,38.20000000000002,2.6000000000000085,31.30000000000001,14.900000000000006,0.0,2.8000000000000114,11.199999999999989,9.299999999999997,8.699999999999989
green yellow color,179.4,172.4,96.2,153.70000000000002,85.5,22.400000000000006,134.4,169.29999999999998,6.900000000000006,39.69999999999999,77.80000000000001,50.0,147.79999999999998,65.79999999999998,35.30000000000001,88.6,171.29999999999998,168.70000000000002,76.9,68.2,177.6,62.19999999999999,168.00000000000003,66.80000000000001,96.5,63.2,125.00000000000003,81.29999999999998,177.79999999999998,59.7,173.79999999999998,147.49999999999997,43.10000000000001,159.9,34.099999999999994,154.99999999999997,109.5,157.6,144.9,73.7,106.79999999999998,6.0,76.60000000000001,146.00000000000003,74.4,73.2,90.2,1.7000000000000028,90.10000000000001,72.7,73.30000000000001,143.1,70.10000000000001,144.1,159.79999999999998,108.7,54.00000000000001,179.99999999999997,25.299999999999983,14.0,77.30000000000001,103.9,59.60000000000001,12.400000000000006,84.10000000000001,146.79999999999998,165.50000000000003,112.80000000000001,42.69999999999999,61.2,5.099999999999994,49.900000000000006,28.5,80.5,30.10000000000001,38.0,46.5,40.30000000000001,42.80000000000001,6.0,33.10000000000001,33.29999999999998,31.0,31.69999999999999,7.300000000000011,21.5,19.5,24.10000000000001,84.0,0.10000000000000853,92.5,32.900000000000006,35.400000000000006,0.20000000000000284,28.5,12.099999999999994,2.8000000000000114,0.0,14.0,12.100000000000009,11.5
bright yellow color,166.6,158.4,82.2,139.70000000000002,71.5,36.400000000000006,120.4,155.29999999999998,7.099999999999994,53.69999999999999,63.800000000000004,36.0,133.79999999999998,79.79999999999998,21.30000000000001,102.6,157.29999999999998,154.70000000000002,90.9,54.2,163.6,76.19999999999999,154.00000000000003,52.800000000000004,82.5,49.2,111.00000000000003,95.29999999999998,168.20000000000002,45.7,159.79999999999998,161.49999999999997,29.10000000000001,145.9,48.099999999999994,168.99999999999997,95.5,143.6,130.9,59.7,120.79999999999998,8.0,62.60000000000001,132.00000000000003,60.400000000000006,59.2,76.2,12.299999999999997,76.10000000000001,58.7,59.300000000000004,129.1,56.10000000000001,130.1,145.79999999999998,94.7,40.00000000000001,166.00000000000003,39.29999999999998,28.0,63.300000000000004,89.9,45.60000000000001,26.400000000000006,70.10000000000001,132.79999999999998,151.50000000000003,98.80000000000001,56.69999999999999,47.2,19.099999999999994,35.900000000000006,14.5,66.5,16.10000000000001,24.0,32.5,26.30000000000001,28.80000000000001,8.0,19.10000000000001,47.29999999999998,17.0,45.69999999999999,6.699999999999989,7.5,33.5,10.100000000000009,98.0,13.899999999999991,106.5,46.900000000000006,49.400000000000006,13.799999999999997,42.5,26.099999999999994,11.199999999999989,14.0,0.0,1.8999999999999915,2.5
butter yellow color,168.5,160.3,84.1,141.60000000000002,73.4,34.500000000000014,122.30000000000001,157.2,5.200000000000003,51.8,65.69999999999999,37.89999999999999,135.7,77.89999999999999,23.200000000000003,100.7,159.2,156.60000000000002,89.00000000000001,56.099999999999994,165.5,74.3,155.90000000000003,54.699999999999996,84.4,51.099999999999994,112.90000000000003,93.39999999999999,170.10000000000002,47.599999999999994,161.7,159.59999999999997,31.0,147.8,46.2,167.09999999999997,97.39999999999999,145.5,132.8,61.599999999999994,118.89999999999999,6.1000000000000085,64.5,133.90000000000003,62.3,61.099999999999994,78.1,10.400000000000006,78.0,60.599999999999994,61.199999999999996,131.0,58.0,132.0,147.7,96.6,41.9,167.90000000000003,37.39999999999999,26.10000000000001,65.19999999999999,91.8,47.5,24.500000000000014,72.0,134.7,153.40000000000003,100.7,54.8,49.099999999999994,17.200000000000003,37.8,16.39999999999999,68.4,18.0,25.89999999999999,34.39999999999999,28.200000000000003,30.700000000000003,6.1000000000000085,21.0,45.39999999999999,18.89999999999999,43.8,4.799999999999997,9.399999999999991,31.60000000000001,12.0,96.10000000000001,12.0,104.60000000000001,45.000000000000014,47.500000000000014,11.900000000000006,40.60000000000001,24.200000000000003,9.299999999999997,12.100000000000009,1.8999999999999915,0.0,0.6000000000000085
light yellow color,169.1,160.9,84.7,142.20000000000002,74.0,33.900000000000006,122.9,157.79999999999998,4.599999999999994,51.19999999999999,66.30000000000001,38.5,136.29999999999998,77.29999999999998,23.80000000000001,100.1,159.79999999999998,157.20000000000002,88.4,56.7,166.1,73.69999999999999,156.50000000000003,55.300000000000004,85.0,51.7,113.50000000000003,92.79999999999998,170.70000000000002,48.2,162.29999999999998,158.99999999999997,31.60000000000001,148.4,45.599999999999994,166.49999999999997,98.0,146.1,133.4,62.2,118.29999999999998,5.5,65.10000000000001,134.50000000000003,62.900000000000006,61.7,78.7,9.799999999999997,78.60000000000001,61.2,61.800000000000004,131.6,58.60000000000001,132.6,148.29999999999998,97.2,42.50000000000001,168.50000000000003,36.79999999999998,25.5,65.80000000000001,92.4,48.10000000000001,23.900000000000006,72.60000000000001,135.29999999999998,154.00000000000003,101.30000000000001,54.19999999999999,49.7,16.599999999999994,38.400000000000006,17.0,69.0,18.60000000000001,26.5,35.0,28.80000000000001,31.30000000000001,5.5,21.60000000000001,44.79999999999998,19.5,43.19999999999999,4.199999999999989,10.0,31.0,12.600000000000009,95.5,11.399999999999991,104.0,44.400000000000006,46.900000000000006,11.299999999999997,40.0,23.599999999999994,8.699999999999989,11.5,2.5,0.6000000000000085,0.0
