,1921,1922,1923,1924,1925,1926,1927,1928,1929,1930,1931,1932,1933,1934,1935,1936,1937,1938,1939,1940,1941,1942,1943,1944,1945,1946,1947,1948,1949,1950,1951,1952,1953,1954,1955,1956,1957,1958,1959,1960,1961,1962,1963,1964,1965,1966,1967,1968,1969,1970,1971,1972,1973,1974,1975,1976,1977,1978,1979,1980,1981,1982,1983,1984,1985,1986,1987,1988,1989,1990,1991,1992,1993,1994,1995,1996,1997,1998,1999,2000,2001,2002,2003,2004,2005,2006,2007,2008,2009,2010,2011,2012,2013,2014,2015,2016,2017,2018,2019,2020
1921,0.0,0.0005204267616811197,0.0010405828202230594,0.001560468457095109,0.0020800839533279946,0.0025994295895142355,0.0031185056458097327,0.003637312401934262,0.004155850137172419,0.004674119130374582,0.005192119659957763,0.005709852003906603,0.006227316439774241,0.006744513244682995,0.0072614426953254855,0.007778105067965665,0.00829450063843919,0.00881062968215492,0.009326492474095192,0.009842089288817132,0.01035742040045361,0.010872486082713574,0.011387286608883483,0.011901822251827752,0.012416093283990006,0.01293009997739377,0.013443842603643055,0.013957321433923758,0.014470536739004156,0.014983488789235874,0.015496177854554519,0.016008604204481115,0.016520768108122315,0.017032669834171392,0.017544309650909508,0.018055687826206042,0.018566804627519525,0.01907766032189904,0.01958825517598413,0.020098589456006226,0.020608663427789616,0.021118477356751743,0.021628031507904415,0.02213732614585459,0.02264636153480494,0.023155137938555188,0.023663655620502377,0.024171914843642124,0.024679915870568885,0.025187658963477584,0.02569514438416355,0.026202372394024072,0.026709343254058677,0.027216057224870242,0.027722514566665562,0.028228715539256446,0.028734660402060304,0.029240349414100725,0.02974578283400907,0.030250960920024297,0.030755883929994243,0.031260552121376683,0.0317649657512393,0.03226912507626144,0.0327730303527342,0.033276681836561295,0.033780079783260225,0.03428322444796267,0.03478611608541554,0.03528875494998146,0.03579114129563968,0.036293275375986894,0.03679515744423813,0.03729678775322696,0.0377981665554072,0.03829929410285265,0.03880017064725858,0.039300796439942144,0.03980117173184342,0.04030129677352569,0.04080117181517677,0.04130079710660926,0.041800172897261616,0.04229929943619881,0.04279817697211288,0.04329680575332419,0.04379518602778152,0.04429331804306313,0.04479120204637775,0.04528883828456482,0.04578622700409542,0.046283368451073226,0.046780262871234844,0.047276910509950934,0.04777331161222668,0.04826946642270264,0.048765375185655095,0.04926103814499757,0.049756455544280896,0.05025162762669384
1922,0.0005204267616811663,0.0,0.0005201560585419184,0.0010400416954139703,0.0015596571916467754,0.0020790028278331015,0.002598078884128563,0.003116885640253111,0.00363542337549131,0.004153692368693404,0.004671692898276625,0.005189425242225496,0.005706889678093052,0.006224086483001842,0.006741015933644384,0.007257678306284528,0.0077740738767580475,0.008290202920473687,0.008806065712414001,0.00932166252713598,0.00983699363877247,0.010352059321032364,0.010866859847202282,0.01138139549014656,0.011895666522308827,0.01240967321571259,0.012923415841961928,0.013436894672242556,0.013950109977322983,0.0144630620275547,0.014975751092873368,0.015488177442800026,0.01600034134644119,0.016512243072490294,0.017023882889228393,0.017535261064524816,0.018046377865838462,0.018557233560217927,0.019067828414302896,0.01957816269432512,0.020088236666108466,0.02059805059507057,0.02110760474622326,0.021616899384173348,0.02212593477312384,0.022634711176874066,0.023143228858821276,0.023651488081960877,0.024159489108887728,0.024667232201796396,0.025174717622482457,0.025681945632342905,0.026188916492377572,0.026695630463189114,0.02720208780498445,0.02770828877757533,0.028214233640379116,0.02871992265241959,0.029225356072327888,0.029730534158343085,0.030235457168313152,0.030740125359695444,0.031244538989558143,0.0317486983145803,0.032252603591052954,0.03275625507488013,0.033259653021579016,0.0337627976862816,0.03426568932373439,0.03476832818830029,0.03527071453395849,0.035772848614305734,0.03627473068255695,0.03677636099154584,0.03727773979372602,0.03777886734117147,0.03827974388557745,0.03878036967826106,0.039280744970162304,0.0397808700118446,0.040280745053495624,0.04078037034492807,0.04127974613558043,0.04177887267451759,0.04227775021043178,0.04277637899164299,0.04327475926610034,0.043772891281381975,0.04427077528469657,0.04476841152288368,0.04526580024241424,0.04576294168939198,0.046259836109553705,0.046756483748269774,0.0472528848505455,0.04774903966102138,0.048244948423974025,0.048740611383316465,0.04923602878259975,0.04973120086501269
1923,0.00104058282022311,0.0005201560585420083,0.0,0.0005198856368720542,0.0010395011331048897,0.0015588467692910788,0.0020779228255866163,0.0025967295817111834,0.0031152673169493115,0.0036335363101514507,0.00415153683973471,0.004669269183683612,0.0051867336195511975,0.005703930424459912,0.006220859875102506,0.006737522247742614,0.007253917818216126,0.007770046861931788,0.008285909653872032,0.008801506468594053,0.00931683758023055,0.009831903262490487,0.010346703788660304,0.010861239431604703,0.011375510463766982,0.011889517157170631,0.012403259783419912,0.012916738613700688,0.013429953918781034,0.01394290596901275,0.014455595034331439,0.014968021384258045,0.015480185287899172,0.015992087013948306,0.016503726830686384,0.01701510500598293,0.01752622180729651,0.01803707750167592,0.018547672355761,0.01905800663578313,0.01956808060756654,0.020077894536528616,0.020587448687681326,0.021096743325631436,0.021605778714581848,0.022114555118332168,0.022623072800279396,0.023131332023418966,0.023639333050345795,0.02414707614325443,0.02465456156394047,0.025161789573800955,0.025668760433835577,0.02617547440464721,0.026681931746442566,0.02718813271903344,0.02769407758183715,0.028199766593877677,0.028705200013786042,0.029210378099801208,0.029715301109771167,0.030219969301153542,0.030724382931016207,0.031228542256038386,0.03173244753251106,0.032236099016338185,0.03273949696303714,0.033242641627739634,0.03374553326519246,0.03424817212975835,0.03475055847541653,0.0352526925557638,0.03575457462401499,0.03625620493300395,0.03675758373518405,0.0372587112826295,0.03775958782703543,0.03826021361971908,0.0387605889116203,0.039260713953302606,0.0397605889949537,0.040260214286386216,0.040759590077038464,0.0412587166159757,0.04175759415188979,0.04225622293310111,0.04275460320755838,0.043252735222840046,0.04375061922615473,0.04424825546434165,0.044745644183872293,0.045242785630850074,0.04573968005101178,0.04623632768972784,0.04673272879200366,0.04722888360247945,0.04772479236543207,0.04822045532477458,0.04871587272405782,0.04921104480647076
1924,0.001560468457095192,0.0010400416954139326,0.0005198856368720565,0.0,0.0005196154962327548,0.0010389611324190292,0.0015580371887146424,0.002076843944839117,0.002595381680077287,0.00311365067327947,0.0036316512028626556,0.004149383546811478,0.004666847982679093,0.005184044787587843,0.0057009742382303765,0.006217636610870562,0.006734032181344068,0.007250161225059751,0.007766024017000037,0.008281620831721986,0.008796951943358493,0.009312017625618473,0.0098268181517883,0.010341353794732595,0.010855624826894887,0.011369631520298533,0.011883374146547868,0.012396852976828571,0.012910068281909059,0.013423020332140661,0.013935709397459374,0.014448135747386041,0.014960299651027131,0.015472201377076293,0.015983841193814352,0.0164952193691109,0.017006336170424418,0.017517191864803893,0.01802778671888897,0.018538120998911112,0.019048194970694474,0.01955800889965664,0.020067563050809256,0.020576857688759387,0.02108589307770983,0.021594669481460015,0.022103187163407263,0.022611446386546916,0.023119447413473722,0.02362719050638244,0.024134675927068458,0.024641903936928982,0.025148874796963556,0.02565558876777505,0.026162046109570427,0.026668247082161294,0.02717419194496516,0.027679880957005628,0.028185314376913944,0.02869049246292908,0.02919541547289916,0.0297000836642815,0.030204497294144133,0.030708656619166334,0.031212561895639018,0.031716213379466104,0.03221961132616502,0.03272275599086753,0.03322564762832039,0.03372828649288627,0.03423067283854455,0.034732806918891725,0.03523468898714289,0.0357363192961318,0.036237698098312066,0.03673882564575752,0.037239702190163385,0.037740327982847086,0.03824070327474827,0.038740828316430595,0.039240703358081636,0.03974032864951411,0.04023970444016648,0.04073883097910356,0.041237708515017776,0.041736337296229,0.04223471757068629,0.04273284958596798,0.04323073358928263,0.043728369827469596,0.044225758547000206,0.04472289999397803,0.04521979441413972,0.045716442052855764,0.046212843155131564,0.04670899796560738,0.04720490672855997,0.04770056968790244,0.048195987087185754,0.04869115916959869
1925,0.002080083953328005,0.00155965719164681,0.0010395011331048442,0.0005196154962327853,0.0,0.0005193456361862487,0.0010384216924818263,0.0015572284486063198,0.002075766183844531,0.0025940351770466466,0.0031120357066298705,0.0036297680505787237,0.004147232486446257,0.004664429291355043,0.005181358741997629,0.005698021114637779,0.006214416685111278,0.006730545728826983,0.007246408520767198,0.007762005335489189,0.008277336447125706,0.008792402129385615,0.009307202655555454,0.009821738298499756,0.01033600933066206,0.010850016024065818,0.011363758650315095,0.011877237480595835,0.012390452785676239,0.012903404835907841,0.013416093901226575,0.013928520251153192,0.01444068415479436,0.014952585880843437,0.01546422569758159,0.015975603872878028,0.016486720674191595,0.016997576368571136,0.017508171222656205,0.018018505502678365,0.018528579474461678,0.019038393403423816,0.019547947554576454,0.02005724219252661,0.02056627758147697,0.021075053985227247,0.021583571667174516,0.022091830890314135,0.02259983191724092,0.023107575010149605,0.023615060430835604,0.024122288440696166,0.02462925930073069,0.025135973271542274,0.02564243061333767,0.026148631585928533,0.02665457644873232,0.02716026546077285,0.027665698880681117,0.028170876966696335,0.02867579997666631,0.02918046816804873,0.02968488179791133,0.03018904112293355,0.030692946399406135,0.031196597883233288,0.03169999582993228,0.032203140494634706,0.0327060321320876,0.03320867099665346,0.03371105734231172,0.03421319142265892,0.03471507349091006,0.035216703799899045,0.03571808260207923,0.03621921014952469,0.036720086693930606,0.03722071248661424,0.0377210877785155,0.03822121282019774,0.038721087861848844,0.03922071315328127,0.039720088943933654,0.04021921548287081,0.040718093018784915,0.04121672179999626,0.04171510207445358,0.04221323408973518,0.0427111180930498,0.04320875433123681,0.043706143050767504,0.04420328449774525,0.04470017891790694,0.04519682655662296,0.04569322765889874,0.04618938246937458,0.046685291232327134,0.04718095419166969,0.04767637159095284,0.04817154367336589
1926,0.002599429589514286,0.0020790028278331553,0.0015588467692910996,0.0010389611324190385,0.0005193456361863339,0.0,0.0005190760562955422,0.0010378828124200546,0.0015564205476581953,0.0020746895408603554,0.002592690070443617,0.003110422414392391,0.003627886850260065,0.004145083655168775,0.004662013105811301,0.005178675478451415,0.005695071048925021,0.006211200092640636,0.006727062884580892,0.007242659699302924,0.007757990810939338,0.0082730564931994,0.00878785701936925,0.009302392662313561,0.009816663694475765,0.010330670387879522,0.010844413014128853,0.011357891844409516,0.011871107149489952,0.012384059199721666,0.012896748265040309,0.013409174614966875,0.01392133851860812,0.014433240244657225,0.014944880061395245,0.015456258236691802,0.015967375038005417,0.016478230732384795,0.01698882558646986,0.017499159866492035,0.018009233838275414,0.018519047767237527,0.019028601918390186,0.01953789655634036,0.020046931945290756,0.02055570834904101,0.021064226030988186,0.021572485254127888,0.022080486281054645,0.022588229373963303,0.023095714794649395,0.02360294280450988,0.024109913664544475,0.02461662763535603,0.025123084977151332,0.025629285949742304,0.026135230812546015,0.026640919824586603,0.02714635324449482,0.02765153133051001,0.028156454340480103,0.02866112253186249,0.02916553616172506,0.02966969548674718,0.0301736007632199,0.030677252247047006,0.031180650193745958,0.03168379485844852,0.03218668649590133,0.032689325360467175,0.03319171170612542,0.033693845786472644,0.034195727854723884,0.03469735816371281,0.03519873696589293,0.0356998645133384,0.03620074105774436,0.03670136685042793,0.03720174214232916,0.03770186718401153,0.03820174222566258,0.038701367517095075,0.03920074330774735,0.03969986984668458,0.0401987473825987,0.04069737616380994,0.041195756438267284,0.04169388845354891,0.04219177245686351,0.04268940869505056,0.04318679741458122,0.04368393886155901,0.044180833281720566,0.044677480920436684,0.04517388202271244,0.04567003683318832,0.046165945596140956,0.046661608555483354,0.04715702595476658,0.04765219803717962
1927,0.003118505645809825,0.002598078884128537,0.0020779228255866132,0.00155803718871455,0.001038421692481704,0.0005190760562955067,0.0,0.0005188067561245312,0.001037344491362713,0.0015556134845648062,0.002073614014148106,0.002591346358096911,0.003108810793964503,0.0036260075988732493,0.004142937049515827,0.004659599422155905,0.005175994992629504,0.005692124036345142,0.006207986828285439,0.006723583643007401,0.007238914754643823,0.007753980436903817,0.008268780963073678,0.008783316606017996,0.009297587638180324,0.009811594331583968,0.01032533695783324,0.010838815788114055,0.011352031093194407,0.01186498314342612,0.012377672208744786,0.012890098558671412,0.01340226246231251,0.013914164188361642,0.014425804005099758,0.014937182180396205,0.015448298981709869,0.01595915467608931,0.01646974953017437,0.01698008381019656,0.017490157781979893,0.017999971710941982,0.018509525862094655,0.01901882050004486,0.01952785588899517,0.020036632292745517,0.02054514997469271,0.02105340919783238,0.021561410224759117,0.022069153317667855,0.02257663873835381,0.02308386674821434,0.023590837608248996,0.02409755157906053,0.02460400892085585,0.025110209893446703,0.025616154756250568,0.02612184376829098,0.026627277188199378,0.027132455274214536,0.027637378284184527,0.028142046475566878,0.028646460105429643,0.02915061943045167,0.029654524706924403,0.030158176190751465,0.030661574137450492,0.031164718802152963,0.03166761043960581,0.03217024930417164,0.03267263564982987,0.03317476973017711,0.03367665179842833,0.03417828210741721,0.03467966090959748,0.035180788457042846,0.035681665001448856,0.03618229079413247,0.03668266608603367,0.03718279112771595,0.03768266616936706,0.03818229146079951,0.03868166725145191,0.03918079379038899,0.03967967132630312,0.04017830010751448,0.04067668038197173,0.04117481239725339,0.041672696400568074,0.04217033263875505,0.04266772135828568,0.04316486280526339,0.04366175722542505,0.04415840486414127,0.044654805966417,0.0451509607768928,0.0456468695398454,0.04614253249918788,0.04663794989847105,0.047133121980884096
1928,0.003637312401934372,0.003116885640253148,0.002596729581711135,0.002076843944839069,0.0015572284486063037,0.0010378828124200214,0.000518806756124439,0.0,0.0005185377352381119,0.0010368067284403603,0.001554807258023476,0.0020725396019724233,0.002590004037839934,0.0031072008427487155,0.0036241302933912338,0.004140792666031388,0.004657188236504981,0.00517331728022064,0.005689180072160867,0.00620477688688287,0.0067201079985193014,0.007235173680779337,0.007749974206949208,0.008264509849893424,0.008778780882055763,0.009292787575459406,0.009806530201708732,0.010320009031989472,0.010833224337069854,0.011346176387301567,0.011858865452620253,0.012371291802546829,0.012883455706188004,0.013395357432237163,0.01390699724897526,0.014418375424271712,0.014929492225585312,0.015440347919964816,0.015950942774049872,0.016461277054071962,0.016971351025855362,0.017481164954817427,0.01799071910597012,0.01850001374392023,0.019009049132870687,0.019517825536620903,0.020026343218568114,0.020534602441707864,0.02104260346863458,0.021550346561543286,0.022057831982229336,0.022565059992089787,0.0230720308521244,0.02357874482293602,0.024085202164731357,0.024591403137322207,0.025097348000125995,0.025603037012166468,0.026108470432074815,0.026613648518089943,0.027118571528060055,0.027623239719442375,0.028127653349305105,0.028631812674327153,0.0291357179507999,0.02963936943462703,0.030142767381325902,0.030645912046028397,0.031148803683481278,0.03165144254804721,0.03215382889370542,0.03265596297405257,0.03315784504230377,0.03365947535129272,0.03416085415347292,0.034661981700918394,0.03516285824532435,0.03566348403800789,0.036163859329909176,0.03666398437159147,0.03716385941324254,0.03766348470467494,0.03816286049532734,0.038661987034264496,0.039160864570178644,0.03965949335138989,0.04015787362584717,0.04065600564112885,0.04115388964444351,0.041651525882630526,0.04214891460216112,0.042646056049138875,0.04314295046930053,0.04363959810801673,0.04413599921029244,0.04463215402076826,0.045128062783720835,0.04562372574306339,0.04611914314234652,0.04661431522475956
1929,0.004155850137172541,0.003635423375491381,0.0031152673169492786,0.00259538168007721,0.0020757661838445253,0.001556420547658158,0.001037344491362722,0.0005185377352381531,0.0,0.0005182689932021813,0.001036269522785335,0.0015540018667342026,0.0020714663026018534,0.00258866310751056,0.00310559255815313,0.003622254930793249,0.004138650501266835,0.004654779544982516,0.0051706423369226725,0.005686239151644717,0.006201570263281157,0.006716635945541123,0.007231436471711006,0.007745972114655341,0.008260243146817581,0.008774249840221335,0.009287992466470604,0.00980147129675138,0.01031468660183168,0.010827638652063392,0.0113403277173821,0.011852754067308737,0.012364917970949876,0.012876819696998951,0.013388459513737029,0.013899837689033597,0.014410954490347135,0.014921810184726589,0.01543240503881164,0.01594273931883386,0.01645281329061721,0.016962627219579363,0.017472181370731962,0.017981476008682096,0.018490511397632584,0.018999287801382776,0.019507805483330008,0.020016064706469616,0.020524065733396418,0.021031808826305096,0.021539294246991122,0.022046522256851615,0.022553493116886293,0.023060207087697775,0.023566664429493133,0.02407286540208409,0.024578810264887806,0.02508449927692833,0.025589932696836633,0.02609511078285184,0.02660003379282185,0.027104701984204244,0.027609115614066943,0.028113274939089012,0.028617180215561658,0.029120831699388863,0.029624229646087807,0.030127374310790208,0.030630265948243123,0.031132904812809035,0.031635291158467235,0.03213742523881441,0.03263930730706559,0.0331409376160546,0.03364231641823473,0.03414344396568021,0.0346443205100861,0.035144946302769806,0.035645321594670945,0.03614544663635326,0.03664532167800438,0.03714494696943686,0.03764432276008916,0.03814344929902638,0.03864232683494043,0.0391409556161518,0.039639335890609105,0.0401374679058907,0.04063535190920532,0.041132988147392385,0.04163037686692295,0.04212751831390075,0.04262441273406238,0.04312106037277857,0.043617461475054256,0.044113616285530115,0.044609525048482646,0.04510518800782517,0.04560060540710837,0.04609577748952141
1930,0.00467411913037449,0.004153692368693395,0.0036335363101514242,0.0031136506732793536,0.002594035177046528,0.002074689540860297,0.0015556134845647852,0.0010368067284403084,0.0005182689932021143,0.0,0.0005180005295831919,0.0010357328735320908,0.0015531973093996598,0.002070394114308402,0.0025873235649509123,0.0031039859375911073,0.0036203815080646873,0.004136510551780279,0.004652373343720587,0.005167970158442561,0.005683301270079011,0.006198366952339019,0.006713167478508801,0.007227703121453145,0.007741974153615397,0.008255980847019149,0.008769723473268471,0.009283202303549171,0.009796417608629615,0.010309369658861213,0.010822058724179944,0.01133448507410653,0.011846648977747747,0.012358550703796848,0.012870190520534907,0.013381568695831368,0.013892685497144954,0.01440354119152447,0.014914136045609518,0.015424470325631639,0.015934544297415056,0.016444358226377184,0.016953912377529804,0.01746320701547996,0.017972242404430367,0.01848101880818065,0.01898953649012779,0.019497795713267478,0.020005796740194256,0.020513539833102903,0.021021025253789023,0.02152825326364944,0.02203522412368407,0.02254193809449564,0.023048395436291017,0.023554596408881856,0.024060541271685724,0.024566230283726193,0.025071663703634447,0.025576841789649737,0.026081764799619638,0.026586432991002117,0.02709084662086478,0.02759500594588687,0.02809891122235953,0.02860256270618669,0.029105960652885593,0.029609105317588133,0.03011199695504097,0.030614635819606863,0.031117022165265046,0.031619156245612366,0.032121038313863516,0.03262266862285237,0.03312404742503265,0.03362517497247802,0.034126051516883964,0.0346266773095676,0.03512705260146882,0.03562717764315116,0.03612705268480212,0.03662667797623466,0.03712605376688696,0.03762518030582416,0.03812405784173833,0.03862268662294959,0.039121066897406916,0.039619198912688544,0.04011708291600314,0.040614719154190244,0.04111210787372077,0.041609249320698614,0.04210614374086023,0.042602791379576406,0.043099192481852074,0.04359534729232796,0.044091256055280574,0.044586919014623055,0.045082336413906215,0.04557750849631925
1931,0.00519211965995771,0.0046716928982766795,0.004151536839734619,0.003631651202862546,0.0031120357066298002,0.0025926900704434843,0.002073614014148119,0.0015548072580235126,0.0010362695227852773,0.0005180005295831189,0.0,0.0005177323439488191,0.0010351967798164173,0.0015523935847251956,0.0020693230353677574,0.0025859854080079172,0.0031023809784814908,0.003618510022197104,0.0041343728141373425,0.004649969628859357,0.005165300740495816,0.005680366422755754,0.00619516694892566,0.006709702591869899,0.007223973624032275,0.007737980317435914,0.008251722943685291,0.008765201773965916,0.00927841707904639,0.0097913691292781,0.010304058194596741,0.010816484544523388,0.011328648448164455,0.011840550174213585,0.012352189990951739,0.012863568166248203,0.013374684967561836,0.013885540661941304,0.014396135516026346,0.014906469796048483,0.015416543767831855,0.015926357696793954,0.016435911847946596,0.01694520648589677,0.017454241874847214,0.017963018278597476,0.018471535960544634,0.01897979518368429,0.019487796210611048,0.019995539303519775,0.02050302472420576,0.02101025273406633,0.021517223594100913,0.022023937564912457,0.022530394906707853,0.02303659587929869,0.02354254074210248,0.024048229754143006,0.024553663174051325,0.02505884126006647,0.025563764270036492,0.026068432461418822,0.02657284609128157,0.02707700541630368,0.027580910692776354,0.02808456217660347,0.028587960123302444,0.029091104788004897,0.029593996425457764,0.030096635290023644,0.03059902163568181,0.03110115571602915,0.03160303778428028,0.0321046680932692,0.03260604689544941,0.03310717444289479,0.03360805098730078,0.03410867677998435,0.03460905207188565,0.035109177113567896,0.035609052155218916,0.036108677446651416,0.036608053237303845,0.03710717977624099,0.037606057312155175,0.038104686093366445,0.03860306636782369,0.039101198383105336,0.03959908238642002,0.04009671862460705,0.04059410734413766,0.04109124879111543,0.04158814321127704,0.0420847908499932,0.042581191952268956,0.04307734676274475,0.04357325552569734,0.044068918485039785,0.04456433588432301,0.045059507966736044
1932,0.005709852003906588,0.0051894252422254004,0.004669269183683471,0.004149383546811397,0.003629768050578731,0.00311042241439233,0.0025913463580968894,0.002072539601972375,0.0015540018667343205,0.0010357328735321183,0.0005177323439488503,0.0,0.0005174644358676277,0.0010346612407763304,0.001551590691418833,0.0020682530640590683,0.0025846486345325243,0.003100777678248271,0.0036166404701885504,0.004132237284910495,0.004647568396546962,0.005162634078806943,0.005677434604976747,0.006191970247921107,0.0067062412800833835,0.00722024797348702,0.007733990599736339,0.008247469430017114,0.008760684735097505,0.009273636785329215,0.009786325850647877,0.010298752200574473,0.010810916104215617,0.011322817830264776,0.011834457647002796,0.012345835822299379,0.012856952623612949,0.013367808317992367,0.013878403172077404,0.014388737452099556,0.014898811423882993,0.015408625352845068,0.015918179503997727,0.01642747414194793,0.016936509530898286,0.01744528593464853,0.01795380361659582,0.018462062839735442,0.01897006386666218,0.019477806959570874,0.019985292380256953,0.02049252039011745,0.020999491250151985,0.02150620522096362,0.022012662562758918,0.022518863535349862,0.02302480839815358,0.02353049741019416,0.02403593083010243,0.02454110891611766,0.025046031926087575,0.025550700117469988,0.0260551137473327,0.02655927307235483,0.02706317834882752,0.027566829832654592,0.028070227779353526,0.028573372444056,0.0290762640815089,0.029578902946074764,0.03008128929173303,0.030583423372080278,0.03108530544033139,0.03158693574932037,0.03208831455150051,0.032589442098946014,0.03309031864335194,0.03359094443603555,0.03409131972793671,0.03459144476961909,0.03509131981127006,0.03559094510270263,0.03609032089335495,0.03658944743229206,0.03708832496820625,0.03758695374941753,0.038085334023874796,0.038583466039156473,0.039081350042471125,0.039578986280658084,0.04007637500018878,0.04057351644716647,0.04107041086732818,0.04156705850604432,0.042063459608320065,0.04255961441879589,0.04305552318174844,0.043551186141090964,0.044046603540374145,0.04454177562278718
1933,0.006227316439774194,0.00570688967809307,0.005186733619551272,0.004666847982679195,0.004147232486446389,0.0036278868502601243,0.0031088107939646085,0.0025900040378399646,0.002071466302601869,0.0015531973093996228,0.0010351967798164275,0.000517464435867657,0.0,0.0005171968049087384,0.0010341262555512928,0.0015507886281913815,0.0020671841986649423,0.0025833132423805994,0.0030991760343209197,0.0036147728490429055,0.004130103960679382,0.004645169642939293,0.0051599701691092195,0.0056745058120534755,0.006188776844215764,0.006702783537619513,0.007216526163868773,0.007730004994149473,0.008243220299229893,0.008756172349461602,0.009268861414780288,0.009781287764706945,0.010293451668348054,0.010805353394397126,0.011316993211135242,0.011828371386431715,0.012339488187745334,0.012850343882124816,0.013360938736209848,0.013871273016232014,0.014381346988015405,0.014891160916977455,0.015400715068130134,0.015910009706080246,0.016419045095030747,0.016927821498780967,0.017436339180728164,0.01794459840386787,0.018452599430794695,0.01896034252370325,0.019467827944389306,0.01997505595424984,0.020482026814284442,0.02098874078509605,0.021495198126891372,0.022001399099482195,0.022507343962286062,0.023013032974326473,0.02351846639423481,0.02402364448025001,0.024528567490220046,0.02503323568160242,0.025537649311465106,0.02604180863648725,0.02654571391295984,0.027049365396786984,0.02755276334348599,0.028055908008188492,0.028558799645641314,0.02906143851020716,0.02956382485586541,0.03006595893621268,0.03056784100446377,0.031069471313452706,0.03157085011563288,0.03207197766307839,0.032572854207484375,0.03307348000016792,0.03357385529206915,0.03407398033375144,0.034573855375402474,0.035073480666834994,0.035572856457487326,0.036071982996424515,0.03657086053233872,0.037069489313549996,0.03756786958800729,0.03806600160328888,0.03856388560660351,0.0390615218447905,0.03955891056432117,0.0400560520112989,0.0405529464314606,0.04104959407017673,0.04154599517245244,0.0420421499829283,0.04253805874588082,0.043033721705223425,0.04352913910450656,0.04402431118691959
1934,0.006744513244682945,0.006224086483001885,0.005703930424459999,0.005184044787587919,0.004664429291354972,0.004145083655168844,0.0036260075988732523,0.0031072008427487003,0.002588663107510564,0.002070394114308495,0.0015523935847251513,0.0010346612407762387,0.0005171968049087742,0.0,0.0005169294506424947,0.0010335918232826594,0.001549987393756214,0.0020661164374718927,0.002581979229412143,0.0030975760441341693,0.0036129071557706558,0.004127972838030608,0.004642773364200435,0.005157309007144699,0.005671580039306999,0.006185586732710746,0.00669932935896006,0.007212808189240798,0.007726023494321136,0.008238975544552845,0.008751664609871552,0.009264090959798157,0.009776254863439344,0.010288156589488444,0.01079979640622654,0.011311174581523017,0.011822291382836572,0.012333147077216005,0.012843741931301144,0.013354076211323326,0.013864150183106671,0.014373964112068809,0.014883518263221394,0.015392812901171527,0.01590184829012195,0.01641062469387226,0.016919142375819478,0.01742740159895915,0.017935402625885954,0.018443145718794587,0.018950631139480624,0.019457859149341082,0.019964830009375753,0.02047154398018722,0.02097800132198256,0.021484202294573495,0.02199014715737729,0.022495836169417756,0.023001269589326044,0.023506447675341324,0.024011370685311256,0.02451603887669371,0.02502045250655636,0.025524611831578416,0.026028517108051135,0.026532168591878232,0.027035566538577197,0.027538711203279723,0.028041602840732576,0.02854424170529841,0.029046628050956643,0.02954876213130394,0.03005064419955512,0.030552274508544006,0.031053653310724228,0.03155478085816962,0.032055657402575544,0.03255628319525925,0.033056658487160454,0.033556783528842754,0.03405665857049374,0.03455628386192622,0.03505565965257867,0.035554786191515815,0.036053663727429915,0.036552292508641206,0.03705067278309852,0.037548804798380145,0.03804668880169474,0.03854432503988178,0.03904171375941241,0.03953885520639019,0.040035749626551875,0.040532397265267986,0.041028798367543674,0.04152495317801957,0.04202086194097217,0.042516524900314615,0.04301194229959782,0.043507114382010846
1935,0.0072614426953255045,0.006741015933644288,0.0062208598751025326,0.005700974238230451,0.0051813587419975845,0.004662013105811371,0.004142937049515704,0.003624130293391244,0.0031055925581530666,0.0025873235649509544,0.0020693230353676833,0.00155159069141885,0.0010341262555513561,0.0005169294506425463,0.0,0.0005166623726401293,0.0010330579431136776,0.0015491869868293781,0.002065049778769669,0.0025806465934916254,0.003095977705128121,0.0036110433873880036,0.004125843913557953,0.004640379556502225,0.0051546505886645375,0.0056686572820681715,0.006182399908317539,0.006695878738598202,0.007209094043678683,0.007722046093910278,0.008234735159229007,0.008747161509155561,0.009259325412796712,0.00977122713884584,0.01028286695558392,0.010794245130880512,0.011305361932194004,0.011816217626573498,0.012326812480658521,0.012837146760680719,0.013347220732464127,0.013857034661426241,0.014366588812578846,0.014875883450529,0.015384918839479456,0.015893695243229634,0.01640221292517687,0.01691047214831651,0.017418473175243403,0.01792621626815201,0.01843370168883802,0.01894092969869852,0.01944790055873314,0.019954614529544702,0.02046107187134006,0.020967272843930986,0.021473217706734705,0.02197890671877523,0.022484340138683584,0.02298951822469872,0.023494441234668772,0.02399910942605108,0.02450352305591381,0.025007682380935883,0.02551158765740862,0.02601523914123567,0.026518637087934713,0.027021781752637145,0.027524673390090033,0.02802731225465585,0.02852969860031407,0.029031832680661385,0.02953371474891255,0.030035345057901498,0.03053672386008165,0.03103785140752705,0.03153872795193302,0.03203935374461666,0.03253972903651783,0.033039854078200155,0.0335397291198512,0.034039354411283744,0.03453873020193609,0.0350378567408732,0.03553673427678743,0.03603536305799861,0.03653374333245595,0.0370318753477376,0.03752975935105228,0.03802739558923925,0.03852478430876984,0.039021925755747665,0.03951882017590934,0.04001546781462543,0.04051186891690122,0.041008023727377024,0.04150393249032959,0.04199959544967212,0.04249501284895528,0.0429901849313683
1936,0.007778105067965663,0.007257678306284511,0.006737522247742666,0.006217636610870582,0.005698021114637796,0.005178675478451498,0.004659599422155977,0.004140792666031387,0.0036222549307931688,0.0031039859375910123,0.002585985408007814,0.0020682530640590605,0.0015507886281915374,0.001033591823282692,0.000516662372640205,0.0,0.000516395570473542,0.0010325246141892643,0.0015483874061294853,0.0020639842208514825,0.0025793153324878753,0.003094381014747912,0.00360918154091776,0.004123717183862041,0.004637988216024365,0.005151994909427998,0.005665737535677308,0.00617921636595812,0.006692431671038519,0.007205383721270112,0.007718072786588864,0.00823049913651548,0.008742663040156595,0.00925456476620575,0.00976620458294381,0.010277582758240296,0.010788699559553947,0.011299555253933394,0.011810150108018412,0.012320484388040624,0.012830558359823987,0.013340372288786075,0.013849926439938699,0.014359221077888876,0.01486825646683925,0.01537703287058952,0.015885550552536775,0.016393809775676383,0.016901810802603254,0.017409553895511826,0.01791703931619793,0.01842426732605836,0.018931238186093043,0.019437952156904578,0.019944409498699956,0.020450610471290768,0.020956555334094636,0.0214622443461351,0.021967677766043407,0.02247285585205863,0.022977778862028574,0.023482447053410963,0.023986860683273662,0.024491020008295755,0.0249949252847685,0.025498576768595627,0.026001974715294512,0.02650511937999697,0.02700801101744989,0.027510649882015806,0.028013036227674006,0.028515170308021233,0.029017052376272376,0.02951868268526128,0.03002006148744147,0.03052118903488699,0.031022065579292896,0.03152269137197647,0.03202306666387772,0.03252319170556006,0.03302306674721106,0.03352269203864356,0.03402206782929591,0.0345211943682331,0.03502007190414722,0.03551870068535853,0.03601708095981578,0.03651521297509745,0.03701309697841211,0.03751073321659912,0.03800812193612968,0.03850526338310754,0.039002157803269204,0.03949880544198528,0.039995206544261044,0.040491361354736875,0.04098727011768941,0.0414829330770319,0.04197835047631513,0.042473522558728154
1937,0.008294500638439228,0.00777407387675814,0.007253917818216206,0.0067340321813441194,0.006214416685111192,0.00569507104892503,0.005175994992629434,0.004657188236504937,0.0041386505012668984,0.003620381508064698,0.0031023809784813516,0.0025846486345326774,0.0020671841986649032,0.001549987393756244,0.0010330579431135946,0.0005163955704736466,0.0,0.0005161290437156329,0.001031991835655895,0.001547588650377933,0.002062919762014335,0.002577985444274302,0.003092785970444161,0.0036073216133885614,0.004121592645550787,0.004635599338954529,0.0051493419652037815,0.005662820795484519,0.006176036100564947,0.006688988150796652,0.007201677216115314,0.007714103566041878,0.00822626746968307,0.008738169195732141,0.009249809012470293,0.009761187187766786,0.010272303989080373,0.01078315968345977,0.011293754537544895,0.01180408881756701,0.012314162789350437,0.0128239767183125,0.013333530869465144,0.013842825507415345,0.01435186089636575,0.014860637300115997,0.01536915498206316,0.01587741420520285,0.016385415232129698,0.016893158325038352,0.017400643745724326,0.017907871755584902,0.018414842615619428,0.018921556586431052,0.019428013928226334,0.019934214900817253,0.020440159763621048,0.02094584877566157,0.021451282195569826,0.021956460281585016,0.022461383291555084,0.022966051482937438,0.023470465112800105,0.02397462443782222,0.02447852971429487,0.02498218119812206,0.025485579144821018,0.0259887238095235,0.02649161544697634,0.026994254311542242,0.027496640657200425,0.027998774737547676,0.028500656805798795,0.029002287114787764,0.029503665916967996,0.03000479346441341,0.030505670008819367,0.031006295801502985,0.03150667109340421,0.03200679613508645,0.032506671176737514,0.03300629646816997,0.03350567225882233,0.03400479879775959,0.034503676333673725,0.035002305114884925,0.03550068538934232,0.035998817404623906,0.03649670140793853,0.036994337646125586,0.037491726365656224,0.03798886781263389,0.038485762232795664,0.038982409871511726,0.03947881097378746,0.03997496578426333,0.04047087454721595,0.0409665375065584,0.041461954905841585,0.04195712698825461
1938,0.008810629682154906,0.00829020292047366,0.007770046861931858,0.00725016122505977,0.0067305457288269225,0.0062112000926406764,0.005692124036345226,0.005173317280220599,0.0046547795449825196,0.0041365105517802755,0.0036185100221970013,0.0031007776782481854,0.0025833132423806037,0.0020661164374719087,0.0015491869868293187,0.001032524614189184,0.0005161290437156547,0.0,0.000515862791940303,0.0010314596066622707,0.0015467907182986822,0.0020618564005586907,0.0025766569267285607,0.003091192569672858,0.0036054636018350954,0.004119470295238837,0.004633212921488143,0.005146691751768917,0.005659907056849264,0.0061728591070809675,0.006685548172399651,0.007197974522326277,0.007710138425967434,0.008222040152016531,0.008733679968754553,0.00924505814405105,0.009756174945364685,0.010267030639744145,0.010777625493829266,0.011287959773851396,0.011798033745634777,0.012307847674596814,0.012817401825749477,0.013326696463699701,0.013835731852650024,0.014344508256400365,0.014853025938347546,0.015361285161487206,0.015869286188414027,0.016377029281322654,0.01688451470200872,0.01739174271186922,0.017898713571903813,0.0184054275427153,0.018911884884510715,0.019418085857101627,0.019924030719905346,0.020429719731945923,0.020935153151854135,0.021440331237869405,0.021945254247839368,0.022449922439221802,0.022954336069084435,0.02345849539410657,0.023962400670579233,0.024466052154406382,0.0249694501011053,0.025472594765807804,0.025975486403260677,0.026478125267826565,0.02698051161348473,0.027482645693832006,0.027984527762083218,0.02848615807107214,0.028987536873252298,0.029488664420697717,0.029989540965103725,0.030490166757787276,0.030990542049688465,0.03149066709137085,0.03199054213302186,0.03249016742445438,0.03298954321510675,0.03348866975404386,0.033987547289958,0.03448617607116932,0.034984556345626625,0.03548268836090824,0.035980572364222835,0.03647820860240993,0.03697559732194054,0.037472738768918254,0.03796963318907989,0.03846628082779605,0.038962681930071776,0.03945883674054767,0.039954745503500255,0.040450408462842785,0.040945825862125924,0.04144099794453894
1939,0.009326492474095184,0.008806065712414003,0.00828590965387211,0.00776602401700002,0.007246408520767253,0.006727062884580922,0.006207986828285396,0.005689180072160861,0.005170642336922741,0.004652373343720674,0.004134372814137473,0.003616640470188515,0.003099176034320904,0.002581979229412173,0.0020650497787696427,0.0015483874061295432,0.0010319918356559094,0.0005158627919403439,0.0,0.0005155968147220087,0.0010309279263584293,0.0015459936086183684,0.0020607941347882495,0.0025753297777325545,0.0030896008098949155,0.0036036075032985443,0.004117350129547904,0.004630828959828604,0.00514404426490898,0.005656996315140684,0.006169685380459389,0.006682111730385964,0.007194275634027085,0.00770617736007621,0.008217817176814326,0.008729195352110825,0.009240312153424399,0.00975116784780392,0.010261762701888924,0.01077209698191107,0.011282170953694517,0.01179198488265664,0.01230153903380921,0.012810833671759345,0.013319869060709812,0.01382864546446002,0.014337163146407218,0.01484542236954696,0.01535342339647376,0.015861166489382354,0.016368651910068397,0.01687587991992894,0.017382850779963595,0.017889564750775057,0.01839602209257049,0.01890222306516129,0.01940816792796516,0.019913856940005567,0.020419290359913956,0.02092446844592908,0.021429391455899165,0.021934059647281453,0.022438473277144166,0.022942632602166318,0.023446537878639,0.023950189362466102,0.02445358730916509,0.024956731973867507,0.025459623611320415,0.025962262475886285,0.026464648821544437,0.026966782901891737,0.027468664970142928,0.0279702952791318,0.028471674081312,0.028972801628757424,0.02947367817316337,0.029974303965846966,0.030474679257748237,0.030974804299430527,0.0314746793410816,0.03197430463251408,0.03247368042316645,0.03297280696210364,0.033471684498017795,0.033970313279229,0.034468693553686335,0.03496682556896798,0.035464709572282656,0.035962345810469684,0.03645973453000026,0.03695687597697801,0.03745377039713964,0.03795041803585578,0.0384468191381316,0.03894297394860741,0.03943888271155996,0.03993454567090245,0.04042996307018566,0.04092513515259868
1940,0.009842089288817208,0.009321662527136091,0.00880150646859411,0.008281620831722018,0.007762005335489109,0.0072426596993029144,0.006723583643007534,0.00620477688688287,0.005686239151644709,0.005167970158442598,0.004649969628859469,0.004132237284910591,0.003614772849042951,0.0030975760441341845,0.002580646593491713,0.0020639842208514275,0.0015475886503779107,0.0010314596066622124,0.0005155968147220496,0.0,0.0005153311116364295,0.0010303967938964107,0.0015451973200663026,0.002059732963010616,0.0025740039951728773,0.0030880106885765052,0.0036017533148259184,0.004115232145106544,0.004628447450186949,0.005141399500418652,0.0056540885657373795,0.006166514915664015,0.006678678819305102,0.007190580545354254,0.007702220362092351,0.008213598537388856,0.008724715338702364,0.009235571033081837,0.009746165887166949,0.01025650016718911,0.01076657413897251,0.01127638806793461,0.011785942219087197,0.012295236857037354,0.01280427224598774,0.013313048649738039,0.013821566331685258,0.014329825554824968,0.014837826581751744,0.015345569674660421,0.015853055095346444,0.01636028310520691,0.01686725396524152,0.01737396793605307,0.01788042527784841,0.018386626250439315,0.018892571113243113,0.019398260125283576,0.019903693545191916,0.020408871631207123,0.020913794641177104,0.02141846283255947,0.02192287646242215,0.022427035787444323,0.022930941063917017,0.023434592547744076,0.023937990494443027,0.024441135159145578,0.024944026796598406,0.025446665661164262,0.02594905200682251,0.026451186087169717,0.026953068155420888,0.027454698464409826,0.027956077266590072,0.0284572048140355,0.02895808135844138,0.029458707151125026,0.029959082443026263,0.030459207484708574,0.030959082526359594,0.03145870781779203,0.03195808360844441,0.03245721014738156,0.03295608768329572,0.03345471646450705,0.033953096738964295,0.034451228754245965,0.034949112757560616,0.03544674899574757,0.03594413771527823,0.03644127916225602,0.03693817358241764,0.037434821221133764,0.03793122232340956,0.038427377133885395,0.03892328589683792,0.03941894885618048,0.03991436625546365,0.040409538337876666
1941,0.010357420400453662,0.00983699363877239,0.009316837580230539,0.008796951943358444,0.008277336447125616,0.007757990810939337,0.007238914754643881,0.006720107998519308,0.006201570263281107,0.005683301270078952,0.005165300740495896,0.0046475683965468756,0.004130103960679428,0.003612907155770626,0.003095977705127992,0.0025793153324879634,0.002062919762014342,0.001546790718298733,0.001030927926358529,0.0005153311116364386,0.0,0.0005150656822599119,0.0010298662084298146,0.001544401851374136,0.0020586728835364095,0.002572679576940147,0.0030864222031893912,0.003599901033470165,0.004113116338550601,0.004626068388782191,0.005138757454100941,0.005651183804027525,0.006163347707668688,0.0066752494337177564,0.007186889250455835,0.007698267425752344,0.008209384227066012,0.008720239921445437,0.009230834775530543,0.009741169055552607,0.010251243027336071,0.010761056956298146,0.011270611107450755,0.011779905745400932,0.012288941134351352,0.01279771753810163,0.013306235220048868,0.013814494443188432,0.0143224954701153,0.014830238563023946,0.015337723983709946,0.01584495199357045,0.01635192285360513,0.016858636824416653,0.017365094166212014,0.017871295138802912,0.018377240001606635,0.018882929013647153,0.019388362433555444,0.019893540519570624,0.020398463529540722,0.020903131720923056,0.021407545350785706,0.021911704675807896,0.022415609952280494,0.022919261436107622,0.023422659382806642,0.023925804047509106,0.02442869568496197,0.024931334549527808,0.02543372089518604,0.025935854975533273,0.02643773704378442,0.026939367352773424,0.027440746154953597,0.027941873702399027,0.028442750246804965,0.028943376039488537,0.02944375133138986,0.029943876373072074,0.03044375141472316,0.030943376706155663,0.03144275249680805,0.031941879035745156,0.03244075657165934,0.03293938535287056,0.03343776562732783,0.03393589764260953,0.03443378164592415,0.034931417884111145,0.03542880660364177,0.035925948050619605,0.03642284247078121,0.03691949010949732,0.03741589121177309,0.03791204602224896,0.03840795478520156,0.03890361774454398,0.03939903514382721,0.03989420722624022
1942,0.01087248608271364,0.010352059321032432,0.009831903262490492,0.009312017625618394,0.008792402129385648,0.008273056493199283,0.0077539804369037525,0.007235173680779272,0.006716635945541249,0.006198366952339051,0.005680366422755846,0.005162634078806906,0.0046451696429394285,0.004127972838030591,0.0036110433873880166,0.0030943810147478017,0.002577985444274297,0.002061856400558777,0.001545993608618311,0.0010303967938964016,0.0005150656822600646,0.0,0.0005148005261699137,0.001029336169114132,0.0015436072012764176,0.002057613894680154,0.002571356520929452,0.003084835351210151,0.0035980506562906167,0.004111002706522318,0.0046236917718409775,0.005136118121767622,0.005648282025408751,0.006160183751457846,0.0066718235681959065,0.007183201743492419,0.007694318544806024,0.00820517423918551,0.0087157690932705,0.009226103373292691,0.00973617734507611,0.01024599127403816,0.0107555454251909,0.011264840063140989,0.011773875452091439,0.012282651855841695,0.012791169537788841,0.013299428760928487,0.01380742978785533,0.014315172880763945,0.014822658301450038,0.01532988631131047,0.0158368571713451,0.01634357114215671,0.01685002848395198,0.01735622945654287,0.017862174319346745,0.018367863331387208,0.01887329675129545,0.019378474837310714,0.019883397847280705,0.020388066038663118,0.020892479668525737,0.021396638993547833,0.021900544270020555,0.022404195753847642,0.022907593700546625,0.02341073836524911,0.023913630002702007,0.02441626886726783,0.024918655212926046,0.0254207892932733,0.02592267136152454,0.02642430167051338,0.026925680472693597,0.027426808020139033,0.027927684564545023,0.028428310357228644,0.02892868564912982,0.029428810690812168,0.0299286857324632,0.03042831102389566,0.030927686814548053,0.03142681335348524,0.03192569088939931,0.03242431967061066,0.032922699945067954,0.03342083196034956,0.03391871596366416,0.03441635220185119,0.03491374092138178,0.03541088236835955,0.03590777678852125,0.03640442442723735,0.0369008255295131,0.03739698033998899,0.037892889102941564,0.03838855206228406,0.03888396946156725,0.039379141543980256
1943,0.01138728660888352,0.010866859847202376,0.010346703788660348,0.009826818151788246,0.009307202655555579,0.008787857019369131,0.008268780963073746,0.0077499742069491355,0.007231436471711073,0.006713167478508831,0.006195166948925699,0.005677434604976837,0.00515997016910911,0.004642773364200458,0.0041258439135579425,0.0036091815409177628,0.003092785970444154,0.0025766569267285017,0.002060794134788216,0.001545197320066266,0.001029866208429809,0.0005148005261699244,0.0,0.0005145356429443377,0.0010288066751066353,0.0015428133685102593,0.0020565559947596105,0.002570034825040347,0.0030832501301207306,0.003596202180352431,0.004108891245671113,0.004621317595597707,0.0051334814992388,0.005645383225287923,0.0061570230420260755,0.006668401217322593,0.0071795180186361345,0.007690373713015573,0.00820096856710067,0.008711302847122876,0.009221376818906247,0.009731190747868271,0.01024074489902103,0.010750039536971142,0.011259074925921512,0.011767851329671748,0.012276369011619024,0.012784628234758639,0.01329262926168546,0.013800372354594156,0.014307857775280116,0.014815085785140587,0.015322056645175282,0.015828770615986757,0.016335227957782153,0.01684142893037304,0.017347373793176843,0.017853062805217357,0.01835849622512567,0.018863674311140787,0.01936859732111079,0.019873265512493167,0.020377679142355866,0.020881838467377983,0.02138574374385072,0.021889395227677765,0.022392793174376816,0.02289593783907921,0.023398829476532143,0.02390146834109795,0.02440385468675615,0.02490598876710343,0.02540787083535465,0.025909501144343556,0.026410879946523698,0.026912007493969253,0.027412884038375177,0.027913509831058732,0.02841388512295999,0.028914010164642245,0.02941388520629334,0.02991351049772575,0.030412886288378155,0.030912012827315302,0.031410890363229506,0.03190951914444074,0.03240789941889806,0.032906031434179694,0.03340391543749437,0.03390155167568134,0.03439894039521201,0.0348960818421897,0.0353929762623514,0.03588962390106748,0.03638602500334332,0.03688217981381913,0.03737808857677167,0.03787375153611412,0.03836916893539739,0.038864341017810396
1944,0.011901822251827832,0.011381395490146532,0.010861239431604634,0.01034135379473253,0.009821738298499725,0.00930239266231341,0.00878331660601795,0.008264509849893431,0.007745972114655329,0.007227703121453042,0.006709702591869983,0.00619197024792098,0.005674505812053444,0.005157309007144757,0.004640379556502301,0.004123717183862156,0.0036073216133884435,0.0030911925696728796,0.0025753297777325536,0.0020597329630105622,0.0015444018513742074,0.0010293361691140592,0.0005145356429443458,0.0,0.0005142710321623096,0.0010282777255659324,0.0015420203518153371,0.002055499182095999,0.0025687144871764126,0.003081666537408112,0.003594355602726816,0.004106781952653359,0.0046189458562945285,0.0051308475823436785,0.0056424873990818135,0.0061538655743782235,0.0066649823756918134,0.007175838070071314,0.007686432924156406,0.008196767204178515,0.00870684117596184,0.009216655104923952,0.009726209256076729,0.010235503894026863,0.010744539282977266,0.011253315686727479,0.011761833368674663,0.01227009259181436,0.012778093618741156,0.013285836711649823,0.013793322132335873,0.014300550142196384,0.01480752100223092,0.015314234973042481,0.0158206923148379,0.01632689328742878,0.016832838150232506,0.01733852716227308,0.017843960582181344,0.01834913866819654,0.01885406167816655,0.019358729869548896,0.01986314349941156,0.0203673028244337,0.020871208100906452,0.021374859584733563,0.021878257531432462,0.022381402196134995,0.022884293833587845,0.023386932698153638,0.023889319043811936,0.024391453124159124,0.024893335192410323,0.025394965501399296,0.02589634430357948,0.026397471851024926,0.026898348395430788,0.027398974188114388,0.027899349480015725,0.028399474521698,0.02889934956334905,0.029398974854781528,0.029898350645433825,0.030397477184371045,0.030896354720285145,0.031394983501496505,0.03189336377595373,0.0323914957912354,0.03288937979455005,0.033387016032737055,0.03388440475226769,0.034381546199245425,0.034878440619407106,0.035375088258123175,0.035871489360398995,0.03636764417087483,0.036863552933827336,0.03735921589316987,0.03785463329245309,0.0383498053748661
1945,0.012416093283990128,0.011895666522308892,0.011375510463766905,0.0108556248268948,0.010336009330662073,0.009816663694475895,0.00929758763818036,0.008778780882055713,0.008260243146817569,0.007741974153615459,0.007223973624032251,0.006706241280083328,0.006188776844215763,0.00567158003930704,0.005154650588664422,0.004637988216024312,0.0041215926455507165,0.0036054636018350203,0.0030896008098948748,0.0025740039951728426,0.002058672883536368,0.0015436072012763996,0.0010288066751066754,0.0005142710321623215,0.0,0.0005140066934037328,0.0010277493196529687,0.0015412281499337789,0.002054443455014111,0.0025673955052458097,0.003080084570564535,0.003592510920491139,0.004104674824132274,0.0046165765501813396,0.0051282163669194554,0.005639594542215982,0.0061507113435295075,0.006661567037909071,0.007172161891994047,0.007682496172016282,0.00819257014379956,0.00870238407276176,0.009211938223914445,0.00972123286186449,0.010230268250814922,0.010739044654565228,0.01124756233651243,0.011755821559652095,0.01226382258657887,0.012771565679487505,0.013279051100173534,0.013786279110034083,0.014293249970068684,0.014799963940880222,0.015306421282675545,0.015812622255266424,0.016318567118070188,0.016824256130110703,0.017329689550019033,0.0178348676360342,0.018339790646004217,0.01884445883738664,0.019348872467249274,0.019853031792271433,0.020356937068744085,0.020860588552571266,0.021363986499270123,0.02186713116397268,0.022370022801425565,0.022872661665991455,0.023375048011649625,0.023877182091996834,0.02437906416024801,0.024880694469236936,0.02538207327141716,0.025883200818862615,0.02638407736326853,0.026884703155952174,0.027385078447853366,0.027885203489535663,0.028385078531186773,0.028884703822619207,0.029384079613271625,0.029883206152208693,0.030382083688122917,0.03088071246933417,0.03137909274379143,0.03187722475907312,0.032375108762387736,0.032872745000574785,0.033370133720105395,0.03386727516708317,0.034364169587244836,0.034860817225960884,0.035357218328236684,0.035853373138712556,0.03634928190166514,0.03684494486100764,0.03734036226029081,0.037835534342703814
1946,0.012930099977393627,0.012409673215712673,0.011889517157170598,0.011369631520298492,0.010850016024065844,0.010330670387879581,0.00981159433158397,0.009292787575459415,0.008774249840221229,0.008255980847019078,0.0077379803174359415,0.007220247973487097,0.006702783537619503,0.006185586732710744,0.005668657282068186,0.005151994909428112,0.004635599338954411,0.004119470295238804,0.003603607503298618,0.003088010688576545,0.002572679576940172,0.0020576138946801622,0.0015428133685102053,0.0010282777255660649,0.0005140066934037316,0.0,0.0005137426262492894,0.0010272214565300254,0.001540436761610387,0.0020533888118420846,0.002566077877160832,0.003078504227087386,0.003590668130728596,0.004102569856777689,0.004614209673515787,0.005125587848812317,0.005636704650125892,0.006147560344505295,0.0066581551985903775,0.007168489478612516,0.00767856345039586,0.008188377379358033,0.008697931530510739,0.009207226168460805,0.00971626155741127,0.010225037961161441,0.010733555643108664,0.011241814866248409,0.01174981589317516,0.012257558986083767,0.012765044406769887,0.013272272416630362,0.013779243276665028,0.014285957247476541,0.014792414589271883,0.015298615561862757,0.015804560424666558,0.016310249436707017,0.01681568285661541,0.017320860942630547,0.017825783952600573,0.018330452143982965,0.018834865773845567,0.019339025098867743,0.01984293037534041,0.02034658185916755,0.02084997980586648,0.021353124470568946,0.02185601610802186,0.022358654972587738,0.02286104131824589,0.023363175398593124,0.023865057466844395,0.02436668777583327,0.024868066578013423,0.02536919412545888,0.025870070669864846,0.026370696462548426,0.026871071754449697,0.027371196796132015,0.027871071837783073,0.028370697129215576,0.028870072919867887,0.029369199458805034,0.029868076994719155,0.030366705775930414,0.03086508605038781,0.03136321806566941,0.03186110206898401,0.0323587383071711,0.03285612702670167,0.03335326847367948,0.03385016289384114,0.03434681053255718,0.03484321163483295,0.03533936644530885,0.03583527520826141,0.03633093816760386,0.036826355566887105,0.03732152764930011
1947,0.013443842603642954,0.012923415841961845,0.0124032597834199,0.011883374146547792,0.011363758650315003,0.010844413014128876,0.010325336957833192,0.009806530201708727,0.009287992466470501,0.008769723473268525,0.008251722943685242,0.007733990599736477,0.007216526163868854,0.00669932935896006,0.00618239990831756,0.0056657375356773,0.005149341965203716,0.0046332129214881985,0.004117350129547971,0.0036017533148258577,0.0030864222031893648,0.0025713565209295347,0.002056555994759567,0.0015420203518151968,0.0010277493196530732,0.0005137426262493428,0.0,0.0005134788302807728,0.0010266941353611642,0.0015396461855927501,0.002052335250911519,0.0025647616008381336,0.0030769255044791975,0.003588827230528318,0.004100467047266508,0.0046118452225629315,0.005122962023876554,0.00563381771825602,0.006144412572341097,0.006654746852363251,0.0071648208241465484,0.007674634753108697,0.008184188904261421,0.00869348354221151,0.009202518931161894,0.009711295334912157,0.010219813016859399,0.010728072239999,0.011236073266925842,0.01174381635983453,0.012251301780520517,0.012758529790381029,0.01326550065041565,0.013772214621227252,0.014278671963022611,0.01478487293561348,0.015290817798417207,0.01579650681045772,0.016301940230366067,0.01680711831638129,0.017312041326351207,0.017816709517733564,0.018321123147596246,0.018825282472618443,0.019329187749091124,0.019832839232918217,0.02033623717961711,0.020839381844319712,0.02134227348177255,0.02184491234633841,0.02234729869199666,0.022849432772343803,0.023351314840595053,0.023852945149583995,0.02435432395176419,0.02485545149920965,0.025356328043615553,0.025856953836299178,0.02635732912820042,0.026857454169882642,0.027357329211533762,0.027856954502966224,0.02835633029361854,0.028855456832555762,0.029354334368469893,0.02985296314968116,0.030351343424138467,0.030849475439420102,0.03134735944273478,0.0318449956809218,0.03234238440045234,0.03283952584743019,0.033336420267591836,0.03383306790630797,0.034329469008583725,0.034825623819059535,0.03532153258201206,0.035817195541354596,0.03631261294063779,0.03680778502305079
1948,0.013957321433923692,0.013436894672242647,0.012916738613700613,0.012396852976828502,0.011877237480595793,0.011357891844409582,0.010838815788114043,0.010320009031989449,0.009801471296751402,0.009283202303549162,0.008765201773965952,0.008247469430017045,0.007730004994149614,0.007212808189240784,0.0066958787385981225,0.006179216365958118,0.005662820795484431,0.00514669175176878,0.004630828959828513,0.0041152321451065794,0.003599901033470188,0.003084835351210095,0.002570034825040338,0.0020554991820959595,0.0015412281499338238,0.0010272214565300948,0.0005134788302808095,0.0,0.0005132153050804211,0.0010261673553121173,0.0015388564206307972,0.0020512827705573607,0.002563446674198501,0.0030753484002476487,0.0035869882169857086,0.004098366392282248,0.004609483193595807,0.005120338887975335,0.005630933742060297,0.006141268022082465,0.006651341993865828,0.007161155922827953,0.007670710073980695,0.008180004711930807,0.008689040100881222,0.009197816504631464,0.009706334186578612,0.010214593409718295,0.010722594436645114,0.01123033752955377,0.011737822950239849,0.012245050960100288,0.012752021820134974,0.013258735790946437,0.013765193132741818,0.014271394105332682,0.014777338968136447,0.015283027980177017,0.015788461400085316,0.016293639486100502,0.016798562496070545,0.017303230687452868,0.01780764431731552,0.018311803642337733,0.01881570891881043,0.01931936040263748,0.019822758349336445,0.020325903014038957,0.020828794651491827,0.021331433516057673,0.021833819861715908,0.022335953942063187,0.022837836010314302,0.023339466319303195,0.02384084512148343,0.0243419726689289,0.024842849213334853,0.02534347500601841,0.02584385029791962,0.026343975339601977,0.026843850381253045,0.02734347567268546,0.027842851463337898,0.02834197800227497,0.02884085553818911,0.029339484319400384,0.02983786459385772,0.03033599660913938,0.030833880612454026,0.03133151685064097,0.031828905570171595,0.032326047017149376,0.03282294143731112,0.033319589076027244,0.033815990178302974,0.03431214498877882,0.03480805375173131,0.0353037167110738,0.035799134110357074,0.03629430619277007
1949,0.014470536739004107,0.013950109977322905,0.013429953918781002,0.01291006828190911,0.01239045278567626,0.011871107149489964,0.011352031093194352,0.010833224337069848,0.010314686601831762,0.009796417608629478,0.00927841707904634,0.008760684735097512,0.008243220299229831,0.007726023494321186,0.007209094043678584,0.0066924316710383945,0.006176036100565044,0.005659907056849262,0.005144044264908953,0.004628447450186979,0.004113116338550468,0.0035980506562905547,0.0030832501301207866,0.0025687144871764005,0.0020544434550142524,0.0015404367616105247,0.0010266941353610753,0.0005132153050804507,0.0,0.0005129520502316954,0.001025641115550397,0.0015380674654770212,0.0020502313691181263,0.00256213309516719,0.003073772911905343,0.0035851510872018867,0.004096267888515383,0.004607123582894861,0.00511771843697993,0.005628052717002114,0.0061381266887854296,0.006647940617747529,0.00715749476890029,0.007666789406850425,0.00817582479580076,0.008684601199551093,0.009193118881498262,0.009701378104637911,0.010209379131564708,0.010717122224473333,0.011224607645159392,0.01173183565501987,0.012238806515054507,0.01274552048586606,0.013251977827661458,0.013758178800252317,0.01426412366305612,0.014769812675096633,0.015275246095004883,0.015780424181020155,0.01628534719099009,0.016790015382372493,0.017294429012235112,0.017798588337257348,0.018302493613729945,0.018806145097557063,0.019309543044255986,0.019812687708958523,0.020315579346411428,0.020818218210977256,0.021320604556635477,0.02182273863698278,0.02232462070523387,0.02282625101422283,0.023327629816402996,0.023828757363848468,0.02432963390825436,0.02483025970093796,0.025330634992839253,0.025830760034521515,0.02633063507617265,0.026830260367605132,0.027329636158257467,0.02782876269719461,0.028327640233108766,0.028826269014320047,0.029324649288777288,0.029822781304058976,0.030320665307373595,0.030818301545560586,0.03131569026509129,0.031812831712068994,0.03230972613223073,0.032806373770946834,0.03330277487322254,0.033798929683698416,0.03429483844665099,0.03479050140599345,0.03528591880527667,0.035781090887689666
1950,0.014983488789235796,0.014463062027554659,0.013942905969012667,0.01342302033214077,0.012903404835907782,0.012384059199721622,0.011864983143426152,0.011346176387301522,0.010827638652063393,0.010309369658861287,0.009791369129278001,0.009273636785329253,0.008756172349461543,0.008238975544552862,0.0077220460939103185,0.0072053837212701635,0.00668898815079671,0.006172859107081016,0.005656996315140666,0.005141399500418652,0.004626068388782243,0.004111002706522288,0.0035962021803525087,0.0030816665374081144,0.0025673955052457334,0.0020533888118420066,0.0015396461855928362,0.0010261673553121748,0.0005129520502316946,0.0,0.0005126890653187235,0.001025115415245297,0.001537279318886478,0.0020491810449355693,0.002560820861673704,0.0030721990369701403,0.003583315838283796,0.004094171532663226,0.00460476638674829,0.005115100666770377,0.005625174638553758,0.006134988567515944,0.006644542718668613,0.007153837356618658,0.007662872745569137,0.008171649149319336,0.008680166831266637,0.009188426054406255,0.00969642708133303,0.010204170174241736,0.010711655594927772,0.01121888360478829,0.01172585446482288,0.012232568435634408,0.012739025777429714,0.01324522675002068,0.013751171612824409,0.014256860624864977,0.014762294044773293,0.01526747213078842,0.015772395140758476,0.016277063332140844,0.016781476962003543,0.017285636287025574,0.0177895415634983,0.018293193047325376,0.018796590994024368,0.019299735658726818,0.019802627296179754,0.02030526616074557,0.020807652506403772,0.021309786586751096,0.021811668655002284,0.022313298963991195,0.0228146777661714,0.023315805313616766,0.023816681858022708,0.024317307650706357,0.024817682942607614,0.025317807984289897,0.025817683025940865,0.026317308317373417,0.02681668410802576,0.02731581064696298,0.02781468818287703,0.028313316964088318,0.0288116972385457,0.029309829253827302,0.02980771325714189,0.030305349495328922,0.03080273821485959,0.031299879661837345,0.03179677408199895,0.03229342172071515,0.03278982282299084,0.033285977633466746,0.03378188639641928,0.03427754935576182,0.034772966755045,0.03526813883745799
1951,0.015496177854554535,0.01497575109287346,0.01445559503433138,0.013935709397459481,0.013416093901226573,0.01289674826504033,0.012377672208744785,0.011858865452620245,0.011340327717382076,0.010822058724179925,0.010304058194596712,0.009786325850647823,0.009268861414780304,0.008751664609871588,0.008234735159229104,0.0077180727865889835,0.007201677216115425,0.0066855481723996,0.006169685380459431,0.005654088565737375,0.005138757454100846,0.00462369177184107,0.00410889124567106,0.0035943556027268784,0.0030800845705644853,0.00256607787716076,0.0020523352509114255,0.0015388564206307272,0.001025641115550439,0.0005126890653186344,0.0,0.000512426349926634,0.001024590253567669,0.0015364919796167875,0.0020481317963549034,0.0025595099716514557,0.0030706267729650478,0.0035814824673444288,0.004092077321429488,0.004602411601451702,0.005112485573235036,0.005622299502197198,0.006131853653349885,0.006641148291299952,0.007150183680250352,0.007658960084000642,0.008167477765947848,0.008675736989087548,0.0091837380160143,0.009691481108922975,0.010198966529608992,0.010706194539469546,0.011213165399504092,0.011719879370315706,0.01222633671211103,0.012732537684701879,0.013238482547505648,0.013744171559546159,0.014249604979454539,0.014754783065469748,0.0152597060754397,0.015764374266822034,0.016268787896684813,0.01677294722170686,0.017276852498179604,0.017780503982006635,0.01828390192870559,0.018787046593408175,0.01928993823086103,0.019792577095426832,0.02029496344108513,0.020797097521432367,0.02129897958968353,0.021800609898672392,0.02230198870085264,0.022803116248298123,0.023303992792704006,0.023804618585387585,0.024304993877288815,0.024805118918971115,0.025304993960622146,0.025804619252054652,0.026303995042707,0.026803121581644183,0.02730199911755836,0.027800627898769654,0.02829900817322695,0.02879714018850858,0.02929502419182325,0.029792660430010214,0.030290049149540848,0.030787190596518643,0.03128408501668024,0.031780732655396424,0.0322771337576722,0.03277328856814802,0.03326919733110053,0.03376486029044303,0.034260277689726275,0.03475544977213926
1952,0.016008604204481133,0.015488177442799903,0.014968021384258172,0.014448135747386051,0.013928520251153225,0.013409174614966895,0.012890098558671495,0.012371291802546829,0.011852754067308619,0.011334485074106644,0.010816484544523282,0.010298752200574473,0.009781287764706924,0.009264090959798172,0.008747161509155528,0.008230499136515444,0.0077141035660420005,0.007197974522326264,0.006682111730386054,0.006166514915663958,0.005651183804027531,0.005136118121767492,0.004621317595597692,0.004106781952653502,0.0035925109204910976,0.0030785042270873733,0.0025647616008380963,0.002051282770557361,0.0015380674654770434,0.0010251154152453505,0.0005124263499266944,0.0,0.0005121639036411111,0.0010240656296902568,0.001535705446428354,0.0020470836217247996,0.00255820042303844,0.0030690561174178833,0.0035796509715029378,0.004089985251525166,0.004600059223308454,0.005109873152270591,0.0056194273034232975,0.006128721941373387,0.006637757330323818,0.007146533734074088,0.007655051416021313,0.008163310639160981,0.00867131166608771,0.009179054758996356,0.009686540179682464,0.010193768189542944,0.010700739049577555,0.011207453020389144,0.011713910362184488,0.012220111334775333,0.012726056197579138,0.013231745209619592,0.013737178629527926,0.014242356715543103,0.014747279725513176,0.015251947916895476,0.015756361546758225,0.01626052087178029,0.016764426148253048,0.01726807763208015,0.01777147557877906,0.018274620243481556,0.01877751188093445,0.01928015074550023,0.019782537091158518,0.020284671171505776,0.02078655323975692,0.021288183548745846,0.021789562350926023,0.02229068989837151,0.022791566442777442,0.02329219223546107,0.023792567527362266,0.024292692569044587,0.02479256761069557,0.02529219290212814,0.025791568692780497,0.02629069523171764,0.026789572767631716,0.027288201548843018,0.02778658182330034,0.02828471383858199,0.02878259784189664,0.02928023408008364,0.029777622799614243,0.03027476424659208,0.03077165866675366,0.03126830630546983,0.03176470740774559,0.032260862218221435,0.03275677098117403,0.03325243394051649,0.03374785133979969,0.03424302342221268
1953,0.016520768108122284,0.01600034134644112,0.015480185287899299,0.014960299651027176,0.014440684154794428,0.013921338518608014,0.01340226246231254,0.012883455706187964,0.012364917970949935,0.011846648977747697,0.011328648448164407,0.010810916104215676,0.010293451668348098,0.009776254863439311,0.009259325412796726,0.008742663040156676,0.00822626746968313,0.007710138425967482,0.007194275634027231,0.006678678819305095,0.006163347707668768,0.005648282025408688,0.005133481499238877,0.004618945856294458,0.004104674824132262,0.00359066813072854,0.00307692550447932,0.002563446674198548,0.002050231369118201,0.0015372793188863979,0.00102459025356772,0.0005121639036410762,0.0,0.0005119017260490618,0.0010235415427872518,0.0015349197180837017,0.0020460365193972784,0.0025568922137767843,0.0030674870678618345,0.0035778213478839666,0.00408789531966732,0.0045977092486294314,0.005107263399782157,0.005616558037732269,0.006125593426682731,0.00663436983043298,0.007142887512380114,0.00765114673551975,0.008159147762446568,0.008666890855355294,0.00917437627604127,0.009681604285901788,0.010188575145936464,0.010695289116747919,0.01120174645854328,0.011707947431134232,0.012213892293937963,0.012719581305978474,0.013225014725886759,0.01373019281190202,0.014235115821871985,0.014739784013254367,0.015244197643117081,0.015748356968139168,0.016252262244611824,0.016755913728438997,0.01725931167513787,0.017762456339840388,0.018265347977293313,0.018767986841859194,0.01927037318751735,0.01977250726786463,0.020274389336115754,0.020776019645104744,0.02127739844728485,0.021778525994730343,0.022279402539136326,0.022780028331819885,0.023280403623721163,0.02378052866540339,0.024280403707054435,0.024780028998486966,0.02527940478913933,0.025778531328076434,0.02627740886399063,0.026776037645201943,0.027274417919659174,0.027772549934940854,0.028270433938255474,0.028768070176442517,0.02926545889597309,0.02976260034295085,0.030259494763112533,0.03075614240182869,0.031252543504104426,0.0317486983145803,0.03224460707753286,0.03274027003687528,0.033235687436158554,0.03373085951857154
1954,0.017032669834171413,0.01651224307249031,0.015992087013948404,0.015472201377076278,0.01495258588084339,0.014433240244657112,0.013914164188361564,0.01339535743223708,0.012876819696999008,0.012358550703796725,0.011840550174213508,0.011322817830264637,0.01080535339439725,0.010288156589488428,0.0097712271388459,0.009254564766205666,0.008738169195732236,0.008222040152016457,0.007706177360076165,0.007190580545354209,0.0066752494337177625,0.006160183751457863,0.00564538322528804,0.0051308475823436134,0.0046165765501814055,0.004102569856777684,0.0035888272305283006,0.0030753484002477133,0.0025621330951673365,0.0020491810449356452,0.0015364919796169454,0.0010240656296903522,0.0005119017260492001,0.0,0.0005116398167380603,0.0010230179920346257,0.0015341347933481393,0.0020449904877275966,0.002555585341812753,0.0030659196218349003,0.003575993593618207,0.004085807522580294,0.004595361673733038,0.005104656311683173,0.005613691700633555,0.006122468104383783,0.006630985786331047,0.007139245009470652,0.007647246036397447,0.008154989129306144,0.00866247454999221,0.009169702559852656,0.009676673419887285,0.010183387390698826,0.010689844732494206,0.01119604570508504,0.01170199056788881,0.012207679579929376,0.012713112999837725,0.013218291085852844,0.01372321409582293,0.014227882287205278,0.01473229591706796,0.015236455242090068,0.01574036051856274,0.016244012002389865,0.016747409949088812,0.01725055461379124,0.017753446251244198,0.018256085115810065,0.018758471461468203,0.01926060554181551,0.01976248761006672,0.020264117919055552,0.020765496721235815,0.0212666242686812,0.021767500813087117,0.022268126605770724,0.02276850189767197,0.02326862693935433,0.023768501981005326,0.02426812727243781,0.024767503063090182,0.02526662960202736,0.025765507137941457,0.026264135919152772,0.026762516193610145,0.02726064820889174,0.027758532212206328,0.028256168450393415,0.028753557169923952,0.029250698616901754,0.029747593037063428,0.030244240675779566,0.030740641778055283,0.031236796588531186,0.03173270535148371,0.03222836831082621,0.03272378571010944,0.03321895779252242
1955,0.017544309650909525,0.017023882889228265,0.016503726830686488,0.015983841193814362,0.015464225697581553,0.01494488006139519,0.014425804005099786,0.013906997248975173,0.013388459513737062,0.012870190520534956,0.01235218999095181,0.011834457647002798,0.011316993211135162,0.010799796406226525,0.010282866955584056,0.009766204582943857,0.009249809012470323,0.008733679968754631,0.0082178171768143,0.007702220362092303,0.007186889250455958,0.006671823568196017,0.006157023042025963,0.005642487399081748,0.005128216366919529,0.004614209673515808,0.004100467047266482,0.003586988216985637,0.0030737729119052304,0.0025608208616736505,0.002048131796354929,0.001535705446428386,0.001023541542787158,0.0005116398167380418,0.0,0.0005113781752964586,0.0010224949766101314,0.0015333506709895397,0.0020439455250745803,0.0025542798050967423,0.003064353776880114,0.0035741677058422875,0.0040837218569949405,0.004593016494945097,0.00510205188389551,0.005610828287645717,0.006119345969592889,0.006627605192732575,0.007135606219659346,0.007643349312568012,0.008150834733254057,0.008658062743114541,0.009165033603149237,0.009671747573960754,0.010178204915756153,0.010684405888346982,0.011190350751150789,0.011696039763191298,0.0122014731830996,0.012706651269114801,0.013211574279084782,0.013716242470467209,0.014220656100329859,0.014724815425351985,0.01522872070182467,0.015732372185651756,0.01623577013235066,0.016738914797053226,0.017241806434506103,0.017744445299071956,0.01824683164473019,0.018748965725077407,0.0192508477933286,0.019752478102317495,0.020253856904497686,0.02075498445194319,0.021255860996349046,0.0217564867890327,0.02225686208093391,0.02275698712261618,0.023256862164267235,0.023756487455699787,0.024255863246352052,0.024754989785289307,0.025253867321203417,0.02575249610241474,0.026250876376872023,0.026749008392153644,0.02724689239546832,0.027744528633655334,0.02824191735318595,0.02873905880016368,0.02923595322032534,0.029732600859041464,0.030229001961317156,0.03072515677179309,0.031221065534745584,0.031716728494088166,0.03221214589337135,0.03270731797578433
1956,0.018055687826206035,0.01753526106452484,0.017015105005982974,0.016495219369110845,0.01597560387287812,0.015456258236691672,0.014937182180396193,0.01441837542427167,0.013899837689033518,0.013381568695831368,0.012863568166248295,0.012345835822299362,0.011828371386431696,0.011311174581523024,0.010794245130880394,0.01027758275824023,0.009761187187766812,0.009245058144051209,0.008729195352110837,0.0082135985373888,0.007698267425752336,0.007183201743492352,0.006668401217322508,0.006153865574378286,0.0056395945422160546,0.0051255878488123355,0.004611845222563067,0.004098366392282185,0.003585151087201749,0.003072199036970059,0.0025595099716515367,0.002047083621724823,0.0015349197180837407,0.0010230179920344864,0.000511378175296574,0.0,0.0005111168013136097,0.0010219724956930802,0.0015325673497781163,0.0020429016298002933,0.0025529756015836187,0.003062789530545767,0.003572343681698439,0.004081638319648507,0.004590673708598951,0.005099450112349249,0.0056079677942964395,0.006116227017436094,0.0066242280443628435,0.00713197113727159,0.007639456557957614,0.008146684567818138,0.008653655427852673,0.009160369398664278,0.009666826740459584,0.01017302771305052,0.010678972575854255,0.011184661587894818,0.011690095007803073,0.012195273093818243,0.012700196103788232,0.013204864295170624,0.013709277925033356,0.014213437250055501,0.01471734252652809,0.015220994010355243,0.015724391957054218,0.016227536621756695,0.016730428259209607,0.017233067123775443,0.017735453469433664,0.0182375875497809,0.01873946961803207,0.019241099927021034,0.01974247872920115,0.02024360627664666,0.020744482821052568,0.021245108613736154,0.021745483905637446,0.022245608947319737,0.022745483988970742,0.02324510928040325,0.023744485071055636,0.02424361160999274,0.024742489145906973,0.025241117927118188,0.025739498201575495,0.026237630216857148,0.026735514220171792,0.02723315045835885,0.027730539177889434,0.028227680624867205,0.02872457504502885,0.029221222683744958,0.029717623786020744,0.030213778596496595,0.030709687359449168,0.0312053503187916,0.031700767718074854,0.03219593980048783
1957,0.018566804627519636,0.018046377865838504,0.01752622180729655,0.017006336170424418,0.01648672067419155,0.01596737503800546,0.015448298981709905,0.014929492225585254,0.014410954490347062,0.013892685497145087,0.013374684967561867,0.012856952623613013,0.01233948818774532,0.011822291382836612,0.01130536193219404,0.01078869955955391,0.01027230398908039,0.009756174945364656,0.009240312153424463,0.008724715338702385,0.008209384227066022,0.007694318544805997,0.007179518018636141,0.0066649823756919115,0.006150711343529668,0.005636704650125951,0.005122962023876518,0.00460948319359582,0.004096267888515355,0.0035833158382837763,0.0030706267729650114,0.002558200423038348,0.0020460365193971895,0.0015341347933482408,0.0010224949766100139,0.0005111168013135466,0.0,0.0005108556943794219,0.0010214505484645643,0.001531784828486645,0.0020418588002700353,0.0025516727292321587,0.00306122688038485,0.00357052151833494,0.004079556907285416,0.004588333311035581,0.0050968509929827915,0.005605110216122526,0.006113111243049364,0.006620854335957969,0.007128339756643972,0.007635567766504534,0.008142538626539134,0.008649252597350714,0.009155709939146038,0.009661910911736859,0.010167855774540631,0.010673544786581139,0.011178978206489458,0.011684156292504709,0.012189079302474705,0.012693747493857065,0.013198161123719764,0.013702320448741817,0.014206225725214532,0.014709877209041641,0.015213275155740577,0.015716419820443077,0.016219311457896023,0.01672195032246184,0.017224336668120045,0.01772647074846731,0.01822835281671846,0.018729983125707374,0.019231361927887644,0.019732489475333046,0.020233366019739005,0.020733991812422636,0.021234367104323783,0.021734492146006094,0.022234367187657162,0.022733992479089624,0.023233368269742018,0.023732494808679196,0.024231372344593327,0.024730001125804663,0.025228381400261884,0.02572651341554356,0.026224397418858177,0.02672203365704516,0.027219422376575826,0.027716563823553638,0.028213458243715274,0.028710105882431367,0.029206506984707132,0.02970266179518301,0.030198570558135553,0.030694233517478058,0.031189650916761267,0.031684822999174245
1958,0.01907766032189911,0.018557233560217826,0.018037077501676,0.017517191864803865,0.016997576368571077,0.0164782307323849,0.015959154676089275,0.015440347919964714,0.0149218101847267,0.014403541191524464,0.013885540661941314,0.01336780831799232,0.012850343882124816,0.012333147077216073,0.01181621762657356,0.011299555253933466,0.010783159683459841,0.010267030639744195,0.009751167847803962,0.009235571033081844,0.008720239921445362,0.008205174239185516,0.0076903737130156495,0.007175838070071412,0.006661567037908936,0.006147560344505219,0.005633817718256064,0.005120338887975331,0.004607123582894835,0.004094171532663147,0.0035814824673445814,0.0030690561174179687,0.0025568922137767344,0.0020449904877276478,0.0015333506709895503,0.0010219724956929677,0.0005108556943794842,0.0,0.0005105948540850265,0.0010209291341072334,0.0015310031058905773,0.002040817034852676,0.002550371186005386,0.003059665823955499,0.0035687012129058944,0.00407747761665615,0.00458599529860338,0.005094254521743083,0.005602255548669898,0.006109998641578473,0.006617484062264567,0.007124712072125055,0.00763168293215961,0.008138396902971164,0.008644854244766508,0.009151055217357436,0.009657000080161245,0.010162689092201697,0.01066812251211008,0.011173300598125189,0.011678223608095194,0.012182891799477631,0.012687305429340297,0.013191464754362371,0.0136953700308351,0.014199021514662166,0.014702419461361175,0.015205564126063697,0.01570845576351645,0.01621109462808237,0.016713480973740556,0.017215615054087842,0.017717497122339082,0.01821912743132795,0.018720506233508148,0.019221633780953554,0.019722510325359564,0.02022313611804313,0.02072351140994436,0.021223636451626688,0.021723511493277704,0.022223136784710235,0.022722512575362525,0.023221639114299777,0.02372051665021392,0.02421914543142515,0.024717525705882395,0.0252156577211641,0.02571354172447869,0.026211177962665713,0.026708566682196348,0.027205708129174087,0.027702602549335823,0.0281992501880519,0.028695651290327643,0.029191806100803554,0.02968771486375606,0.03018337782309853,0.03067879522238181,0.03117396730479478
1959,0.019588255175984184,0.019067828414302962,0.01854767235576105,0.018027786718888914,0.017508171222656205,0.016988825586469945,0.01646974953017446,0.01595094277404977,0.015432405038811717,0.014914136045609438,0.014396135516026361,0.013878403172077445,0.013360938736209913,0.012843741931301134,0.01232681248065868,0.011810150108018402,0.011293754537544894,0.010777625493829115,0.010261762701888841,0.009746165887166904,0.009230834775530522,0.008715769093270634,0.008200968567100758,0.007686432924156291,0.007172161891994024,0.006658155198590308,0.00614441257234099,0.00563093374206044,0.005117718436979916,0.004604766386748339,0.00409207732142953,0.0035796509715029677,0.0030674870678618796,0.0025555853418126545,0.0020439455250746866,0.0015325673497782106,0.0010214505484645682,0.0005105948540851329,0.0,0.0005103342800221108,0.0010204082518055196,0.0015302221807675935,0.0020397763319203225,0.0025490709698704575,0.0030581063588208846,0.0035668827625711195,0.004075400444518368,0.004583659667657928,0.005091660694584833,0.005599403787493488,0.00610688920817945,0.006614117218039977,0.0071210880780745965,0.007627802048886127,0.008134259390681488,0.008640460363272411,0.009146405226076147,0.009652094238116655,0.01015752765802499,0.01066270574404018,0.011167628754010193,0.011672296945392598,0.012176710575255231,0.012680869900277324,0.013184775176750069,0.013688426660577202,0.014191824607276058,0.014694969271978605,0.015197860909431392,0.015700499773997293,0.016202886119655577,0.016705020200002772,0.017206902268253995,0.017708532577242926,0.018209911379423054,0.018711038926868578,0.019211915471274415,0.019712541263958022,0.020212916555859335,0.02071304159754157,0.02121291663919265,0.021712541930625134,0.022211917721277546,0.022711044260214648,0.0232099217961288,0.023708550577340035,0.024206930851797422,0.02470506286707904,0.025202946870393712,0.025700583108580668,0.026197971828111268,0.026695113275089048,0.02719200769525077,0.027688655333966833,0.028185056436242552,0.028681211246718494,0.02917712000967097,0.029672782969013517,0.03016820036829675,0.03066337245070972
1960,0.020098589456006358,0.0195781626943252,0.0190580066357832,0.01853812099891106,0.018018505502678212,0.017499159866492087,0.016980083810196528,0.01646127705407193,0.015942739318833835,0.01542447032563173,0.014906469796048509,0.01438873745209967,0.01387127301623211,0.013354076211323295,0.012837146760680682,0.012320484388040657,0.011804088817567044,0.011287959773851355,0.01077209698191104,0.010256500167189061,0.009741169055552562,0.009226103373292632,0.008711302847122746,0.00819676720417849,0.007682496172016211,0.007168489478612497,0.006654746852363236,0.006141268022082429,0.005628052717002095,0.005115100666770409,0.0046024116014518,0.004089985251525066,0.0035778213478839024,0.003065919621834761,0.0025542798050967007,0.002042901629800331,0.0015317848284867517,0.001020929134107143,0.0005103342800221258,0.0,0.0005100739717833623,0.0010198879007455228,0.0015294420518981596,0.002038736689848317,0.0025477720787986644,0.0030565484825489896,0.003565066164496146,0.004073325387635786,0.004581326414562668,0.005089069507471293,0.005596554928157345,0.006103782938017799,0.006610753798052484,0.0071174677688639896,0.007623925110659371,0.008130126083250176,0.008636070946053951,0.009141759958094513,0.009647193378002801,0.010152371464017962,0.01065729447398798,0.011161962665370352,0.011666376295233066,0.012170535620255179,0.012674440896727824,0.013178092380555027,0.013681490327253956,0.014184634991956413,0.014687526629409234,0.01519016549397512,0.01569255183963339,0.016194685919980606,0.016696567988231808,0.01719819829722069,0.017699577099400975,0.01820070464684639,0.018701581191252276,0.019202206983935932,0.019702582275837096,0.020202707317519466,0.020702582359170496,0.021202207650602937,0.02170158344125535,0.02220070998019253,0.022699587516106692,0.02319821629731794,0.023696596571775235,0.02419472858705688,0.02469261259037152,0.02519024882855852,0.025687637548089087,0.02618477899506691,0.026681673415228622,0.027178321053944667,0.02767472215622048,0.028170876966696335,0.028666785729648894,0.029162448688991403,0.02965786608827459,0.030153038170687558
1961,0.020608663427789737,0.020088236666108424,0.019568080607566554,0.01904819497069441,0.018528579474461643,0.018009233838275435,0.0174901577819798,0.016971351025855296,0.01645281329061716,0.01593454429741501,0.01541654376783186,0.014898811423882882,0.014381346988015293,0.013864150183106662,0.013347220732464107,0.012830558359823897,0.012314162789350401,0.0117980337456348,0.011282170953694444,0.010766574138972425,0.010251243027336026,0.009736177345076055,0.009221376818906158,0.008706841175961894,0.008192570143799604,0.007678563450395891,0.007164820824146687,0.006651341993865843,0.006138126688785481,0.005625174638553684,0.005112485573235053,0.004600059223308591,0.004087895319667352,0.003575993593618294,0.003064353776880141,0.0025529756015836565,0.00204185880027014,0.0015310031058905803,0.001020408251805457,0.000510073971783427,0.0,0.0005098139289621358,0.0010193680801147916,0.001528662718064971,0.00203769810701535,0.002546474510765543,0.0030549921927128295,0.003563251415852439,0.004071252442779298,0.004578995535687892,0.0050864809563739245,0.0055937089662344164,0.006100679826269054,0.006607393797080648,0.007113851138875936,0.007620052111466848,0.00812599697427066,0.008631685986311165,0.009137119406219408,0.009642297492234648,0.010147220502204676,0.010651888693587014,0.011156302323449696,0.011660461648471827,0.012164366924944488,0.012668018408771648,0.013171416355470535,0.013674561020173016,0.01417745265762587,0.014680091522191853,0.015182477867849993,0.015684611948197237,0.016186494016448415,0.016688124325437363,0.017189503127617575,0.017690630675062994,0.01819150721946893,0.01869213301215252,0.01919250830405377,0.019692633345736045,0.020192508387387134,0.020692133678819644,0.021191509469471955,0.021690636008409096,0.022189513544323268,0.02268814232553452,0.023186522599991842,0.023684654615273516,0.02418253861858813,0.024680174856775167,0.025177563576305816,0.025674705023283565,0.026171599443445152,0.026668247082161294,0.027164648184437087,0.02766080299491297,0.028156711757865497,0.028652374717207968,0.029147792116491225,0.029642964198904193
1962,0.02111847735675165,0.020598050595070614,0.020077894536528654,0.019558008899656514,0.019038393403423823,0.01851904776723753,0.01799997171094204,0.017481164954817406,0.01696262721957923,0.01644435822637726,0.01592635769679396,0.015408625352845061,0.014891160916977442,0.014373964112068776,0.01385703466142628,0.013340372288786104,0.012823976718312506,0.012307847674596773,0.011791984882656597,0.011276388067934537,0.010761056956298238,0.010245991274038227,0.009731190747868318,0.009216655104924048,0.008702384072761745,0.008188377379358033,0.007674634753108666,0.0071611559228280065,0.006647940617747614,0.006134988567515929,0.005622299502197277,0.005109873152270644,0.004597709248629549,0.004085807522580354,0.0035741677058423304,0.003062789530545731,0.002551672729232056,0.0020408170348527664,0.0015302221807675365,0.0010198879007453808,0.0005098139289622219,0.0,0.0005095541511526749,0.0010188487891027657,0.0015278841780531757,0.002036660581803459,0.0025451782637506536,0.003053437486890343,0.0035614385138171794,0.004069181606725743,0.004576667027411867,0.005083895037272285,0.005590865897306988,0.006097579868118445,0.006604037209913864,0.007110238182504771,0.00761618304530851,0.00812187205734907,0.008627305477257376,0.009132483563272474,0.00963740657324251,0.010142074764624927,0.010646488394487577,0.011150647719509727,0.011654552995982403,0.012158204479809519,0.012661602426508479,0.013164747091210982,0.013667638728663757,0.014170277593229726,0.01467266393888785,0.015174798019235115,0.015676680087486274,0.016178310396475284,0.016679689198655426,0.017180816746100853,0.01768169329050684,0.018182319083190474,0.01868269437509169,0.019182819416773987,0.019682694458425028,0.020182319749857493,0.02068169554050981,0.021180822079447024,0.02167969961536121,0.022178328396572466,0.0226767086710297,0.023174840686311402,0.023672724689625987,0.024170360927813068,0.024667749647343685,0.025164891094321473,0.02566178551448305,0.026158433153199174,0.026654834255474946,0.02715098906595086,0.027646897828903352,0.0281425607882459,0.028637978187529115,0.02913315026994208
1963,0.021628031507904336,0.021107604746223363,0.020587448687681316,0.020067563050809173,0.01954794755457656,0.019028601918390183,0.01850952586209462,0.01799071910597008,0.01747218137073208,0.016953912377529846,0.016435911847946617,0.015918179503997796,0.01540071506813015,0.01488351826322145,0.014366588812578792,0.013849926439938652,0.013333530869465168,0.012817401825749525,0.012301539033809308,0.011785942219087207,0.011270611107450791,0.010755545425190737,0.010240744899021038,0.00972620925607676,0.009211938223914444,0.008697931530510733,0.008184188904261425,0.007670710073980728,0.007157494768900306,0.006644542718668511,0.0061318536533498365,0.005619427303423254,0.005107263399782084,0.004595361673732972,0.004083721856994856,0.003572343681698363,0.003061226880384751,0.0025503711860052885,0.002039776331920396,0.0015294420518981147,0.0010193680801147801,0.0005095541511525829,0.0,0.0005092946379501131,0.0010183300269005545,0.0015271064306508172,0.0020356241125980305,0.0025438833357376888,0.0030518843626645025,0.003559627455573148,0.0040671128762591385,0.004574340886119707,0.005081311746154251,0.005588025716965796,0.006094483058761233,0.006600684031352024,0.007106628894155801,0.007612317906196304,0.008117751326104676,0.008622929412119855,0.009127852422089898,0.009632520613472282,0.0101369342433349,0.01064109356835707,0.01114499884482976,0.011648650328656833,0.01215204827535575,0.01265519294005828,0.013158084577511088,0.01366072344207704,0.01416310978773526,0.014665243868082437,0.015167125936333686,0.01566875624532254,0.01617013504750272,0.016671262594948263,0.01717213913935419,0.017672764932037757,0.018173140223939056,0.018673265265621256,0.01917314030727236,0.01967276559870478,0.020172141389357218,0.020671267928294393,0.02117014546420848,0.021668774245419745,0.022167154519877115,0.02266528653515873,0.0231631705384734,0.02366080677666041,0.02415819549619099,0.02465533694316871,0.025152231363330387,0.025648879002046498,0.026145280104322245,0.026641434914798187,0.027137343677750763,0.02763300663709316,0.028128424036376443,0.028623596118789407
1964,0.02213732614585448,0.021616899384173355,0.021096743325631436,0.02057685768875929,0.02005724219252654,0.0195378965563403,0.01901882050004488,0.01850001374392021,0.01798147600868217,0.017463207015479893,0.016945206485896737,0.016427474141947996,0.01591000970608032,0.015392812901171582,0.014875883450528985,0.01435922107788888,0.013842825507415292,0.013326696463699736,0.01281083367175948,0.012295236857037338,0.011779905745401022,0.011264840063140928,0.010750039536971217,0.01023550389402671,0.009721232861864604,0.009207226168460895,0.008693483542211422,0.00818000471193069,0.007666789406850458,0.007153837356618774,0.006641148291300078,0.006128721941373326,0.005616558037732301,0.005104656311683052,0.004593016494945064,0.004081638319648456,0.003570521518334907,0.0030596658239554933,0.0025490709698704943,0.002038736689848309,0.0015286627180650205,0.001018848789102848,0.0005092946379501353,0.0,0.0005090353889503616,0.0010178117927007147,0.0015263294746478359,0.002034588697787574,0.0025425897247143654,0.00305033281762298,0.003557818238309061,0.004065046248169556,0.004572017108204166,0.005078731079015687,0.005585188420811031,0.006091389393401928,0.006597334256205743,0.00710302326824619,0.007608456688154514,0.008113634774169775,0.008618557784139714,0.009123225975522063,0.009627639605384762,0.010131798930406952,0.010635704206879544,0.011139355690706686,0.011642753637405676,0.012145898302108115,0.012648789939560956,0.013151428804126895,0.013653815149785099,0.014155949230132298,0.014657831298383526,0.015159461607372443,0.015660840409552665,0.0161619679569981,0.016662844501403967,0.01716347029408758,0.017663845585988845,0.01816397062767118,0.01866384566932223,0.01916347096075472,0.019662846751407052,0.020161973290344193,0.0206608508262584,0.021159479607469674,0.021657859881926957,0.022155991897208595,0.02265387590052324,0.02315151213871029,0.02364890085824084,0.0241460423052186,0.024642936725380264,0.025139584364096357,0.025635985466372198,0.026132140276848057,0.026628049039800598,0.027123711999143076,0.027619129398426312,0.028114301480839272
1965,0.022646361534804905,0.022125934773123846,0.021605778714581837,0.021085893077709906,0.02056627758147702,0.020046931945290693,0.0195278558889952,0.01900904913287062,0.01849051139763254,0.017972242404430436,0.017454241874847135,0.016936509530898255,0.016419045095030768,0.015901848290121996,0.015384918839479456,0.014868256466839386,0.014351860896365696,0.013835731852650008,0.013319869060709711,0.01280427224598775,0.012288941134351314,0.011773875452091399,0.011259074925921457,0.010744539282977163,0.010230268250815043,0.009716261557411336,0.00920251893116192,0.00868904010088115,0.00817582479580089,0.007662872745569097,0.0071501836802503795,0.006637757330323898,0.006125593426682576,0.0056136917006336315,0.005102051883895552,0.00459067370859905,0.004079556907285343,0.003568701212905977,0.0030581063588208724,0.002547772078798783,0.002037698107015319,0.0015278841780531714,0.0010183300269005506,0.0005090353889505039,0.0,0.0005087764037502211,0.0010172940856974727,0.0015255533088370686,0.0020335543357639482,0.0025412974286725325,0.003048782849358593,0.0035560108592191265,0.00406298171925369,0.004569695690065297,0.005076153031860661,0.005582354004451553,0.006088298867255293,0.006593987879295796,0.007099421299204072,0.007604599385219304,0.008109522395189361,0.008614190586571677,0.009118604216434345,0.009622763541456442,0.01012666881792916,0.01063032030175626,0.011133718248455209,0.011636862913157783,0.012139754550610546,0.012642393415176468,0.013144779760834658,0.01364691384118188,0.014148795909433087,0.014650426218422068,0.01515180502060222,0.015652932568047662,0.016153809112453576,0.016654434905137235,0.01715481019703847,0.01765493523872071,0.018154810280371827,0.018654435571804268,0.01915381136245661,0.019652937901393823,0.02015181543730793,0.020650444218519207,0.021148824492976517,0.021646956508258184,0.022144840511572797,0.022642476749759777,0.023139865469290408,0.02363700691626821,0.02413390133642986,0.02463054897514594,0.02512695007742176,0.025623104887897645,0.026119013650850155,0.02661467661019271,0.027110094009475904,0.027605266091888857
1966,0.02315513793855517,0.022634711176873955,0.022114555118332078,0.021594669481460146,0.021075053985227334,0.020555708349040927,0.020036632292745576,0.01951782553662087,0.01899928780138275,0.018481018808180604,0.017963018278597375,0.017445285934648568,0.016927821498781054,0.016410624693872247,0.015893695243229766,0.015377032870589512,0.014860637300115939,0.014344508256400339,0.013828645464460002,0.013313048649737999,0.012797717538101664,0.012282651855841707,0.011767851329671756,0.011253315686727453,0.010739044654565101,0.010225037961161395,0.009711295334912256,0.00919781650463145,0.00868460119955094,0.008171649149319478,0.00765896008400074,0.007146533734074087,0.006634369830432911,0.006122468104383829,0.005610828287645657,0.005099450112349261,0.004588333311035617,0.004077477616656079,0.0035668827625710896,0.003056548482548874,0.002546474510765678,0.002036660581803555,0.0015271064306508044,0.0010178117927006245,0.0005087764037502004,0.0,0.0005085176819471595,0.0010167769050868354,0.0015247779320136923,0.002032521024922358,0.0025400064456083974,0.0030472344554688577,0.003554205315503486,0.004060919286315069,0.0045673766281103395,0.005073577600701227,0.005579522463505006,0.006085211475545563,0.006590644895453904,0.007095822981469105,0.007600745991439058,0.008105414182821454,0.008609827812684089,0.009113987137706205,0.009617892414178937,0.010121543898005993,0.010624941844705015,0.011128086509407501,0.011630978146860297,0.012133617011426203,0.012636003357084376,0.013138137437431734,0.013640019505682808,0.014141649814671742,0.014643028616851935,0.015144156164297382,0.015645032708703346,0.01614565850138694,0.016646033793288252,0.017146158834970514,0.01764603387662158,0.01814565916805398,0.01864503495870644,0.019144161497643503,0.01964303903355773,0.020141667814769018,0.02064004808922624,0.021138180104507933,0.02163606410782252,0.02213370034600954,0.02263108906554014,0.02312823051251798,0.02362512493267962,0.024121772571395795,0.02461817367367148,0.025114328484147398,0.025610237247099873,0.02610590020644239,0.026601317605725653,0.027096489688138607
1967,0.023663655620502395,0.02314322885882124,0.022623072800279278,0.02210318716340734,0.02158357166717439,0.021064226030988117,0.020545149974692693,0.020026343218568075,0.019507805483329917,0.018989536490127728,0.018471535960544568,0.017953803616595845,0.01743633918072808,0.016919142375819457,0.016402212925176816,0.015885550552536813,0.015369154982063137,0.014853025938347626,0.01433716314640725,0.013821566331685206,0.013306235220048753,0.012791169537788754,0.012276369011619012,0.011761833368674701,0.011247562336512338,0.010733555643108633,0.010219813016859331,0.009706334186578708,0.009193118881498168,0.008680166831266597,0.008167477765947836,0.007655051416021234,0.007142887512380204,0.006630985786330984,0.0061193459695929415,0.00560796779429643,0.005096850992982849,0.00458599529860336,0.004075400444518264,0.0035650661644961446,0.003054992192712773,0.002545178263750675,0.0020356241125980157,0.0015263294746479246,0.0010172940856973582,0.0005085176819472895,0.0,0.0005082592231396446,0.001016260250066479,0.0015240033429751141,0.002031488763661133,0.0025387167735216316,0.0030456876335563246,0.003552401604367772,0.004058858946163172,0.004565059918754055,0.005071004781557872,0.005576693793598373,0.006082127213506667,0.006587305299521837,0.00709222830949191,0.007596896500874271,0.008101310130736875,0.008605469455759011,0.009109374732231758,0.009613026216058881,0.010116424162757752,0.010619568827460261,0.01112246046491309,0.01162509932947898,0.01212748567513725,0.012629619755484519,0.013131501823735684,0.01363313213272457,0.014134510934904806,0.014635638482350256,0.01513651502675616,0.015637140819439798,0.01613751611134097,0.01663764115302325,0.017137516194674376,0.017637141486106844,0.0181365172767592,0.018635643815696334,0.019134521351610465,0.019633150132821756,0.02013153040727912,0.020629662422560726,0.021127546425875394,0.021625182664062343,0.022122571383593023,0.022619712830570793,0.02311660725073242,0.02361325488944858,0.024109655991724245,0.02460581080220019,0.02510171956515275,0.025597382524495227,0.026092799923778446,0.0265879720061914
1968,0.02417191484364207,0.02365148808196098,0.023131332023418927,0.02261144638654699,0.02209183089031412,0.021572485254127763,0.021053409197832263,0.020534602441707735,0.020016064706469754,0.019497795713267523,0.018979795183684218,0.018462062839735352,0.01794459840386778,0.01742740159895912,0.01691047214831654,0.016393809775676352,0.01587741420520279,0.015361285161487149,0.014845422369546949,0.014329825554824868,0.013814494443188514,0.013299428760928475,0.01278462823475872,0.012270092591814401,0.011755821559652027,0.011241814866248322,0.010728072239999078,0.01021459340971842,0.00970137810463785,0.00918842605440617,0.008675736989087609,0.008163310639160835,0.0076511467355197295,0.0071392450094705925,0.006627605192732679,0.006116227017436054,0.005605110216122535,0.0050942545217430935,0.004583659667657893,0.004073325387635869,0.0035632514158525433,0.003053437486890248,0.002543883335737681,0.0020345886977874567,0.0015255533088371917,0.001016776905086811,0.0005082592231396135,0.0,0.0005080010269268118,0.0010157441198354164,0.0015232295405215258,0.0020304575503819517,0.0025374284104165983,0.0030441423812281325,0.003550599723023552,0.00405680069561443,0.004562745558418173,0.005068434570458729,0.005573867990366975,0.006079046076382226,0.006583969086352196,0.007088637277734525,0.007593050907597207,0.008097210232619362,0.008601115509092011,0.009104766992919204,0.009608164939618146,0.010111309604320566,0.010614201241773428,0.011116840106339305,0.011619226451997559,0.01212136053234485,0.012623242600595995,0.013124872909584945,0.01362625171176511,0.014127379259210565,0.014628255803616519,0.01512888159630009,0.01562925688820134,0.016129381929883644,0.01662925697153472,0.017128882262967143,0.017628258053619505,0.018127384592556715,0.018626262128470857,0.019124890909682155,0.019623271184139427,0.020121403199421063,0.020619287202735703,0.021116923440922697,0.02161431216045334,0.022111453607431036,0.022608348027592765,0.023104995666308914,0.02360139676858467,0.02409755157906053,0.024593460342013054,0.025089123301355497,0.025584540700638786,0.026079712783051736
1969,0.02467991587056889,0.024159489108887648,0.023639333050345723,0.023119447413473784,0.022599831917240992,0.022080486281054766,0.021561410224759197,0.02104260346863454,0.020524065733396518,0.020005796740194245,0.01948779621061101,0.018970063866662223,0.018452599430794622,0.01793540262588593,0.017418473175243403,0.016901810802603254,0.01638541523212959,0.015869286188414034,0.015353423396473796,0.014837826581751673,0.014322495470115201,0.01380742978785534,0.013292629261685356,0.012778093618741248,0.012263822586578862,0.011749815893175159,0.011236073266925752,0.010722594436645055,0.010209379131564677,0.009696427081333107,0.009183738016014303,0.008671311666087802,0.00815914776244662,0.007647246036397566,0.00713560621965934,0.006624228044362821,0.0061131112430493646,0.0056022555486697516,0.005091660694584887,0.004581326414562738,0.004071252442779237,0.0035614385138171877,0.003051884362664491,0.0025425897247143554,0.0020335543357639482,0.0015247779320136992,0.0010162602500663716,0.0005080010269267893,0.0,0.0005077430929086854,0.001015228513594663,0.001522456523455238,0.0020294273834898383,0.0025361413543013482,0.0030425986960966747,0.003548799668687548,0.004054744531491328,0.004560433543531829,0.005065866963440139,0.00557104504945536,0.006075968059425337,0.006580636250807744,0.007085049880670395,0.007589209205692569,0.008093114482165233,0.008596765965992383,0.009100163912691285,0.00960330857739384,0.010106200214846622,0.010608839079412484,0.011111225425070722,0.011613359505418036,0.01211524157366916,0.012616871882658063,0.013118250684838267,0.01361937823228373,0.014120254776689621,0.014620880569373237,0.01512125586127457,0.01562138090295678,0.016121255944607917,0.016620881236040407,0.017120257026692665,0.017619383565629837,0.01811826110154399,0.018616889882755297,0.019115270157212594,0.019613402172494257,0.02011128617580887,0.020608922413995902,0.021106311133526515,0.02160345258050425,0.02210034700066597,0.0225969946393821,0.02309339574165783,0.023589550552133725,0.024085459315086218,0.024581122274428737,0.02507653967371198,0.025571711756124927
1970,0.025187658963477556,0.024667232201796375,0.024147076143254363,0.02362719050638242,0.02310757501014949,0.0225882293739634,0.022069153317667754,0.021550346561543192,0.021031808826305128,0.02051353983310303,0.019995539303519647,0.01947780695957094,0.018960342523703308,0.01844314571879458,0.017926216268152113,0.01740955389551178,0.01689315832503823,0.016377029281322546,0.015861166489382485,0.01534556967466032,0.014830238563023951,0.014315172880764048,0.013800372354594052,0.013285836711649719,0.01277156567948754,0.012257558986083838,0.011743816359834488,0.011230337529553755,0.010717122224473347,0.010204170174241668,0.009691481108923063,0.00917905475899639,0.008666890855355354,0.008154989129306164,0.007643349312568066,0.007131971137271652,0.006620854335958038,0.006109998641578474,0.005599403787493503,0.005089069507471228,0.004578995535687995,0.004069181606725749,0.003559627455573144,0.003050332817623097,0.002541297428672548,0.0020325210249224307,0.0015240033429751948,0.0010157441198354218,0.0005077430929086551,0.0,0.000507485420686068,0.0010147134305465702,0.0015216842905811242,0.0020283982613927207,0.0025348556031880663,0.0030410565757789344,0.003547001438582753,0.004052690450623196,0.004558123870531571,0.005063301956546762,0.005568224966516747,0.00607289315789912,0.006577306787761739,0.007081466112783933,0.007585371389256612,0.008089022873083718,0.008592420819782691,0.009095565484485158,0.009598457121937975,0.010101095986503933,0.010603482332162155,0.01110561641250938,0.01160749848076048,0.01210912878974945,0.012610507591929696,0.01311163513937505,0.013612511683780993,0.014113137476464655,0.014613512768365842,0.015113637810048184,0.015613512851699273,0.016113138143131717,0.016612513933784094,0.01711164047272123,0.017610518008635393,0.018109146789846594,0.01860752706430392,0.019105659079585606,0.01960354308290019,0.020101179321087265,0.020598568040617847,0.021095709487595624,0.02159260390775733,0.022089251546473444,0.022585652648749153,0.023081807459225074,0.023577716222177535,0.02407337918152013,0.02456879658080333,0.025063968663216276
1971,0.025695144384163583,0.025174717622482464,0.024654561563940365,0.02413467592706842,0.02361506043083557,0.023095714794649395,0.02257663873835389,0.0220578319822292,0.021539294246991098,0.021021025253788954,0.020503024724205864,0.0199852923802568,0.019467827944389355,0.018950631139480593,0.018433701688837966,0.017917039316197887,0.017400643745724233,0.01688451470200864,0.016368651910068317,0.015853055095346333,0.015337723983709844,0.014822658301449899,0.014307857775280113,0.01379332213233577,0.013279051100173578,0.012765044406769878,0.012251301780520585,0.011737822950239816,0.01122460764515938,0.01071165559492781,0.010198966529608965,0.009686540179682342,0.00917437627604123,0.008662474549992123,0.008150834733254153,0.007639456557957626,0.007128339756644074,0.006617484062264558,0.0061068892081794805,0.005596554928157302,0.005086480956373894,0.0045766670274118935,0.004067112876259159,0.0035578182383089792,0.0030487828493585096,0.002540006445608302,0.0020314887636611583,0.0015232295405214163,0.001015228513594672,0.0005074854206859363,0.0,0.0005072280098605403,0.0010141988698951592,0.0015209128407067314,0.0020273701825020956,0.002533571155092959,0.003039516017896704,0.0035452050299372025,0.00405063844984553,0.004555816535860691,0.005060739545830683,0.005565407737213135,0.006069821367075722,0.0065739806920979355,0.007077885968570628,0.007581537452397691,0.008084935399096623,0.008588080063799115,0.009090971701251963,0.009593610565817907,0.010095996911476113,0.01059813099182336,0.011100013060074554,0.011601643369063474,0.01210302217124365,0.012604149718689122,0.013105026263095003,0.013605652055778598,0.014106027347679866,0.014606152389362114,0.015106027431013153,0.015605652722445667,0.01610502851309805,0.01660415505203526,0.017103032587949322,0.017601661369160644,0.01810004164361799,0.018598173658899594,0.019096057662214262,0.019593693900401266,0.020091082619931814,0.020588224066909633,0.021085118487071324,0.021581766125787424,0.022078167228063113,0.022574322038539065,0.023070230801491606,0.023565893760834053,0.02406131116011732,0.024556483242530264
1972,0.026202372394024117,0.025681945632342846,0.025161789573801094,0.02464190393692893,0.02412228844069616,0.023602942804509898,0.023083866748214322,0.022565059992089725,0.02204652225685158,0.02152825326364939,0.021010252734066374,0.020492520390117386,0.019975055954249914,0.019457859149341117,0.01894092969869855,0.018424267326058504,0.01790787175558475,0.01739174271186924,0.01687587991992888,0.016360283105206853,0.015844951993570465,0.015329886311310478,0.014815085785140682,0.014300550142196332,0.013786279110034128,0.01327227241663043,0.012758529790380974,0.012245050960100387,0.011731835655019921,0.011218883604788244,0.010706194539469596,0.010193768189543024,0.009681604285901837,0.009169702559852591,0.008658062743114531,0.008146684567818108,0.007635567766504399,0.007124712072124932,0.00661411721803997,0.006103782938017886,0.005593708966234524,0.005083895037272328,0.004574340886119685,0.0040650462481695935,0.0035560108592192032,0.003047234455468906,0.002538716773521632,0.0020304575503819213,0.0015224565234551995,0.001014713430546605,0.0005072280098604675,0.0,0.0005069708600345725,0.0010136848308461204,0.001520142172641503,0.0020263431452323616,0.0025322880080361444,0.003037977020076698,0.0035434104399849784,0.0040485885260002205,0.00455351153597022,0.0050581797273525275,0.005562593357215305,0.006066752682237426,0.006570657958710022,0.007074309442537154,0.007577707389236158,0.008080852053938672,0.008583743691391442,0.009086382555957371,0.009588768901615561,0.010090902981962831,0.010592785050214003,0.011094415359202877,0.011595794161383092,0.01209692170882857,0.012597798253234501,0.013098424045918142,0.013598799337819378,0.014098924379501648,0.014598799421152636,0.015098424712585217,0.015597800503237497,0.016096927042174667,0.016595804578088853,0.017094433359300068,0.01759281363375744,0.018090945649039073,0.01858882965235371,0.019086465890540756,0.019583854610071273,0.020080996057049133,0.02057789047721081,0.021074538115926897,0.02157093921820268,0.022067094028678545,0.022563002791631055,0.023058665750973574,0.0235540831502568,0.02404925523266974
1973,0.02670934325405875,0.02618891649237754,0.025668760433835702,0.025148874796963535,0.024629259300730844,0.024109913664544503,0.02359083760824885,0.02307203085212434,0.022553493116886373,0.022035224123684145,0.02151722359410098,0.02099949125015207,0.020482026814284352,0.019964830009375736,0.019447900558733227,0.018931238186092998,0.018414842615619577,0.01789871357190372,0.017382850779963537,0.016867253965241472,0.016351922853605184,0.015836857171345156,0.015322056645175348,0.01480752100223099,0.014293249970068774,0.013779243276665076,0.013265500650415677,0.012752021820134837,0.012238806515054561,0.011725854464822775,0.011213165399504104,0.010700739049577582,0.01018857514593632,0.009676673419887379,0.009165033603149226,0.008653655427852689,0.008142538626539042,0.007631682932159623,0.007121088078074555,0.006610753798052347,0.00610067982626903,0.005590865897306859,0.005081311746154307,0.004572017108204083,0.004062981719253772,0.003554205315503385,0.0030456876335562028,0.0025374284104165232,0.002029427383489824,0.0015216842905811487,0.0010141988698952537,0.0005069708600345263,0.0,0.0005067139708115235,0.001013171312606925,0.0015193722851977785,0.0020253171480015993,0.0025310061600420965,0.00303643957995033,0.0035416176659655413,0.004046540675935548,0.004551208867317934,0.00505562249718068,0.005559781822202709,0.006063687098675431,0.006567338582502519,0.007070736529201484,0.007573881193904021,0.008076772831356825,0.008579411695922736,0.009081798041580911,0.009583932121928205,0.010085814190179357,0.010587444499168295,0.011088823301348439,0.011589950848793922,0.012090827393199903,0.012591453185883478,0.013091828477784683,0.013591953519466972,0.01409182856111802,0.014591453852550557,0.015090829643202958,0.015589956182140092,0.016088833718054175,0.016587462499265508,0.017085842773722795,0.017583974789004454,0.018081858792319064,0.018579495030506037,0.019076883750036747,0.019574025197014535,0.020070919617176088,0.02056756725589227,0.02106396835816803,0.021560123168643926,0.022056031931596404,0.022551694890938886,0.02304711229022218,0.02354228437263512
1974,0.02721605722487031,0.026695630463189166,0.026175474404647237,0.02565558876777507,0.02513597327154224,0.02461662763535603,0.024097551579060524,0.023578744822935885,0.02306020708769788,0.022541938094495607,0.022023937564912513,0.021506205220963682,0.020988740785095935,0.020471543980187284,0.019954614529544615,0.01943795215690464,0.018921556586431115,0.018405427542715343,0.017889564750775123,0.017373967936053017,0.01685863682441661,0.01634357114215676,0.015828770615986722,0.015314234973042575,0.01479996394088013,0.014285957247476434,0.013772214621227309,0.013258735790946432,0.012745520485866127,0.012232568435634451,0.01171987937031576,0.011207453020389068,0.01069528911674795,0.010183387390698871,0.009671747573960847,0.009160369398664195,0.008649252597350611,0.00813839690297124,0.0076278020488860674,0.007117467768863955,0.006607393797080684,0.006097579868118538,0.005588025716965856,0.005078731079015721,0.004569695690065268,0.004060919286315012,0.0035524016043679218,0.003044142381228052,0.002536141354301375,0.002028398261392619,0.0015209128407067448,0.001013684830846201,0.0005067139708114992,0.0,0.0005064573417953089,0.001012658314386269,0.0015186031771900162,0.0020242921892305683,0.002529725609138866,0.003034903695154047,0.0035398267051240623,0.004044494896506414,0.004548908526369129,0.005053067851391178,0.005556973127863913,0.006060624611690958,0.006564022558389994,0.007067167223092443,0.007570058860545279,0.008072697725111176,0.008575084070769448,0.009077218151116652,0.009579100219367783,0.010080730528356785,0.010582109330536972,0.011083236877982346,0.01158411342238838,0.012084739215071886,0.012585114506973171,0.01308523954865548,0.01358511459030648,0.014084739881738972,0.014584115672391379,0.015083242211328476,0.015582119747242681,0.01608074852845391,0.016579128802911222,0.017077260818192906,0.017575144821507488,0.018072781059694506,0.018570169779225182,0.019067311226202897,0.019564205646364553,0.02006085328508072,0.020557254387356456,0.02105340919783238,0.021549317960784825,0.022044980920127386,0.022540398319410637,0.023035570401823573
1975,0.027722514566665676,0.027202087804984378,0.026681931746442577,0.026162046109570406,0.025642430613337652,0.025123084977151364,0.02460400892085578,0.024085202164731236,0.02356666442949319,0.02304839543629109,0.02253039490670785,0.02201266256275888,0.02149519812689132,0.020978001321982635,0.020461071871340025,0.019944409498699866,0.019428013928226455,0.018911884884510774,0.018396022092570512,0.017880425277848364,0.01736509416621206,0.01685002848395195,0.016335227957782122,0.015820692314837966,0.015306421282675507,0.014792414589271812,0.014278671963022526,0.013765193132741832,0.013251977827661496,0.012739025777429712,0.012226336712110998,0.011713910362184358,0.011201746458543384,0.010689844732494168,0.010178204915756052,0.009666826740459506,0.009155709939145985,0.008644854244766442,0.008134259390681384,0.007623925110659366,0.007113851138875921,0.006604037209913799,0.00609448305876121,0.005585188420810941,0.005076153031860568,0.004567376628110444,0.0040588589461632235,0.0035505997230236056,0.0030425986960967303,0.0025348556031881157,0.00202737018250204,0.0015201421726414581,0.0010131713126068026,0.0005064573417954385,0.0,0.0005062009725908441,0.001012145835394629,0.001517834847435125,0.002023268267343487,0.0025284463533586377,0.0030333693633286603,0.003538037554711091,0.004042451184573774,0.004546610509595841,0.0050505157860685915,0.005554167269895705,0.0060575652165945895,0.006560709881297061,0.00706360151874993,0.007566240383315813,0.008068626728974067,0.008570760809321294,0.009072642877572517,0.00957427318656136,0.010075651988741587,0.010576779536187079,0.011077656080592939,0.011578281873276603,0.012078657165177857,0.012578782206860073,0.013078657248511136,0.013578282539943694,0.014077658330595997,0.014576784869533168,0.015075662405447273,0.015574291186658621,0.016072671461115844,0.016570803476397555,0.017068687479712224,0.01756632371789917,0.01806371243742981,0.018560853884407567,0.01905774830456921,0.019554395943285362,0.020050797045561078,0.02054695185603703,0.021042860618989558,0.02153852357833197,0.022033940977615286,0.022529113060028222
1976,0.028228715539256568,0.027708288777575335,0.027188132719033444,0.026668247082161273,0.0261486315859286,0.025629285949742224,0.025110209893446787,0.024591403137322113,0.024072865402084028,0.023554596408881884,0.023036595879298717,0.022518863535349824,0.02200139909948224,0.021484202294573516,0.020967272843930965,0.02045061047129084,0.01993421490081733,0.019418085857101516,0.018902223065161212,0.018386626250439245,0.01787129513880282,0.017356229456542888,0.016841428930373048,0.016326893287428666,0.015812622255266414,0.015298615561862721,0.014784872935613492,0.014271394105332761,0.013758178800252397,0.013245226750020723,0.012732537684701988,0.012220111334775397,0.011707947431134128,0.011196045705084996,0.010684405888347008,0.010173027713050568,0.00966191091173689,0.009151055217357394,0.008640460363272451,0.008130126083250309,0.00762005211146691,0.007110238182504812,0.006600684031352093,0.006091389393401913,0.005582354004451619,0.005073577600701183,0.004565059918754055,0.004056800695614469,0.0035487996686876157,0.0030410565757789205,0.0025335711550928657,0.0020263431452324674,0.001519372285197858,0.0010126583143861855,0.0005062009725908393,0.0,0.0005059448628038228,0.0010116338748442624,0.0015170672947525774,0.002022245380767809,0.0025271683907378394,0.003031836582120125,0.0035362502119828877,0.004040409537004974,0.004544314813477627,0.005047966297304809,0.005551364244003766,0.0060545089087062605,0.006557400546159052,0.007060039410724919,0.007562425756383158,0.008064559836730408,0.008566441904981608,0.009068072213970517,0.009569451016150672,0.01007057856359617,0.010571455108002078,0.011072080900685677,0.0115724561925869,0.012072581234269249,0.01257245627592026,0.013072081567352775,0.013571457358005084,0.01407058389694233,0.014569461432856446,0.015068090214067688,0.01556647048852505,0.016064602503806674,0.016562486507121315,0.0170601227453083,0.017557511464838912,0.018054652911816706,0.01855154733197834,0.019048194970694474,0.019544596072970283,0.020040750883446153,0.02053665964639865,0.021032322605741133,0.021527740005024408,0.02202291208743734
1977,0.02873466040206037,0.028214233640379196,0.027694077581837222,0.027174191944965044,0.026654576448732235,0.026135230812545995,0.02561615475625048,0.025097348000125898,0.02457881026488777,0.024060541271685585,0.023542540742102488,0.023024808398153674,0.02250734396228606,0.021990147157377304,0.021473217706734812,0.020956555334094504,0.020440159763621103,0.01992403071990538,0.019408167927965035,0.01889257111324303,0.018377240001606704,0.01786217431934673,0.01734737379317688,0.01683283815023249,0.01631856711807023,0.015804560424666537,0.015290817798417145,0.014777338968136596,0.014264123663056202,0.01375117161282442,0.013238482547505663,0.012726056197579123,0.012213892293937998,0.011701990567888948,0.011190350751150869,0.010678972575854314,0.010167855774540699,0.009657000080161252,0.009146405226076203,0.008636070946053936,0.008125996974270583,0.007616183045308509,0.0071066288941558815,0.00659733425620579,0.006088298867255355,0.00557952246350505,0.005071004781557793,0.004562745558418237,0.004054744531491406,0.003547001438582631,0.0030395160178968176,0.00253228800803616,0.002025317148001597,0.0015186031771900596,0.001012145835394584,0.0005059448628037495,0.0,0.0005056890120404947,0.0010111224319487625,0.0015163005179639638,0.0020212235279340016,0.0025258917193163657,0.0030303053491790963,0.0035344646742012024,0.00403836995067387,0.004542021434501009,0.005045419381199925,0.005548564045902443,0.006051455683355267,0.006554094547921119,0.007056480893579342,0.007558614973926615,0.008060497042177796,0.008562127351166767,0.009063506153346964,0.009564633700792356,0.010065510245198315,0.010566136037881958,0.01106651132978315,0.011566636371465405,0.012066511413116479,0.012566136704548949,0.01306551249520138,0.013564639034138473,0.0140635165700526,0.014562145351263963,0.015060525625721237,0.01555865764100289,0.0160565416443175,0.016554177882504528,0.017051566602035106,0.017548708049012943,0.018045602469174565,0.018542250107890682,0.019038651210166468,0.019534806020642368,0.02003071478359483,0.020526377742937394,0.021021795142220624,0.021516967224633553
1978,0.02924034941410068,0.028719922652419568,0.028199766593877722,0.027679880957005545,0.02716026546077281,0.02664091982458649,0.02612184376829112,0.02560303701216641,0.025084499276928244,0.02456623028372623,0.02404822975414299,0.023530497410194036,0.023013032974326608,0.02249583616941782,0.021978906718775167,0.02146224434613511,0.020945848775661607,0.02042971973194597,0.019913856940005588,0.01939826012528354,0.018882929013647097,0.0183678633313873,0.01785306280521744,0.01733852716227304,0.01682425613011077,0.016310249436707076,0.01579650681045774,0.015283027980176939,0.014769812675096515,0.014256860624864844,0.013744171559546284,0.013231745209619575,0.012719581305978594,0.012207679579929407,0.011696039763191236,0.011184661587894789,0.010673544786581234,0.010162689092201837,0.009652094238116683,0.00914175995809451,0.008631685986311203,0.008121872057348933,0.007612317906196398,0.0071030232682461735,0.0065939878792958175,0.006085211475545644,0.005576693793598256,0.0050684345704587325,0.0045604335435319235,0.004052690450623289,0.0035452050299372754,0.003037977020076801,0.0025310061600420626,0.002024292189230439,0.0015178348474352771,0.0010116338748442258,0.0005056890120404386,0.0,0.0005054334199083321,0.0010106115059235032,0.0015155345158935486,0.0020202027072758794,0.0025246163371385783,0.003028775662160704,0.0035326809386333857,0.004036332422460482,0.004539730369159468,0.005042875033861899,0.005545766671314755,0.006048405535880704,0.0065507918815389116,0.007052925961886096,0.007554808030137255,0.00805643833912618,0.008557817141306419,0.009058944688751814,0.009559821233157824,0.0100604470258414,0.010560822317742672,0.011060947359424948,0.011560822401075971,0.012060447692508509,0.012559823483160834,0.013058950022098004,0.013557827558012141,0.0140564563392234,0.014554836613680698,0.015052968628962377,0.015550852632276959,0.016048488870464027,0.016545877589994575,0.017043019036972452,0.01753991345713406,0.018036561095850164,0.01853296219812593,0.019029117008601857,0.0195250257715544,0.020020688730896814,0.020516106130180112,0.021011278212593038
1979,0.029745782834008996,0.02922535607232795,0.028705200013786014,0.028185314376913836,0.02766569888068118,0.027146353244494773,0.026627277188199332,0.02610847043207471,0.02558993269683672,0.02507166370363445,0.024553663174051277,0.024035930830102404,0.02351846639423473,0.023001269589326124,0.02248434013868353,0.021967677766043504,0.021451282195569903,0.020935153151854135,0.020419290359913928,0.019903693545191843,0.0193883624335555,0.018873296751295444,0.018358496225125573,0.017843960582181385,0.0173296895500191,0.01681568285661541,0.01630194023036613,0.01578846140008529,0.015275246095004838,0.014762294044773276,0.014249604979454477,0.013737178629528035,0.01322501472588676,0.012713112999837657,0.012201473183099614,0.011690095007803053,0.01117897820648956,0.010668122512109992,0.010157527658024952,0.009647193378002874,0.009137119406219392,0.008627305477257369,0.008117751326104703,0.007608456688154568,0.00709942129920407,0.006590644895453807,0.006082127213506732,0.005573867990367017,0.005065866963440232,0.0045581238705315165,0.004050638449845523,0.0035434104399850114,0.003036439579950319,0.00252972560913883,0.0020232682673435387,0.0015170672947524924,0.0010111224319488893,0.000505433419908285,0.0,0.0005051780860151409,0.001010101095985194,0.0015147692873676028,0.0020191829172302696,0.0025233422422524148,0.003027247518725111,0.0035308990025521634,0.004034296949251111,0.004537441613953564,0.005040333251406454,0.005542972115972387,0.006045358461630579,0.006547492541977786,0.007049374610229036,0.007551004919217913,0.008052383721398082,0.008553511268843593,0.009054387813249541,0.009555013605933053,0.010055388897834291,0.010555513939516587,0.011055388981167674,0.011555014272600167,0.012054390063252499,0.012553516602189743,0.01305239413810378,0.013551022919315156,0.014049403193772368,0.014547535209054075,0.01504541921236874,0.015543055450555739,0.016040444170086363,0.016537585617064057,0.017034480037225765,0.017531127675941855,0.0180275287782176,0.018523683588693555,0.019019592351646068,0.019515255310988557,0.02001067271027181,0.020505844792684736
1980,0.030250960920024203,0.029730534158343216,0.029210378099801197,0.028690492462929016,0.028170876966696224,0.02765153133050995,0.027132455274214432,0.026613648518089904,0.02609511078285187,0.025576841789649776,0.025058841260066456,0.02454110891611766,0.024023644480249958,0.023506447675341317,0.02298951822469878,0.022472855852058576,0.021956460281585086,0.021440331237869408,0.02092446844592916,0.020408871631207033,0.019893540519570572,0.019378474837310696,0.01886367431114081,0.018349138668196617,0.01783486763603432,0.01732086094263063,0.01680711831638119,0.016293639486100533,0.01578042418102005,0.01526747213078838,0.014754783065469778,0.014242356715543168,0.013730192811902037,0.013218291085852797,0.012706651269114883,0.012195273093818206,0.011684156292504777,0.011173300598125255,0.01066270574404011,0.010152371464017908,0.009642297492234693,0.009132483563272472,0.008622929412119899,0.008113634774169631,0.0076045993852192125,0.00709582298146908,0.006587305299521876,0.0060790460763821925,0.0055710450494554295,0.0050633019565466345,0.004555816535860661,0.004048588526000111,0.003541617665965465,0.003034903695154111,0.0025284463533586906,0.0020222453807678706,0.001516300517964008,0.0010106115059234598,0.0005051780860151107,0.0,0.0005049230099700607,0.0010095912013523254,0.0015140048312150718,0.002018164156237236,0.002522069432709835,0.003025720916536956,0.0035291188632359744,0.004032263527938451,0.004535155165391262,0.005037794029957181,0.005540180375615356,0.006042314455962586,0.006544196524213816,0.0070458268332027575,0.007547205635382966,0.008048333182828372,0.00854920972723426,0.009049835519917927,0.009550210811819134,0.01005033585350145,0.010550210895152486,0.011049836186584935,0.011549211977237387,0.01204833851617448,0.01254721605208864,0.01304584483329991,0.01354422510775726,0.014042357123038881,0.014540241126353519,0.015037877364540559,0.015535266084071152,0.016032407531048887,0.016529301951210582,0.017025949589926655,0.01752235069220249,0.018018505502678365,0.018514414265630844,0.019010077224973297,0.01950549462425662,0.020000666706669543
1981,0.030755883929994225,0.03023545716831309,0.029715301109771195,0.029195415472899226,0.028675799976666298,0.02815645434048016,0.02763737828418457,0.02711857152805991,0.026600033792821838,0.026081764799619697,0.025563764270036454,0.025046031926087516,0.024528567490220005,0.024011370685311326,0.023494441234668848,0.02297777886202868,0.022461383291555087,0.021945254247839493,0.02142939145589921,0.02091379464117704,0.02039846352954068,0.019883397847280763,0.01936859732111087,0.018854061678166445,0.018339790646004356,0.017825783952600666,0.017312041326351283,0.01679856249607059,0.01628534719099008,0.015772395140758518,0.015259706075439677,0.014747279725513115,0.01423511582187191,0.013723214095822972,0.013211574279084747,0.012700196103788176,0.012189079302474589,0.011678223608095336,0.011167628754010086,0.010657294473987979,0.010147220502204589,0.009637406573242614,0.009127852422089912,0.008618557784139731,0.008109522395189393,0.00760074599143917,0.007092228309491837,0.006583969086352184,0.006075968059425443,0.005568224966516789,0.005060739545830837,0.004553511535970248,0.004046540675935648,0.003539826705123987,0.003033369363328658,0.002527168390737843,0.002021223527933943,0.0015155345158934508,0.0010101010959852597,0.0005049230099700682,0.0,0.0005046681913823427,0.0010090818212450574,0.0015132411462671297,0.0020171464227398544,0.002520797906566932,0.0030241958532659105,0.0035273405179684107,0.004030232155421255,0.004532871019987159,0.005035257365645317,0.005537391445992571,0.006039273514243779,0.006540903823232673,0.007042282625412923,0.007543410172858334,0.008044286717264272,0.008544912509947872,0.00904528780184916,0.009545412843531385,0.010045287885182481,0.010544913176614998,0.011044288967267345,0.011543415506204514,0.012042293042118684,0.012540921823329963,0.013039302097787225,0.013537434113068873,0.01403531811638348,0.01453295435457045,0.015030343074101123,0.015527484521078898,0.016024378941240584,0.01652102657995664,0.017017427682232453,0.017513582492708357,0.018009491255660804,0.018505154215003334,0.019000571614286612,0.01949574369669953
1982,0.03126055212137661,0.030740125359695534,0.030219969301153553,0.029700083664281583,0.029180468168048732,0.02866112253186251,0.028142046475566847,0.027623239719442277,0.027104701984204168,0.026586432991001982,0.02606843246141881,0.02555070011746995,0.02503323568160241,0.024516038876693697,0.02399910942605106,0.02348244705341092,0.022966051482937448,0.022449922439221726,0.0219340596472814,0.02141846283255941,0.02090313172092315,0.020388066038662972,0.019873265512493285,0.019358729869548855,0.018844458837386533,0.018330452143982847,0.01781670951773352,0.01730323068745279,0.01679001538237247,0.0162770633321408,0.015764374266822156,0.015251947916895424,0.014739784013254363,0.014227882287205288,0.013716242470467191,0.013204864295170725,0.012693747493856981,0.012182891799477557,0.011672296945392641,0.011161962665370409,0.010651888693587066,0.010142074764624896,0.009632520613472284,0.009123225975522191,0.00861419058657171,0.0081054141828214,0.007596896500874158,0.007088637277734536,0.006580636250807817,0.006072893157899082,0.005565407737213151,0.005058179727352525,0.004551208867317971,0.004044494896506444,0.0035380375547109863,0.003031836582120176,0.00252589171931646,0.002020202707275802,0.0015147692873675469,0.0010095912013522745,0.0005046681913823097,0.0,0.000504413629862683,0.0010085729548847744,0.0015124782313575135,0.0020161297151845485,0.002519527661883598,0.00302267232658601,0.003525563964038887,0.004028202828604776,0.004530589174263031,0.005032723254610195,0.005534605322861383,0.006036235631850341,0.0065376144340305205,0.007038741981475936,0.007539618525881924,0.00804024431856557,0.008540619610466716,0.00904074465214907,0.009540619693800118,0.01004024498523259,0.010539620775884944,0.011038747314822074,0.011537624850736257,0.012036253631947541,0.012534633906404828,0.013032765921686503,0.013530649925001083,0.014028286163188094,0.014525674882718735,0.015022816329696551,0.015519710749858223,0.016016358388574264,0.016512759490850057,0.01700891430132599,0.017504823064278516,0.018000486023621007,0.018495903422904244,0.018991075505317163
1983,0.0317649657512393,0.031244538989558073,0.03072438293101622,0.030204497294144247,0.029684881797911476,0.02916553616172517,0.02864646010542965,0.028127653349304955,0.027609115614066804,0.027090846620864792,0.026572846091281473,0.026055113747332694,0.025537649311465124,0.025020452506556375,0.024503523055913797,0.023986860683273693,0.023470465112800116,0.02295433606908448,0.022438473277144114,0.021922876462422084,0.021407545350785706,0.020892479668525706,0.02037767914235579,0.01986314349941157,0.01934887246724924,0.018834865773845553,0.018321123147596284,0.017807644317315515,0.017294429012235168,0.016781476962003387,0.016268787896684723,0.01575636154675826,0.015244197643117123,0.014732295917067914,0.014220656100329724,0.013709277925033363,0.013198161123719684,0.012687305429340306,0.012176710575255285,0.011666376295233148,0.011156302323449632,0.010646488394487485,0.010136934243334964,0.00962763960538474,0.009118604216434338,0.008609827812684158,0.008101310130737007,0.007593050907597196,0.0070850498806705,0.006577306787761685,0.006069821367075774,0.0055625933572153305,0.0050556224971806014,0.004548908526368988,0.004042451184573844,0.003536250211982817,0.0030303053491790633,0.0025246163371384616,0.0020191829172301425,0.0015140048312150113,0.0010090818212451498,0.0005044136298627622,0.0,0.0005041593250221109,0.0010080646014948643,0.0015117160853219673,0.0020151140320208657,0.0025182586967234123,0.0030211503341762112,0.0035237891987420842,0.004026175544400323,0.004528309624747511,0.005030191692998789,0.0055318220019877,0.006033200804167809,0.006534328351613342,0.007035204896019267,0.007535830688702848,0.008036205980604073,0.008536331022286335,0.009036206063937445,0.009535831355369874,0.010035207146022235,0.01053433368495944,0.011033211220873633,0.011531840002084813,0.012030220276542124,0.012528352291823827,0.01302623629513849,0.01352387253332543,0.014021261252856038,0.014518402699833894,0.015015297119995554,0.015511944758711581,0.01600834586098735,0.01650450067146331,0.01700040943441581,0.017496072393758264,0.017991489793041566,0.018486661875454485
1984,0.03226912507626144,0.03174869831458027,0.031228542256038334,0.030708656619166358,0.030189041122933448,0.029669695486747277,0.029150619430451684,0.02863181267432708,0.028113274939089102,0.027595005945886833,0.027077005416303587,0.02655927307235488,0.026041808636487283,0.0255246118315785,0.02500768238093598,0.024491020008295696,0.023974624437822233,0.02345849539410647,0.02294263260216628,0.02242703578744421,0.02191170467580793,0.02139663899354789,0.020881838467377963,0.020367302824433733,0.01985303179227139,0.019339025098867705,0.01882528247261849,0.018311803642337688,0.01779858833725731,0.017285636287025643,0.016772947221706955,0.016260520871780326,0.015748356968139112,0.015236455242089985,0.014724815425351924,0.01421343725005545,0.01370232044874183,0.013191464754362503,0.012680869900277376,0.012170535620255114,0.011660461648471863,0.011150647719509741,0.010641093568357091,0.010131798930406955,0.009622763541456412,0.009113987137706144,0.008605469455759083,0.008097210232619303,0.007589209205692629,0.007081466112783955,0.0065739806920978435,0.006066752682237362,0.00555978182220268,0.005053067851391201,0.0045466105095959275,0.004040409537004906,0.003534464674201114,0.0030287756621605686,0.002523342242252407,0.0020181641562371953,0.0015132411462672152,0.0010085729548847497,0.0005041593250221301,0.0,0.0005039052764726566,0.0010075567602998278,0.0015109547069987975,0.0020140993717012562,0.0025169910091540878,0.0030196298737199456,0.0035220162193781695,0.004024150299725491,0.004526032367976637,0.005027662676965501,0.005529041479145762,0.006030169026591188,0.0065310455709971646,0.007031671363680678,0.007532046655581984,0.008032171697264267,0.008532046738915326,0.00903167203034782,0.00953104782100019,0.010030174359937357,0.01052905189585145,0.011027680677062748,0.011526060951520084,0.0120241929668017,0.012522076970116336,0.013019713208303318,0.013517101927833893,0.014014243374811677,0.014511137794973327,0.01500778543368945,0.015504186535965199,0.01600034134644119,0.016496250109393654,0.016991913068736184,0.017487330468019445,0.017982502550432357
1985,0.032773030352734135,0.03225260359105304,0.03173244753251101,0.03121256189563903,0.030692946399406198,0.030173600763219944,0.029654524706924493,0.02913571795079976,0.028617180215561745,0.02809891122235965,0.027580910692776257,0.027063178348827415,0.02654571391295979,0.026028517108051187,0.02551158765740851,0.024994925284768474,0.02447852971429491,0.02396240067057923,0.023446537878639002,0.022930941063916892,0.022415609952280497,0.021900544270020632,0.021385743743850695,0.02087120810090646,0.020356937068744103,0.019842930375340417,0.019329187749091044,0.018815708918810424,0.018302493613730014,0.01778954156349824,0.017276852498179528,0.01676442614825295,0.016252262244611883,0.015740360518562837,0.015228720701824683,0.014717342526528095,0.014206225725214539,0.01369537003083504,0.013184775176750027,0.01267444089672786,0.012164366924944435,0.011654552995982339,0.011144998844829779,0.010635704206879511,0.010126668817929268,0.00961789241417891,0.00910937473223172,0.008601115509091971,0.008093114482165318,0.007585371389256564,0.007077885968570694,0.006570657958709955,0.006063687098675538,0.0055569731278639735,0.0050505157860685716,0.004544314813477554,0.004038369950673947,0.003532680938633457,0.00302724751872501,0.002522069432709939,0.0020171464227398406,0.0015124782313575191,0.0010080646014948202,0.000503905276472671,0.0,0.0005036514838271282,0.001007049430526058,0.0015101940952285398,0.0020130857326814042,0.002515724597247247,0.003018110942905455,0.0035202450232527994,0.004022127091503925,0.004523757400492852,0.005025136202673043,0.005526263750118474,0.0060271402945243895,0.00652776608720806,0.007028141379109223,0.0075282664207915245,0.008028141462442646,0.008527766753875097,0.009027142544527474,0.009526269083464602,0.010025146619378818,0.010523775400590012,0.011022155675047373,0.011520287690329017,0.012018171693643623,0.012515807931830646,0.013013196651361303,0.013510338098339014,0.01400723251850065,0.014503880157216872,0.015000281259492598,0.015496436069968391,0.01599234483292094,0.01648800779226343,0.01698342519154676,0.017478597273959673
1986,0.03327668183656127,0.03275625507488001,0.03223609901633811,0.03171621337946613,0.03119659788323338,0.03067725224704704,0.030158176190751514,0.029639369434626875,0.029120831699388817,0.02860256270618668,0.028084562176603357,0.027566829832654592,0.02704936539678694,0.0265321685918783,0.02601523914123568,0.025498576768595682,0.024982181198122014,0.024466052154406424,0.023950189362466155,0.023434592547744004,0.02291926143610771,0.022404195753847583,0.021889395227677855,0.021374859584733612,0.02086058855257124,0.02034658185916756,0.01983283923291824,0.019319360402637584,0.01880614509755715,0.018293193047325483,0.01778050398200675,0.017268077632080003,0.01675591372843886,0.016244012002389896,0.01573237218565165,0.01522099401035517,0.014709877209041676,0.014199021514662225,0.013688426660577107,0.013178092380555036,0.012668018408771655,0.012158204479809583,0.011648650328656895,0.011139355690706716,0.01063032030175633,0.010121543898006102,0.009613026216058786,0.009104766992919067,0.008596765965992438,0.008089022873083603,0.007581537452397753,0.007074309442537196,0.006567338582502605,0.0060606246116909545,0.005554167269895644,0.005047966297304853,0.004542021434500986,0.004036332422460553,0.003530899002552263,0.00302572091653689,0.002520797906566895,0.0020161297151844956,0.0015117160853219392,0.0010075567602997706,0.0005036514838270853,0.0,0.0005033979466990009,0.0010065426114013946,0.001509434248854292,0.002012073113420231,0.0025144594590784234,0.003016593539425679,0.0035184756076767835,0.004020105916665776,0.004521484718845896,0.005022612266291332,0.005523488810697297,0.006024114603380902,0.006524489895282145,0.007024614936964466,0.007524489978615537,0.008024115270047944,0.008523491060700328,0.00902261759963753,0.009521495135551646,0.010020123916762958,0.010518504191220234,0.011016636206501902,0.011514520209816482,0.012012156448003545,0.01250954516753417,0.013006686614511922,0.013503581034673546,0.014000228673389752,0.014496629775665458,0.01499278458614128,0.015488693349093906,0.015984356308436365,0.01647977370771965,0.01697494579013256
1987,0.033780079783260225,0.03325965302157903,0.032739496963037046,0.03221961132616506,0.03169999582993217,0.031180650193745968,0.03066157413745037,0.03014276738132582,0.029624229646087723,0.02910596065288554,0.028587960123302506,0.028070227779353602,0.02755276334348592,0.02703556653857725,0.026518637087934685,0.026001974715294505,0.02548557914482095,0.024969450101105232,0.02445358730916514,0.023937990494442948,0.023422659382806535,0.022907593700546586,0.022392793174376847,0.02187825753143238,0.021363986499270217,0.020849979805866534,0.020336237179617057,0.01982275834933636,0.019309543044256115,0.01879659099402434,0.018283901928705586,0.017771475578779106,0.01725931167513789,0.01674740994908879,0.016235770132350676,0.015724391957054298,0.015213275155740646,0.014702419461361242,0.01419182460727602,0.013681490327254043,0.01317141635547049,0.01266160242650844,0.012152048275355844,0.011642753637405752,0.011133718248455228,0.010624941844704909,0.010116424162757683,0.009608164939618215,0.00910016391269139,0.008592420819782695,0.008084935399096644,0.00757770738923605,0.007070736529201505,0.006564022558389989,0.006057565216594549,0.005551364244003762,0.005045419381199859,0.00453973036915948,0.004034296949251128,0.0035291188632358955,0.0030241958532660033,0.0025195276618835264,0.002015114032020891,0.001510954706998703,0.0010070494305260034,0.000503397946698961,0.0,0.000503144664702528,0.0010060363021553473,0.001508675166721271,0.0020110615123794476,0.002513195592726726,0.0030150776609779214,0.0035167079699667545,0.0040180867721470274,0.0045192143195924685,0.0050200908639983725,0.005520716656682022,0.006021091948583234,0.006521216990265463,0.007021092031916597,0.00752071732334907,0.008020093114001349,0.008519219652938516,0.009018097188852752,0.00951672597006396,0.01001510624452126,0.010513238259802956,0.01101112226311762,0.011508758501304613,0.012006147220835204,0.012503288667812997,0.013000183087974609,0.0134968307266908,0.013993231828966484,0.014489386639442334,0.014985295402394929,0.015480958361737462,0.015976375761020702,0.01647154784343361
1988,0.03428322444796274,0.033762797686281605,0.03324264162773953,0.03272275599086755,0.032203140494634734,0.031683794858448446,0.03116471880215299,0.030645912046028314,0.03012737431079018,0.02960910531758817,0.02909110478800499,0.028573372444055948,0.02805590800818845,0.027538711203279748,0.02702178175263724,0.026505119379997093,0.02598872380952344,0.025472594765807807,0.024956731973867458,0.024441135159145443,0.02392580404750913,0.02341073836524914,0.022895937839079176,0.022381402196134912,0.02186713116397274,0.02135312447056906,0.020839381844319636,0.020325903014038908,0.01981268770895863,0.019299735658726967,0.018787046593408192,0.018274620243481542,0.017762456339840468,0.017250554613791234,0.016738914797053243,0.016227536621756754,0.015716419820443164,0.015205564126063591,0.014694969271978702,0.014184634991956381,0.013674561020173094,0.01316474709121085,0.012655192940058345,0.01214589830210812,0.011636862913157674,0.011128086509407487,0.010619568827460351,0.010111309604320695,0.00960330857739389,0.009095565484485115,0.008588080063799087,0.008080852053938674,0.007573881193903955,0.007067167223092353,0.006560709881297005,0.006054508908706222,0.005548564045902502,0.00504287503386196,0.004537441613953542,0.004032263527938451,0.0035273405179684406,0.0030226723265861072,0.0025182586967233927,0.0020140993717011856,0.0015101940952284719,0.0010065426114014722,0.0005031446647025511,0.0,0.000502891637452852,0.0010055305020187607,0.0015079168476769215,0.0020100509280242228,0.0025119329962753974,0.0030135633052642947,0.003514942107444497,0.004016069654889943,0.0045169461992958975,0.0050175719919794805,0.005517947283880773,0.006018072325563021,0.006517947367214105,0.007017572658646535,0.007516948449298933,0.00801607498823606,0.008514952524150198,0.009013581305361524,0.009511961579818849,0.01001009359510046,0.010507977598415093,0.011005613836602129,0.011503002556132689,0.012000144003110521,0.012497038423272122,0.012993686061988297,0.01349008716426396,0.01398624197473984,0.014482150737692403,0.0149778136970349,0.015473231096318095,0.015968403178731112
1989,0.034786116085415604,0.03426568932373432,0.033745533265192376,0.033225647628320386,0.032706032132087656,0.032186686495901284,0.03166761043960575,0.031148803683481382,0.030630265948243206,0.03011199695504094,0.02959399642545783,0.029076264081508867,0.028558799645641342,0.0280416028407326,0.027524673390089936,0.027008011017449825,0.026491615446976285,0.025975486403260736,0.02545962361132035,0.024944026796598295,0.024428695684961865,0.023913630002702052,0.023398829476532074,0.022884293833587806,0.02237002280142562,0.021856016108021722,0.021342273481772575,0.02082879465149181,0.020315579346411285,0.01980262729617973,0.019289938230860934,0.018777511880934336,0.01826534797729319,0.017753446251244254,0.017241806434505954,0.01673042825920957,0.01621931145789604,0.015708455763516517,0.015197860909431522,0.014687526629409297,0.014177452657625834,0.013667638728663835,0.0131580845775112,0.012648789939561063,0.012139754550610697,0.01163097814686042,0.011122460464913156,0.01061420124177353,0.010106200214846749,0.009598457121938114,0.009090971701252105,0.008583743691391435,0.008076772831356762,0.007570058860545294,0.007063601518750037,0.0065574005461590396,0.006051455683355282,0.005545766671314795,0.0050403332514065355,0.004535155165391363,0.004030232155421235,0.003525563964038824,0.003021150334176251,0.0025169910091540253,0.0020130857326815187,0.0015094342488543404,0.0010060363021554592,0.0005028916374527739,0.0,0.0005026388645658936,0.0010050252102240388,0.0015071592905713629,0.0020090413588225164,0.002510671667811478,0.0030120504699916095,0.0035131780174370605,0.004014054561843065,0.004514680354526583,0.005015055646427843,0.005515180688110111,0.006015055729761257,0.006514681021193642,0.007014056811846048,0.00751318335078325,0.008012060886697397,0.00851068966790862,0.009009069942365968,0.009507201957647607,0.010005085960962213,0.010502722199149288,0.011000110918679815,0.011497252365657577,0.011994146785819278,0.012490794424535438,0.01298719552681119,0.013483350337286988,0.013979259100239519,0.01447492205958209,0.014970339458865244,0.01546551154127826
1990,0.035288754949981495,0.03476832818830027,0.034248172129758246,0.033728286492886256,0.03320867099665339,0.03268932536046715,0.032170249304171755,0.03165144254804726,0.031132904812809045,0.03061463581960695,0.030096635290023696,0.02957890294607481,0.029061438510207257,0.02854424170529848,0.028027312254655875,0.0275106498820158,0.026994254311542155,0.026478125267826478,0.025962262475886268,0.025446665661164176,0.024931334549527843,0.024416268867267773,0.023901468341098003,0.023386932698153725,0.02287266166599131,0.02235865497258763,0.021844912346338324,0.02133143351605774,0.020818218210977187,0.020305266160745523,0.019792577095426922,0.019280150745500373,0.01876798684185915,0.01825608511581008,0.01774444529907191,0.017233067123775408,0.016721950322461945,0.016211094628082467,0.01570049977399737,0.015190165493975238,0.014680091522191822,0.014170277593229627,0.013660723442077085,0.013151428804126815,0.012642393415176527,0.012133617011426161,0.011625099329478987,0.011116840106339393,0.010608839079412633,0.01010109598650392,0.009593610565817931,0.009086382555957442,0.008579411695922814,0.008072697725111261,0.0075662403833158766,0.0070600394107248835,0.006554094547921088,0.0060484055358806564,0.0055429721159723335,0.005037794029957081,0.004532871019987055,0.004028202828604788,0.0035237891987421367,0.0030196298737198914,0.0025157245972473705,0.002012073113420235,0.0015086751667211717,0.0010055305020187962,0.0005026388645658785,0.0,0.0005023863456582405,0.0010045204260054762,0.0015064024942566092,0.0020080328032455234,0.002509411605425807,0.003010539152871152,0.003511415697277095,0.004012041489960769,0.004512416781861998,0.005012541823544286,0.0055124168651953815,0.006012042156627834,0.006511417947280136,0.0070105444862173,0.007509422022131459,0.0080080508033428,0.008506431077800062,0.009004563093081727,0.009502447096396305,0.01000008333458331,0.010497472054113915,0.010994613501091719,0.011491507921253407,0.01198815555996955,0.012484556662245284,0.01298071147272111,0.01347662023567372,0.013972283195016144,0.014467700594299365,0.014962872676712377
1991,0.03579114129563972,0.03527071453395856,0.03475055847541666,0.03423067283854445,0.03371105734231166,0.03319171170612534,0.032672635649829876,0.03215382889370547,0.031635291158467214,0.031117022165265077,0.030599021635681893,0.030081289291733086,0.029563824855865287,0.029046628050956695,0.028529698600314145,0.028013036227673888,0.02749664065720036,0.02698051161348477,0.026464648821544517,0.025949052006822383,0.025433720895185936,0.024918655212926043,0.02440385468675626,0.023889319043811974,0.02337504801164955,0.022861041318245873,0.022347298691996618,0.02183381986171578,0.021320604556635415,0.020807652506403863,0.020294963441085025,0.019782537091158525,0.019270373187517443,0.018758471461468237,0.018246831644730194,0.01773545346943358,0.017224336668119962,0.016713480973740532,0.016202886119655546,0.015692551839633292,0.01518247786784992,0.01467266393888797,0.014163109787735297,0.013653815149785116,0.013144779760834687,0.012636003357084452,0.012127485675137151,0.011619226451997587,0.011111225425070849,0.010603482332162056,0.010095996911476087,0.009588768901615561,0.00908179804158098,0.00857508407076934,0.008068626728974047,0.007562425756383059,0.007056480893579446,0.00655079188153885,0.006045358461630463,0.005540180375615351,0.0050352573656454284,0.004530589174263083,0.004026175544400353,0.0035220162193780884,0.003018110942905553,0.0025144594590784607,0.0020110615123794372,0.0015079168476769278,0.0010050252102240882,0.0005023863456581137,0.0,0.0005021340803472585,0.0010040161485984818,0.001505646457587349,0.0020070252597675625,0.0025081528072130235,0.0030090293516189053,0.0035096551443025135,0.004010030436203822,0.004510155477886019,0.005010030519537064,0.0055096558109695845,0.0060090316016220046,0.006508158140559131,0.007007035676473301,0.007505664457684536,0.008004044732141825,0.008502176747423516,0.009000060750738177,0.009497696988925112,0.009995085708455798,0.010492227155433529,0.010989121575595206,0.011485769214311334,0.011982170316587045,0.0124783251270629,0.012974233890015478,0.013469896849357978,0.013965314248641156,0.014460486331054167
1992,0.036293275375986984,0.03577284861430568,0.0352526925557639,0.03473280691889169,0.034213191422658974,0.033693845786472575,0.03317476973017725,0.03265596297405272,0.032137425238814424,0.03161915624561225,0.031101155716029134,0.030583423372080185,0.030065958936212576,0.029548762131303946,0.029031832680661455,0.028515170308021233,0.0279987747375476,0.0274826456938321,0.026966782901891806,0.026451186087169634,0.025935854975533284,0.02542078929327335,0.024905988767103558,0.024391453124159263,0.023877182091996827,0.02336317539859315,0.022849432772343956,0.022335953942063082,0.021822738636982687,0.021309786586751027,0.020797097521432384,0.020284671171505717,0.019772507267864562,0.019260605541815436,0.018748965725077303,0.018237587549780793,0.017726470748467237,0.017215615054087852,0.016705020200002765,0.016194685919980606,0.01568461194819728,0.015174798019235132,0.014665243868082553,0.01415594923013224,0.01364691384118189,0.013138137437431785,0.012629619755484574,0.01212136053234482,0.011613359505418105,0.01110561641250945,0.010598130991823284,0.01009090298196272,0.009583932121928184,0.00907721815111668,0.008570760809321258,0.008064559836730495,0.007558614973926624,0.007052925961886084,0.0065474925419778535,0.006042314455962662,0.005537391445992621,0.005032723254610199,0.00452830962474761,0.004024150299725548,0.003520245023252777,0.0030165935394257273,0.0025131955927267437,0.0020100509280241,0.0015071592905713386,0.0010045204260054903,0.0005021340803472812,0.0,0.0005018820682512026,0.0010035123772401337,0.0015048911794202768,0.002006018726865743,0.002506895271271675,0.0030075210639553284,0.003507896355856494,0.004008021397538822,0.004507896439189817,0.005007521730622405,0.0055068975212747215,0.006006024060211922,0.006504901596125991,0.0070035303773373445,0.007501910651794545,0.008000042667076265,0.008497926670390897,0.008995562908577873,0.009492951628108526,0.009990093075086299,0.010486987495247962,0.010983635133964076,0.011480036236239765,0.01197619104671565,0.012472099809668196,0.012967762769010772,0.013463180168293905,0.013958352250706914
1993,0.036795157444238176,0.036274730682556926,0.035754574624015066,0.035234688987142854,0.034715073490910214,0.03419572785472395,0.03367665179842834,0.033157845042303895,0.03263930730706556,0.03212103831386355,0.031603037784280294,0.031085305440331425,0.030567841004463785,0.030050644199555124,0.029533714748912476,0.0290170523762725,0.028500656805798767,0.027984527762083135,0.027468664970143022,0.02695306815542081,0.02643773704378456,0.025922671361524582,0.025407870835354562,0.024893335192410264,0.02437906416024803,0.023865057466844357,0.023351314840594998,0.022837836010314305,0.02232462070523388,0.02181166865500233,0.02129897958968345,0.02078655323975683,0.02027438933611582,0.019762487610066777,0.019250847793328554,0.018739469618032148,0.018228352816718436,0.0177174971223391,0.017206902268253905,0.01669656798823184,0.016186494016448342,0.01567668008748622,0.015167125936333731,0.014657831298383507,0.014148795909433015,0.01364001950568282,0.0131315018237357,0.012623242600595979,0.012115241573669286,0.011607498480760552,0.011100013060074625,0.010592785050214023,0.010085814190179314,0.009579100219367722,0.009072642877572392,0.008566441904981634,0.008060497042177726,0.007554808030137241,0.007049374610228948,0.006544196524213896,0.006039273514243737,0.005534605322861458,0.00503019169299879,0.004526032367976709,0.004022127091503924,0.003518475607676917,0.0030150776609779734,0.0025119329962754178,0.0020090413588225125,0.0015064024942565682,0.0010040161485984859,0.0005018820682511819,0.0,0.0005016303089888839,0.001003009111169068,0.001504136658614539,0.0020050132030205213,0.0025056389957041083,0.003006014287605354,0.00350613932928759,0.004006014370938647,0.0045056396623711905,0.005005015453023514,0.005504141991960677,0.006003019527874869,0.0065016483090861174,0.007000028583543455,0.007498160598825089,0.007996044602139693,0.008493680840326711,0.008991069559857331,0.009488211006835143,0.009985105426996797,0.010481753065712895,0.010978154167988675,0.011474308978464475,0.011970217741417103,0.012465880700759529,0.01296129810004273,0.013456470182455738
1994,0.037296787753226895,0.03677636099154592,0.03625620493300397,0.03573631929613176,0.03521670379989899,0.034697358163712846,0.03417828210741717,0.033659475351292815,0.033140937616054654,0.03262266862285239,0.0321046680932692,0.03158693574932041,0.031069471313452744,0.030552274508544044,0.030035345057901452,0.029518682685261297,0.02900228711478768,0.028486158071072135,0.027970295279131765,0.02745469846440973,0.02693936735277336,0.026424301670513343,0.025909501144343528,0.025394965501399223,0.024880694469236977,0.024366687775833305,0.023852945149584002,0.023339466319303274,0.022826251014222823,0.022313298963991163,0.02180060989867248,0.02128818354874591,0.020776019645104605,0.020264117919055646,0.019752478102317547,0.01924109992702103,0.018729983125707377,0.018219127431327874,0.017708532577242794,0.017198198297220822,0.01668812432543737,0.01617831039647527,0.015668756245322654,0.015159461607372518,0.014650426218422104,0.014141649814671822,0.013633132132724574,0.013124872909584882,0.012616871882657992,0.012109128789749396,0.01160164336906349,0.011094415359202851,0.010587444499168187,0.01008073052835673,0.009574273186561491,0.009068072213970518,0.008562127351166793,0.008056438339126145,0.007551004919218007,0.007045826833202654,0.006540903823232819,0.0060362356318502414,0.005531822001987716,0.005027662676965616,0.004523757400492817,0.004020105916665631,0.0035167079699667267,0.0030135633052642587,0.0025106716678114315,0.002008032803245613,0.0015056464575874356,0.001003512377240109,0.0005016303089889478,0.0,0.0005013788021802247,0.00100250634962559,0.0015033828940316221,0.002004008686715143,0.0025043839786164685,0.0030045090202987243,0.0035043840619497315,0.004004009353382231,0.0045033851440345616,0.005002511682971799,0.00550138921888589,0.006000018000097146,0.006498398274554508,0.006996530289836169,0.007494414293150745,0.007992050531337804,0.008489439250868392,0.008986580697846133,0.009483475118007886,0.009980122756723967,0.010476523858999727,0.010972678669475556,0.011468587432428151,0.011964250391770653,0.012459667791053812,0.012954839873466815
1995,0.0377981665554071,0.03727773979372598,0.03675758373518415,0.03623769809831194,0.035718082602079246,0.03519873696589302,0.03467966090959748,0.034160854153473,0.033642316418234806,0.0331240474250325,0.03260604689544938,0.03208831455150045,0.03157085011563297,0.031053653310724235,0.030536723860081702,0.03002006148744158,0.02950366591696786,0.028987536873252187,0.028471674081311994,0.027956077266589916,0.02744074615495365,0.026925680472693593,0.026410879946523767,0.02589634430357945,0.025382073271417196,0.024868066578013524,0.02435432395176406,0.023840845121483514,0.023327629816403034,0.022814677766171264,0.02230198870085256,0.02178956235092604,0.02127739844728488,0.020765496721235784,0.020253856904497596,0.019742478729201183,0.019231361927887592,0.018720506233508134,0.01820991137942317,0.017699577099400857,0.01718950312761745,0.016679689198655374,0.016170135047502848,0.015660840409552578,0.015151805020602246,0.014643028616851874,0.014134510934904716,0.013626251711765056,0.013118250684838188,0.012610507591929733,0.012103022171243627,0.01159579416138317,0.011088823301348551,0.010582109330537008,0.01007565198874164,0.009569451016150672,0.00906350615334691,0.008557817141306318,0.008052383721398116,0.007547205635382904,0.007042282625412951,0.006537614434030517,0.006033200804167913,0.005529041479145793,0.0050251362026729795,0.004521484718845837,0.004018086772146972,0.003514942107444592,0.003012050469991621,0.002509411605425707,0.0020070252597674345,0.0015048911794203067,0.0010030091111691661,0.0005013788021801545,0.0,0.0005011275474454813,0.0010020040918513411,0.0015026298845350185,0.0020030051764362016,0.002503130218118477,0.0030030052597695457,0.003502630551202112,0.004002006341854451,0.004501132880791538,0.0050000104167057515,0.005498639197917014,0.005997019472374291,0.0064951514876559775,0.006993035490970637,0.007490671729157626,0.007988060448688182,0.008485201895665963,0.008982096315827704,0.00947874395454377,0.009975145056819509,0.010471299867295366,0.01096720863024793,0.011462871589590397,0.011958288988873623,0.012453461071286625
1996,0.03829929410285257,0.03777886734117151,0.03725871128262959,0.03673882564575738,0.03621921014952476,0.03569986451333846,0.035180788457042846,0.03466198170091846,0.03414344396568021,0.03362517497247808,0.03310717444289482,0.032589442098945966,0.032071977663078455,0.03155478085816969,0.031037851407527,0.030521189034886913,0.030004793464413305,0.02948866442069772,0.028972801628757483,0.02845720481403537,0.027941873702398985,0.027426808020139103,0.026912007493969266,0.026397471851024944,0.025883200818862674,0.025369194125459005,0.024855451499209598,0.024341972668928798,0.023828757363848506,0.023315805313616846,0.02280311624829812,0.022290689898371432,0.021778525994730413,0.021266624268681183,0.020754984451943122,0.020243606276646595,0.019732489475333067,0.019221633780953658,0.018711038926868588,0.01820070464684637,0.017690630675063008,0.01718081674610096,0.016671262594948305,0.016161967956998122,0.01565293256804765,0.015144156164297406,0.014635638482350121,0.01412737925921049,0.013619378232283645,0.01311163513937511,0.012604149718689025,0.01209692170882853,0.011589950848793959,0.011083236877982329,0.010576779536187053,0.01007057856359609,0.00956463370079229,0.009058944688751753,0.008553511268843487,0.008048333182828415,0.007543410172858345,0.0070387419814760535,0.00653432835161337,0.006030169026591231,0.005526263750118404,0.005022612266291304,0.004519214319592479,0.004016069654889965,0.0035131780174370727,0.0030105391528712842,0.0025081528072129163,0.002006018726865766,0.0015041366586146462,0.0010025063496255707,0.0005011275474454863,0.0,0.0005008765444059099,0.0010015023370895213,0.001501877628990784,0.0020020026706730793,0.002501877712324098,0.00300150300375662,0.003500878794408966,0.004000005333346128,0.004498882869260241,0.00499751165047151,0.005495891924928811,0.005994023940210525,0.006491907943525156,0.006989544181712186,0.00748693290124271,0.007984074348220531,0.008480968768382148,0.008977616407098312,0.009474017509374029,0.009970172319849915,0.010466081082802448,0.010961744042144988,0.01145716144142817,0.01195233352384117
1997,0.03880017064725851,0.03827974388557751,0.037759587827035514,0.03723970219016351,0.036720086693930544,0.03620074105774437,0.035681665001448905,0.035162858245324384,0.034644320510086105,0.03412605151688393,0.033608050987300735,0.03309031864335196,0.032572854207484424,0.03205565740257562,0.031538727951932986,0.031022065579292938,0.030505670008819444,0.029989540965103728,0.029473678173163455,0.028958081358441298,0.028442750246805013,0.027927684564545092,0.027412884038375027,0.026898348395430913,0.026384077363268633,0.025870070669864745,0.025356328043615615,0.024842849213334777,0.024329633908254458,0.02381668185802269,0.02330399279270394,0.02279156644277752,0.02227940253913621,0.02176750081308706,0.021255860996349126,0.020744482821052488,0.020233366019739022,0.019722510325359443,0.019211915471274484,0.018701581191252363,0.018191507219469046,0.017681693290506804,0.01717213913935424,0.016662844501403925,0.01615380911245353,0.01564503270870342,0.015136515026756222,0.014628255803616404,0.014120254776689581,0.013612511683780967,0.01310502626309512,0.012597798253234588,0.012090827393199843,0.011584113422388348,0.011077656080592944,0.010571455108001985,0.010065510245198367,0.009559821233157885,0.009054387813249559,0.008549209727234405,0.008044286717264218,0.007539618525881848,0.007035204896019307,0.006531045570997149,0.006027140294524528,0.00552348881069725,0.005020090863998465,0.004516946199295817,0.004014054561843002,0.0035114156972771184,0.003009029351618877,0.0025068952712717038,0.0020050132030206046,0.0015033828940314653,0.0010020040918514513,0.000500876544405849,0.0,0.0005006257926836564,0.0010010010845848878,0.0015011261262670914,0.0020010011679181716,0.0025006264593506497,0.003000002250003003,0.0034991287889402384,0.003998006324854362,0.004496635106065639,0.004995015380522965,0.005493147395804593,0.005991031399119197,0.006488667637306268,0.006986056356836871,0.007483197803814621,0.007980092223976226,0.008476739862692375,0.008973140964968181,0.009469295775443986,0.009965204538396598,0.010460867497739102,0.010956284897022241,0.011451456979435238
1998,0.03930079643994214,0.038780369678260984,0.03826021361971912,0.03774032798284711,0.03722071248661422,0.03670136685042796,0.036182290794132425,0.035663484038007995,0.035144946302769674,0.03462667730956767,0.03410867677998434,0.03359094443603542,0.033073480000167854,0.03255628319525924,0.03203935374461666,0.03152269137197643,0.031006295801503048,0.030490166757787204,0.029974303965847104,0.02945870715112491,0.028943376039488506,0.028428310357228544,0.027913509831058687,0.027398974188114347,0.026884703155952056,0.026370696462548388,0.025856953836299094,0.025343475006018436,0.024830259700938086,0.02431730765070643,0.02380461858538766,0.02329219223546107,0.022780028331819906,0.02226812660577084,0.021756486789032595,0.02124510861373628,0.020733991812422657,0.020223136118043127,0.019712541263958064,0.019202206983935818,0.018692133012152546,0.01818231908319033,0.017672764932037854,0.01716347029408763,0.01665443490513731,0.01614565850138689,0.015637140819439784,0.0151288815963,0.014620880569373197,0.014113137476464723,0.013605652055778678,0.013098424045918109,0.012591453185883408,0.012084739215071827,0.011578281873276515,0.011072080900685781,0.010566136037881906,0.01006044702584148,0.009555013605933088,0.009049835519917856,0.00854491250994799,0.008040244318565544,0.007535830688702924,0.007031671363680747,0.006527766087208111,0.006024114603380876,0.00552071665668191,0.005017571991979571,0.004514680354526613,0.004012041489960854,0.0035096551443025183,0.0030075210639553224,0.0025056389957040224,0.002004008686715262,0.0015026298845350965,0.0010015023370896004,0.0005006257926837014,0.0,0.0005003752919012001,0.0010005003335835344,0.0015003753752345652,0.00200000066666711,0.0024993764573194707,0.0029985029962565574,0.0034973805321706925,0.003996009313381976,0.004494389587839326,0.004992521603120982,0.005490405606435557,0.005988041844622557,0.00648543056415324,0.006982572011131031,0.007479466431292624,0.007976114070008757,0.008472515172284542,0.008968669982760375,0.009464578745712954,0.009960241705055424,0.01045565910433863,0.010950831186751626
1999,0.03980117173184339,0.0392807449701623,0.03876058891162034,0.038240703274748336,0.03772108777851552,0.037201742142329186,0.036682666086033565,0.036163859329909225,0.035645321594671084,0.035127052601468825,0.03460905207188556,0.03409131972793672,0.033573855292069125,0.033056658487160474,0.03253972903651795,0.032023066663877754,0.03150667109340428,0.030990542049688517,0.03047467925774816,0.02995908244302614,0.02944375133138984,0.028928685649129836,0.02841388512295997,0.02789934948001562,0.027385078447853317,0.026871071754449652,0.026357329128200414,0.02584385029791972,0.025330634992839343,0.024817682942607576,0.024304993877288787,0.023792567527362245,0.023280403623721222,0.022768501897672024,0.022256862080933904,0.021745483905637478,0.021234367104323915,0.020723511409944433,0.020212916555859266,0.019702582275837113,0.019192508304053887,0.018682694375091694,0.01817314022393909,0.017663845585988953,0.017154810197038496,0.016646033793288207,0.016137516111340972,0.015629256888201437,0.015121255861274437,0.014613512768365883,0.014106027347679859,0.013598799337819252,0.013091828477784817,0.012585114506973149,0.012078657165177928,0.01157245619258698,0.011066511329783068,0.010560822317742696,0.010055388897834243,0.00955021081181915,0.009045287801849166,0.008540619610466864,0.008036205980604165,0.007532046655581969,0.0070281413791093185,0.006524489895282126,0.0060210919485832,0.005517947283880727,0.005015055646427847,0.004512416781861993,0.004010030436203783,0.0035078963558565638,0.0030060142876052846,0.002504383978616461,0.002003005176436144,0.0015018776289907531,0.0010010010845848043,0.0005003752919012798,0.0,0.0005001250416822429,0.001000000083333335,0.0014996253747658359,0.0019990011654182037,0.0024981277043553646,0.0029970052402695105,0.0034956340214808003,0.003994014295938065,0.004492146311219747,0.004990030314534405,0.005487666552721335,0.005985055272251986,0.006482196719229817,0.006979091139391398,0.007475738778107515,0.00797213988038328,0.008468294690859142,0.00896420345381169,0.009459866413154234,0.009955283812437397,0.01045045589485039
2000,0.0403012967735257,0.03978087001184446,0.03926071395330263,0.038740828316430616,0.03822121282019767,0.037701867184011466,0.03718279112771599,0.036663984371591525,0.03614544663635334,0.035627177643151035,0.03510917711356784,0.03459144476961908,0.03407398033375146,0.03355678352884277,0.03303985407820009,0.03252319170555993,0.032006796135086564,0.03149066709137089,0.0309748042994305,0.03045920748470844,0.02994387637307202,0.029428810690812192,0.02891401016464231,0.028399474521697957,0.027885203489535642,0.027371196796131977,0.02685745416988258,0.026343975339601852,0.025830760034521442,0.025317807984289786,0.024805118918971192,0.024292692569044483,0.023780528665403387,0.02326862693935427,0.022756987122616278,0.022245608947319737,0.021734492146006236,0.021223636451626584,0.020713041597541528,0.02020270731751947,0.019692633345736073,0.019182819416773904,0.01867326526562139,0.01816397062767112,0.017654935238720745,0.017146158834970584,0.016637641153023224,0.016129381929883717,0.01562138090295674,0.015113637810048106,0.014606152389362102,0.014098924379501675,0.013591953519467067,0.013085239548655534,0.012578782206860185,0.01207258123426924,0.011566636371465511,0.011060947359424976,0.010555513939516679,0.010050335853501506,0.009545412843531406,0.009040744652149024,0.008536331022286467,0.008032171697264253,0.007528266420791588,0.0070246149369644385,0.006521216990265552,0.006018072325562945,0.005515180688110143,0.0050125418235441935,0.004510155477886109,0.004008021397538868,0.0035061393292876095,0.003004509020298722,0.0025031302181184748,0.0020020026706729687,0.0015011261262671913,0.001000500333583622,0.0005001250416823734,0.0,0.0004998750416510425,0.0009995003330834993,0.0014988761237358745,0.0019980026626731087,0.0024968801985871545,0.002995508979798451,0.0034938892542557406,0.00399202126953745,0.004489905272852079,0.004987541511039051,0.005484930230569669,0.005982071677547429,0.00647896609770911,0.006975613736425211,0.007472014838700954,0.007968169649176845,0.008464078412129362,0.008959741371471869,0.0094551587707551,0.009950330853168092
2001,0.04080117181517676,0.04028074505349558,0.03976058899495367,0.03924070335808165,0.03872108786184878,0.03820174222566249,0.03768266616936695,0.03716385941324257,0.03664532167800435,0.036127052684802215,0.035609052155218875,0.03509131981127019,0.03457385537540254,0.034056658570493815,0.0335397291198512,0.03302306674721107,0.032506671176737605,0.0319905421330218,0.031474679341081585,0.0309590825263597,0.030443751414723164,0.029928685732463295,0.029413885206293407,0.028899349563349042,0.028385078531186717,0.027871071837783052,0.02735732921153371,0.026843850381252945,0.02633063507617251,0.025817683025940962,0.02530499396062213,0.024792567610695686,0.024280403707054515,0.02376850198100526,0.023256862164267183,0.022745483988970742,0.02223436718765709,0.0217235114932777,0.021212916639192763,0.02070258235917058,0.020192508387387228,0.01968269445842508,0.019173140307272442,0.01866384566932226,0.018154810280371744,0.017646033876621493,0.01713751619467444,0.016629256971534747,0.016121255944607792,0.015613512851699297,0.015106027431013315,0.014598799421152631,0.01409182856111807,0.01358511459030645,0.013078657248511191,0.012572456275920253,0.012066511413116486,0.011560822401076006,0.011055388981167645,0.010550210895152392,0.010045287885182394,0.009540619693800156,0.00903620606393752,0.008532046738915286,0.008028141462442608,0.007524489978615501,0.007021092031916653,0.006517947367214135,0.006015055729761189,0.005512416865195365,0.005010030519537186,0.004507896439189922,0.004006014370938685,0.0035043840619497332,0.003003005259769556,0.0025018777123241554,0.0020010011679181066,0.001500375375234492,0.001000000083333275,0.0004998750416509929,0.0,0.0004996252914325239,0.0009990010820847954,0.0014981276210219922,0.00199700515693616,0.0024956339381474635,0.0029940142126047777,0.003492146227886402,0.003990030231201004,0.004487666469388017,0.0049850551889186025,0.005482196635896402,0.005979091056058071,0.0064757386947741575,0.006972139797049991,0.007468294607525799,0.007964203370478396,0.008459866329820867,0.008955283729104055,0.009450455811517043
2002,0.041300797106609256,0.04078037034492814,0.04026021428638614,0.03974032864951412,0.03922071315328133,0.038701367517094964,0.03818229146079956,0.03766348470467505,0.03714494696943679,0.03662667797623462,0.03610867744665135,0.03559094510270253,0.035073480666835063,0.0345562838619263,0.034039354411283744,0.033522692038643644,0.03300629646817008,0.03249016742445437,0.031974304632514106,0.031458707817792184,0.030943376706155747,0.03042831102389562,0.029913510497725723,0.029398974854781566,0.028884703822619227,0.028370697129215566,0.02785695450296628,0.02734347567268548,0.026830260367605014,0.026317308317373358,0.02580461925205472,0.025292192902128113,0.024780028998486865,0.024268127272437913,0.02375648745569974,0.02324510928040319,0.022733992479089596,0.022223136784710256,0.021712541930625214,0.021202207650602906,0.0206921336788196,0.02018231974985748,0.019672765598704928,0.019163470960754617,0.018654435571804177,0.018145659168054058,0.017637141486106876,0.017128882262967212,0.01662088123604028,0.016113138143131707,0.015605652722445745,0.015098424712585243,0.014591453852550507,0.014084739881739023,0.013578282539943635,0.0130720815673527,0.012566136704548897,0.012060447692508473,0.011555014272600268,0.011049836186584935,0.01054491317661504,0.010040244985232505,0.00953583135537001,0.009031672030347757,0.008527766753875064,0.008024115270048,0.007520717323348971,0.00701757265864654,0.006514681021193672,0.006012042156627753,0.0055096558109697,0.005007521730622413,0.004505639662371197,0.004004009353382181,0.0035026305512020745,0.003001503003756558,0.0025006264593506813,0.0020000006666670215,0.0014996253747658356,0.0009995003330834232,0.0004996252914324798,0.0,0.00049937579065239,0.0009985023295895493,0.001497379865503617,0.0019960086467149273,0.0024943889211722662,0.0029925209364539173,0.003490404939768491,0.003988041177955545,0.0044854298974860984,0.004982571344463939,0.005479465764625596,0.005976113403341666,0.006472514505617479,0.006968669316093316,0.0074645780790458804,0.007960241038388428,0.00845565843767157,0.008950830520084557
2003,0.04180017289726163,0.04127974613558036,0.040759590077038485,0.04023970444016647,0.03972008894393375,0.0392007433077473,0.03868166725145182,0.03816286049532741,0.03764432276008911,0.0371260537668871,0.03660805323730391,0.036090320893354955,0.03557285645748746,0.03505565965257866,0.03453873020193616,0.034022067829295885,0.03350567225882243,0.032989543215106804,0.03247368042316651,0.03195808360844454,0.03144275249680799,0.030927686814548036,0.030412886288378127,0.029898350645433964,0.029384079613271614,0.028870072919867953,0.028356330293618507,0.027842851463337887,0.02732963615825739,0.026816684108025846,0.02630399504270697,0.02579156869278041,0.025279404789139308,0.024767503063090217,0.024255863246352174,0.02374448507105551,0.02323336826974198,0.02272251257536247,0.02221191772127754,0.021701583441255327,0.021191509469472063,0.020681695540509967,0.02017214138935729,0.019662846751407066,0.019153811362456703,0.018645034958706494,0.018136517276759186,0.017628258053619554,0.017120257026692644,0.016612513933783993,0.01610502851309805,0.01559780050323751,0.01509082964320282,0.014584115672391467,0.014077658330595953,0.013571457358005024,0.013065512495201402,0.012559823483160813,0.012054390063252545,0.011549211977237352,0.011044288967267338,0.010539620775884946,0.010035207146022374,0.009531047821000102,0.009027142544527396,0.008523491060700373,0.008020093114001384,0.007516948449298819,0.007014056811846029,0.006511417947280235,0.006009031601621867,0.005506897521274779,0.005005015453023582,0.0045033851440345034,0.004002006341854466,0.0035008787944090557,0.0030000022500031288,0.0024993764573194243,0.0019990011654182696,0.0014988761237359487,0.000999001082084833,0.0004993757906523972,0.0,0.0004991265389371218,0.0009980040748513116,0.0014966328560626287,0.0019950131305198817,0.0024931451458015588,0.0029910291491162156,0.0034886653873031992,0.003986054106833832,0.004483195553811601,0.004980089973973247,0.005476737612689302,0.005973138714965093,0.006469293525440958,0.006965202288393492,0.0074608652477360015,0.007956282647019215,0.0084514547294322
2004,0.042299299436198805,0.0417788726745176,0.04125871661597564,0.04073883097910362,0.04021921548287077,0.03969986984668445,0.039180793790389114,0.03866198703426457,0.038143449299026445,0.03762518030582419,0.03710717977624106,0.03658944743229218,0.036071982996424445,0.03555478619151583,0.03503785674087317,0.034521194368233137,0.03400479879775958,0.033488669754043826,0.0329728069621037,0.032457210147381704,0.031941879035745246,0.03142681335348526,0.030912012827315337,0.030397477184370948,0.029883206152208804,0.029369199458805142,0.028855456832555755,0.028341978002275097,0.027828762697194576,0.027315810646962924,0.026803121581644242,0.026290695231717516,0.025778531328076552,0.02526662960202733,0.024754989785289193,0.024243611609992853,0.023732494808679165,0.023221639114299704,0.02271104426021467,0.02220070998019255,0.021690636008409116,0.021180822079447045,0.02067126792829446,0.020161973290344318,0.01965293790139382,0.01914416149764352,0.018635643815696303,0.0181273845925567,0.017619383565629813,0.0171116404727213,0.01660415505203516,0.0160969270421748,0.015589956182140156,0.0150832422113285,0.014576784869533076,0.01407058389694237,0.013564639034138492,0.01305895002209796,0.012553516602189629,0.012048338516174574,0.011543415506204444,0.011038747314822194,0.010534333684959542,0.010030174359937251,0.00952626908346453,0.009022617599637552,0.008519219652938602,0.008016074988236125,0.007513183350783192,0.007010544486217302,0.00650815814055906,0.006006024060211949,0.005504141991960773,0.005002511682971852,0.004501132880791663,0.004000005333346137,0.003499128788940161,0.002998502996256633,0.002498127704355288,0.001998002662673058,0.0014981276210219918,0.0009985023295896,0.0004991265389371955,0.0,0.0004988775359140897,0.0009975063171254136,0.0014958865915826911,0.0019940186068643953,0.002491902610179024,0.0029895388483660483,0.0034869275678966493,0.003984069014874459,0.004480963435036092,0.004977611073752132,0.005474012176027902,0.005970166986503796,0.006466075749456409,0.006961738708798884,0.0074571561080820515,0.007952328190495035
2005,0.04279817697211297,0.04227775021043182,0.041757594151889774,0.04123770851501775,0.04071809301878498,0.040198747382598786,0.039679671326303165,0.03916086457017871,0.038642326834940545,0.038124057841738244,0.03760605731215519,0.037088324968206174,0.03657086053233862,0.03605366372742997,0.03553673427678737,0.03502007190414716,0.03450367633367372,0.03398754728995805,0.03347168449801767,0.032956087683295845,0.03244075657165927,0.03192569088939924,0.03141089036322953,0.03089635472028513,0.030382083688122972,0.0298680769947191,0.02935433436846998,0.028840855538189072,0.02832764023310874,0.027814688182876978,0.027301999117558276,0.026789572767631813,0.026277408863990562,0.02576550713794142,0.02525386732120341,0.024742489145906956,0.02423137234459333,0.023720516650213914,0.02320992179612878,0.022699587516106755,0.022189513544323365,0.0216796996153611,0.021170145464208603,0.020660850826258334,0.020151815437307912,0.019643039033557744,0.0191345213516104,0.018626262128470825,0.01811826110154396,0.01761051800863537,0.017103032587949464,0.01659580457808885,0.016088833718054252,0.01558211974724273,0.015075662405447396,0.014569461432856477,0.01406351657005256,0.013557827558012084,0.013052394138103909,0.012547216052088556,0.012042293042118528,0.011537624850736202,0.01103321122087369,0.01052905189585138,0.010025146619378865,0.009521495135551708,0.009018097188852799,0.008514952524150188,0.008012060886697333,0.007509422022131568,0.007007035676473232,0.006504901596126098,0.006003019527874943,0.005501389218885958,0.005000010416705839,0.004498882869260198,0.003998006324854393,0.0034973805321708196,0.002997005240269506,0.002496880198587146,0.0019970051569361295,0.0014973798655035597,0.0009980040748513695,0.0004988775359142117,0.0,0.0004986287812113307,0.0009970090556686332,0.0014951410709502528,0.001993025074264853,0.002490661312451919,0.0029880500319824877,0.003485191478960226,0.003982085899121959,0.004478733537838095,0.004975134640113843,0.005471289450589655,0.005967198213542236,0.006462861172884674,0.00695827857216791,0.007453450654580891
2006,0.04329680575332426,0.04277637899164296,0.042256222933101044,0.04173633729622902,0.04121672179999632,0.04069737616381005,0.04017830010751435,0.03965949335138999,0.03914095561615179,0.038622686622949653,0.03810468609336645,0.037586953749417513,0.03706948931354994,0.036552292508641254,0.03603536305799871,0.035518700685358534,0.03500230511488499,0.034486176071169404,0.03397031327922899,0.03345471646450712,0.03293938535287065,0.03242431967061058,0.03190951914444085,0.03139498350149645,0.03088071246933428,0.030366705775930404,0.02985296314968113,0.0293394843194004,0.028826269014320036,0.028313316964088384,0.02780062789876966,0.027288201548843035,0.026776037645201926,0.026264135919152862,0.025752496102414764,0.025241117927118195,0.024730001125804632,0.02421914543142505,0.023708550577340025,0.023198216297317876,0.022688142325534535,0.022178328396572508,0.02166877424541967,0.021159479607469705,0.02065044421851914,0.020141667814768886,0.019633150132821846,0.01912489090968209,0.018616889882755245,0.018109146789846573,0.01760166136916069,0.01709443335930004,0.016587462499265484,0.016080748528453877,0.015574291186658635,0.015068090214067721,0.014562145351263987,0.014056456339223346,0.013551022919315108,0.013045844833299894,0.012540921823329968,0.012036253631947564,0.011531840002084756,0.011027680677062645,0.010523775400590117,0.010020123916763003,0.009516725970063913,0.009013581305361389,0.00851068966790861,0.008008050803342751,0.00750566445768454,0.0070035303773373836,0.006501648309086029,0.006000018000097201,0.005498639197916932,0.004997511650471616,0.004496635106065541,0.003996009313381923,0.003495634021480861,0.002995508979798371,0.0024956339381474037,0.0019960086467148783,0.0014966328560626805,0.0009975063171253381,0.0004986287812112266,0.0,0.0004983802744573273,0.0009965122897389732,0.0014943962930535457,0.001992032531240541,0.002489421250771189,0.0029865626977489674,0.0034834571179106883,0.00398010475662681,0.004476505858902536,0.004972660669378377,0.005468569432330927,0.005964232391673439,0.006459649790956632,0.00695482187336961
2007,0.04379518602778157,0.04327475926610034,0.042754603207558334,0.0422347175706863,0.04171510207445347,0.04119575643826733,0.04067668038197178,0.040157873625847294,0.03963933589060904,0.039121066897406874,0.03860306636782374,0.03808533402387488,0.03756786958800727,0.03705067278309856,0.03653374333245607,0.03601708095981571,0.03550068538934228,0.03498455634562657,0.03446869355368633,0.03395309673896442,0.03343776562732783,0.03292269994506793,0.03240789941889798,0.03189336377595379,0.031379092743791394,0.030865086050387736,0.030351343424138512,0.02983786459385775,0.029324649288777357,0.028811697238545597,0.028299008173226853,0.027786581823300276,0.027274417919659306,0.02676251619361011,0.026250876376871922,0.025739498201575457,0.025228381400261957,0.02471752570588242,0.02420693085179729,0.02369659657177524,0.02318652259999194,0.02267670867102972,0.022167154519876973,0.021657859881926877,0.02114882449297661,0.020640048089226266,0.0201315304072791,0.01962327118413937,0.019115270157212552,0.018607527064304016,0.018100041643617937,0.017592813633757465,0.01708584277372274,0.016579128802911264,0.016072671461115896,0.015566470488524985,0.015060525625721214,0.014554836613680629,0.014049403193772327,0.013544225107757253,0.01303930209778721,0.01253463390640495,0.012030220276542061,0.011526060951519933,0.01102215567504739,0.010518504191220317,0.010015106244521267,0.009511961579818831,0.00900906994236591,0.008506431077799956,0.00800404473214187,0.007501910651794692,0.007000028583543356,0.006498398274554466,0.005997019472374266,0.005495891924928835,0.00499501538052293,0.004494389587839267,0.003994014295938016,0.003493889254255838,0.0029940142126046996,0.0024943889211722177,0.0019950131305197915,0.001495886591582708,0.0009970090556684745,0.000498380274457352,0.0,0.0004981320152816726,0.000996016018596328,0.0014936522567832536,0.001991040976313869,0.002488182423291688,0.0029850768434533967,0.0034817244821695025,0.003978125584445208,0.004474280394921077,0.004970189157873595,0.005465852117216072,0.005961269516499334,0.006456441598912309
2008,0.04429331804306326,0.043772891281382086,0.04325273522284,0.042732849585967965,0.04221323408973521,0.04169388845354899,0.04117481239725336,0.040656005641128964,0.04013746790589068,0.039619198912688676,0.0391011983831054,0.038583466039156404,0.03806600160328898,0.03754880479838023,0.03703187534773758,0.03651521297509747,0.03599881740462394,0.035482688360908315,0.03496682556896804,0.0344512287542461,0.033935897642609604,0.033420831960349666,0.0329060314341797,0.0323914957912355,0.03187722475907309,0.03136321806566943,0.030849475439420054,0.030335996609139472,0.02982278130405905,0.0293098292538274,0.02879714018850863,0.028284713838582103,0.027772549934940848,0.027260648208891732,0.02674900839215367,0.026237630216857093,0.02572651341554365,0.025215657721164166,0.024705062867079148,0.02419472858705697,0.0236846546152735,0.023174840686311527,0.022665286535158646,0.02215599189720864,0.021646956508258233,0.021138180104508016,0.020629662422560726,0.020121403199421028,0.01961340217249423,0.019105659079585616,0.018598173658899556,0.018090945649039045,0.017583974789004368,0.017077260818193024,0.016570803476397528,0.016064602503806622,0.015558657641002813,0.015052968628962285,0.014547535209054137,0.014042357123038984,0.013537434113068824,0.013032765921686486,0.01252835229182374,0.012024192966801812,0.011520287690329034,0.011016636206502005,0.010513238259802994,0.010010093595100425,0.009507201957647583,0.009004563093081753,0.008502176747423573,0.00800004266707637,0.007498160598825057,0.006996530289836102,0.006495151487655972,0.005994023940210426,0.005493147395804692,0.004992521603120984,0.004492146311219764,0.003992021269537457,0.003492146227886367,0.0029925209364539294,0.0024931451458014954,0.0019940186068644495,0.0014951410709503161,0.000996512289739076,0.0004981320152816992,0.0,0.0004978840033146273,0.0009955202415015939,0.0014929089610321773,0.001990050408010036,0.002486944828171622,0.0029835924668878237,0.0034799935691635082,0.003976148379639406,0.004472057142592004,0.0049677201019344445,0.005463137501217662,0.005958309583630635
2009,0.04479120204637787,0.04427077528469655,0.043750619226154586,0.043230733589282554,0.04271111809304987,0.04219177245686357,0.04167269640056808,0.04115388964444356,0.04063535190920523,0.04011708291600319,0.03959908238641999,0.03908135004247106,0.038563885606603614,0.03804668880169483,0.03752975935105224,0.037013096978412166,0.03649670140793854,0.03598057236422278,0.03546470957228268,0.03494911275756069,0.03443378164592408,0.03391871596366411,0.033403915437494346,0.03288937979454992,0.032375108762387715,0.031861102068984064,0.031347359442734736,0.0308338806124539,0.030320665307373665,0.02980771325714191,0.029295024191823123,0.028782597841896643,0.028270433938255526,0.02775853221220628,0.02724689239546834,0.02673551422017187,0.026224397418858274,0.025713541724478615,0.025202946870393712,0.024692612590371414,0.024182538618588205,0.02367272468962604,0.02316317053847325,0.02265387590052311,0.022144840511572783,0.02163606410782248,0.021127546425875277,0.02061928720273561,0.020111286175808832,0.01960354308290014,0.019096057662214318,0.018588829652353773,0.018081858792319137,0.01757514482150749,0.017068687479712085,0.016562486507121187,0.016056541644317558,0.015550852632277084,0.015045419212368656,0.014540241126353423,0.014035318116383583,0.013530649925001168,0.013026236295138344,0.012522076970116397,0.012018171693643605,0.011514520209816618,0.011011122263117647,0.010507977598415165,0.01000508596096218,0.009502447096396254,0.0090000607507382,0.008497926670390977,0.007996044602139683,0.007494414293150665,0.006993035490970604,0.006491907943525164,0.0059910313991191596,0.0054904056064356286,0.00499003031453444,0.004489905272852001,0.0039900302312009615,0.0034904049397685676,0.002991029149116126,0.0024919026101788964,0.0019930250742648628,0.0014943962930535047,0.0009960160185963247,0.0004978840033147101,0.0,0.0004976362381870076,0.00099502495771767,0.001492166404695458,0.001989060824857032,0.002485708463573218,0.002982109565848993,0.0034782643763248086,0.0039741731392773745,0.0044698360986198905,0.0049652534979030645,0.005460425580316035
2010,0.045288838284564696,0.04476841152288364,0.04424825546434181,0.04372836982746956,0.04320875433123674,0.04268940869505057,0.04217033263875501,0.04165152588263058,0.04113298814739243,0.040614719154190126,0.040096718624606995,0.039578986280658146,0.039061521844790455,0.03854432503988185,0.03802739558923932,0.03751073321659907,0.036994337646125544,0.03647820860240988,0.03596234581046973,0.03544674899574771,0.0349314178841112,0.034416352201851186,0.033901551675681416,0.03338701603273698,0.032872745000574764,0.03235873830717111,0.03184499568092184,0.03133151685064097,0.030818301545560707,0.030305349495328843,0.02979266043001025,0.029280234080083605,0.028768070176442416,0.028256168450393464,0.02774452863365522,0.027233150458358852,0.0267220336570451,0.02621117796266571,0.025700583108580703,0.025190248828558495,0.024680174856775115,0.02417036092781297,0.023660806776660274,0.02315151213871022,0.022642476749759752,0.022133700346009578,0.021625182664062468,0.021116923440922614,0.02060892241399586,0.020101179321087303,0.019593693900401284,0.0190864658905407,0.018579495030506113,0.0180727810596946,0.017566323717899283,0.01706012274530839,0.016554177882504507,0.016048488870464086,0.015543055450555815,0.015037877364540502,0.014532954354570546,0.014028286163188054,0.01352387253332537,0.013019713208303403,0.012515807931830597,0.012012156448003434,0.011508758501304502,0.011005613836602106,0.0105027221991492,0.010000083334583399,0.00949769698892525,0.008995562908577783,0.00849368084032673,0.00799205053133787,0.007490671729157659,0.006989544181712103,0.0064886676373062694,0.005988041844622693,0.0054876665527213144,0.004987541511038968,0.004487666469387977,0.003988041177955627,0.0034886653873031784,0.002989538848365986,0.0024906613124518304,0.0019920325312405766,0.001493652256783372,0.0009955202415016197,0.0004976362381870486,0.0,0.0004973887195306304,0.0009945301665083472,0.0014914245866700204,0.0019880722253861915,0.002484473327661945,0.0029806281381377893,0.0034765369010903236,0.003972199860432803,0.004467617259716045,0.004962789342129014
2011,0.04578622700409532,0.04526580024241433,0.044745644183872404,0.04422575854700016,0.04370614305076742,0.04318679741458117,0.04266772135828575,0.04214891460216119,0.041630376866922995,0.04111210787372087,0.04059410734413759,0.040076375000188826,0.039558910564321106,0.03904171375941246,0.03852478430876977,0.03800812193612977,0.03749172636565615,0.03697559732194057,0.03645973453000017,0.03594413771527832,0.03542880660364169,0.03491374092138185,0.03439894039521186,0.03388440475226763,0.0333701337201054,0.03285612702670175,0.03234238440045232,0.03182890557017163,0.03131569026509134,0.03080273821485958,0.030290049149540754,0.029777622799614156,0.02926545889597311,0.028753557169924022,0.028241917353185906,0.027730539177889424,0.027219422376575736,0.02670856668219639,0.026197971828111278,0.025687637548089167,0.025177563576305833,0.024667749647343713,0.024158195496190887,0.023648900858240923,0.023139865469290533,0.02263108906554027,0.02212257138359303,0.021614312160453206,0.021106311133526474,0.02059856804061784,0.02009108261993184,0.01958385461007122,0.019076883750036678,0.018570169779225078,0.018063712437429855,0.017557511464838964,0.017051566602035044,0.016545877589994682,0.016040444170086345,0.01553526608407117,0.015030343074101098,0.014525674882718748,0.014021261252855986,0.013517101927834,0.013013196651361181,0.01250954516753406,0.012006147220835168,0.01150300255613264,0.011000110918679808,0.010497472054113914,0.00999508570845567,0.009492951628108402,0.00899106955985737,0.008489439250868444,0.007988060448688303,0.007486932901242853,0.006986056356836749,0.006485430564153128,0.005985055272252002,0.005484930230569745,0.004985055188918583,0.004485429897486056,0.0039860541068338215,0.003486927567896666,0.002988050031982389,0.0024894212507712388,0.0019910409763140096,0.0014929089610323419,0.0009950249577176879,0.0004973887195307093,0.0,0.0004971414469777571,0.0009940358671394183,0.001490683505855574,0.0019870846081313062,0.0024832394186071792,0.0029791481815596823,0.0034748111409022365,0.003970228540185435,0.004465400622598401
2012,0.04628336845107311,0.04576294168939197,0.04524278563085017,0.044722899993977924,0.044203284497745264,0.04368393886155893,0.04316486280526344,0.042646056049138965,0.042127518313900734,0.041609249320698566,0.04109124879111536,0.040573516447166454,0.040056052011298915,0.03953885520639024,0.03902192575574761,0.038505263383107426,0.03798886781263392,0.03747273876891821,0.036956875976977985,0.0364412791622561,0.03592594805061957,0.03541088236835969,0.03489608184218968,0.034381546199245445,0.03386727516708321,0.03335326847367956,0.03283952584743018,0.03232604701714946,0.03181283171206892,0.031299879661837275,0.03078719059651864,0.03027476424659209,0.029762600342950966,0.029250698616901747,0.028739058800163756,0.028227680624867163,0.027716563823553537,0.02720570812917424,0.026695113275089024,0.026184778995067007,0.0256747050232835,0.025164891094321403,0.024655336943168668,0.024146042305218572,0.02363700691626826,0.02312823051251791,0.02261971283057076,0.022111453607431185,0.021603452580504258,0.021095709487595544,0.020588224066909567,0.020080996057049126,0.01957402519701441,0.019067311226202945,0.01856085388440759,0.018054652911816706,0.017548708049012967,0.017043019036972442,0.016537585617064043,0.01603240753104901,0.015527484521078818,0.01502281632969661,0.01451840269983377,0.014014243374811766,0.013510338098338933,0.013006686614511853,0.012503288667812999,0.012000144003110558,0.011497252365657585,0.010994613501091816,0.010492227155433478,0.009990093075086186,0.009488211006835175,0.008986580697846186,0.008485201895665895,0.007984074348220549,0.007483197803814616,0.006982572011130951,0.0064821967192298545,0.005982071677547469,0.005482196635896356,0.004982571344463873,0.004483195553811631,0.003984069014874513,0.0034851914789603357,0.002986562697749068,0.0024881824232915926,0.001990050408010009,0.001492166404695494,0.0009945301665083635,0.0004971414469776862,0.0,0.0004968944201616494,0.0009935420588777898,0.001489943161153501,0.001986097971629403,0.0024820067345819852,0.002977669693924392,0.0034730870932076583,0.003968259175620622
2013,0.04678026287123478,0.046259836109553705,0.04573968005101182,0.04521979441413978,0.04470017891790699,0.04418083328172057,0.04366175722542501,0.043142950469300625,0.04262441273406235,0.04210614374086035,0.041588143211277004,0.041070410867328176,0.04055294643146061,0.0400357496265519,0.03951882017590933,0.039002157803269176,0.03848576223279557,0.03796963318907995,0.03745377039713968,0.03693817358241775,0.03642284247078133,0.03590777678852119,0.03539297626235139,0.03487844061940715,0.03436416958724489,0.033850162893841025,0.03333642026759171,0.03282294143731116,0.0323097261322306,0.03179677408199906,0.03128408501668019,0.030771658666753687,0.030259494763112495,0.029747593037063355,0.029235953220325274,0.028724575045028785,0.02821345824371522,0.02770260254933575,0.02719200769525065,0.026681673415228507,0.026171599443445263,0.02566178551448319,0.025152231363330328,0.024642936725380322,0.02413390133642987,0.02362512493267965,0.02311660725073237,0.022608348027592824,0.02210034700066592,0.021592603907757347,0.02108511848707139,0.020577890477210693,0.02007091961717624,0.01956420564636469,0.01905774830456921,0.01855154733197833,0.018045602469174554,0.01753991345713408,0.017034480037225838,0.016529301951210506,0.016024378941240636,0.015519710749858133,0.015015297119995434,0.01451113779497341,0.014007232518500782,0.013503581034673525,0.013000183087974711,0.012497038423272138,0.011994146785819242,0.011491507921253377,0.010989121575595165,0.010486987495247851,0.009985105426996859,0.009483475118007808,0.008982096315827586,0.008480968768382125,0.007980092223976365,0.007479466431292653,0.006979091139391368,0.0064789660977090735,0.0059790910560580095,0.0054794657646255705,0.004980089973973321,0.0044809634350360195,0.003982085899121942,0.0034834571179105565,0.0029850768434532774,0.002486944828171778,0.0019890608248571803,0.00149142458667012,0.000994035867139475,0.0004968944201617485,0.0,0.0004966476387161251,0.0009930487409919263,0.0014892035514677455,0.0019851123144202965,0.0024807752737627782,0.002976192673046001,0.0034713647554589634
2014,0.04727691050995091,0.0467564837482699,0.04623632768972793,0.04571644205285589,0.04519682655662296,0.04467748092043667,0.04415840486414125,0.04363959810801674,0.04312106037277843,0.042602791379576385,0.04208479084999311,0.041567058506044356,0.04104959407017677,0.04053239726526802,0.040015467814625505,0.039498805441985176,0.03898240987151168,0.03846628082779614,0.03795041803585584,0.03743482122113387,0.03691949010949733,0.03640442442723736,0.03588962390106755,0.0353750882581233,0.03486081722596104,0.03434681053255718,0.03383306790630791,0.03331958907602712,0.03280637377094674,0.03229342172071509,0.03178073265539641,0.03126830630546975,0.030756142401828696,0.030244240675779636,0.029732600859041468,0.029221222683744864,0.02871010588243136,0.02819925018805194,0.02768865533396695,0.027178321053944687,0.026668247082161273,0.026158433153199226,0.025648879002046453,0.02513958436409631,0.02463054897514594,0.024121772571395847,0.023613254889448442,0.023104995666308928,0.022596994639382046,0.02208925154647339,0.021581766125787452,0.02107453811592694,0.020567567255892313,0.020060853285080678,0.01955439594328529,0.01904819497069441,0.0185422501078906,0.01803656109585018,0.017531127675941876,0.017025949589926682,0.016521026579956695,0.016016358388574334,0.015511944758711559,0.015007785433689516,0.014503880157216873,0.01400022867338966,0.013496830726690666,0.01299368606198818,0.012490794424535361,0.01198815555996962,0.011485769214311313,0.010983635133963977,0.010481753065712786,0.009980122756723891,0.009478743954543739,0.008977616407098384,0.008476739862692352,0.007976114070008818,0.007475738778107563,0.006975613736425138,0.006475738694774124,0.005976113403341728,0.005476737612689251,0.0049776110737522064,0.004478733537838008,0.0039801047566267265,0.003481724482169423,0.0029835924668877864,0.002485708463573106,0.001988072225386115,0.001490683505855502,0.0009935420588777356,0.0004966476387162208,0.0,0.0004964011022757799,0.000992555912751628,0.001488464675704147,0.001984127635046704,0.0024795450343298837,0.0029747171167428432
2015,0.04777331161222668,0.04725288485054551,0.04673272879200367,0.046212843155131626,0.04569322765889877,0.04517388202271241,0.04465480596641691,0.044135999210292494,0.04361746147505436,0.04309919248185206,0.04258119195226885,0.04206345960831996,0.041545995172452554,0.04102879836754378,0.0405118689169011,0.039995206544261024,0.03947881097378742,0.03896268193007176,0.03844681913813163,0.037931222323409626,0.037415891211773175,0.036900825529513175,0.03638602500334335,0.03587148936039888,0.0353572183282366,0.034843211634832956,0.034329469008583746,0.03381599017830292,0.03330277487322251,0.03278982282299097,0.03227713375767206,0.03176470740774565,0.03125254350410453,0.030740641778055338,0.03022900196131729,0.029717623786020796,0.029206506984707135,0.028695651290327764,0.02818505643624267,0.0276747221562205,0.027164648184437132,0.02665483425547489,0.026145280104322207,0.025635985466372156,0.025126950077421644,0.024618173673671463,0.024109655991724363,0.02360139676858466,0.023093395741657804,0.02258565264874907,0.02207816722806315,0.0215709392182026,0.02106396835816802,0.020557254387356515,0.02005079704556122,0.01954459607297013,0.0190386512101665,0.01853296219812592,0.018027528778217547,0.017522350692202492,0.01701742768223239,0.016512759490849953,0.016008345860987316,0.015504186535965254,0.015000281259492598,0.014496629775665426,0.013993231828966472,0.013490087164264072,0.012987195526811112,0.012484556662245277,0.011982170316587095,0.011480036236239735,0.010978154167988566,0.010476523858999607,0.009975145056819524,0.009474017509374055,0.008973140964968193,0.008472515172284614,0.00797213988038339,0.0074720148387010564,0.006972139797049872,0.00647251450561752,0.0059731387149650345,0.005474012176028028,0.004975134640113708,0.00447650585890253,0.003978125584445202,0.0034799935691636496,0.0029821095658488866,0.0024844733276619658,0.0019870846081313847,0.001489943161153578,0.0009930487409918532,0.0004964011022757588,0.0,0.0004961548104758767,0.0009920635734283643,0.001487726532770885,0.0019831439320541324,0.00247831601446709
2016,0.04826946642270257,0.04774903966102147,0.04722888360247954,0.04670899796560749,0.046189382469374714,0.045670036833188266,0.04515096077689291,0.044632154020768366,0.04411361628553019,0.043595347292328064,0.04307734676274472,0.0425596144187959,0.042042149982928254,0.04152495317801965,0.04100802372737704,0.04049136135473699,0.039974965784263294,0.03945883674054771,0.03894297394860733,0.0384273771338855,0.03791204602224894,0.03739698033998911,0.03688217981381906,0.03636764417087479,0.03585337313871251,0.03533936644530886,0.034825623819059494,0.03431214498877884,0.0337989296836984,0.03328597763346676,0.03277328856814804,0.03226086221822148,0.03174869831458027,0.031236796588531162,0.03072515677179303,0.030213778596496633,0.029702661795183036,0.029191806100803495,0.028681211246718515,0.028170876966696224,0.027660802994912897,0.027150989065950898,0.026641434914798087,0.026132140276848122,0.02562310488789769,0.02511432848414742,0.024605810802200194,0.024097551579060524,0.023589550552133683,0.02308180745922509,0.022574322038538975,0.022067094028678604,0.02156012316864385,0.021053409197832263,0.020546951856037058,0.02004075088344619,0.019534806020642302,0.019029117008601777,0.018523683588693565,0.018018505502678212,0.01751358249270821,0.017008914301325916,0.0165045006714632,0.01600034134644112,0.015496436069968448,0.014992784586141318,0.014489386639442403,0.01398624197473987,0.013483350337286988,0.012980711472721057,0.012478325127063003,0.01197619104671562,0.01147430897846447,0.010972678669475669,0.010471299867295437,0.00997017231984985,0.00946929577544394,0.008968669982760316,0.008468294690859123,0.007968169649176881,0.0074682946075257444,0.0069686693160934355,0.006469293525440944,0.005970166986503754,0.005471289450589755,0.004972660669378459,0.004474280394921107,0.003976148379639417,0.0034782643763247925,0.00298062813813772,0.002483239418607171,0.0019860979716293243,0.0014892035514678331,0.000992555912751643,0.0004961548104759053,0.0,0.0004959087629525672,0.0009915717222950518,0.0014869891215782557,0.001982161203991211
2017,0.04876537518565512,0.048244948423973866,0.04772479236543206,0.047204906728560016,0.046685291232327106,0.046165945596141,0.045646869539845356,0.045128062783720904,0.04460952504848269,0.04409125605528052,0.04357325552569724,0.0430555231817485,0.042538058745880826,0.04202086194097219,0.04150393249032964,0.040987270117689406,0.040470874547215825,0.039954745503500325,0.03943888271155991,0.038923285896838036,0.03840795478520157,0.03789288910294149,0.03737808857677164,0.03686355293382737,0.03634928190166507,0.03583527520826143,0.035321532582012115,0.034808053751731426,0.03429483844665096,0.033781886396419214,0.033269197331100474,0.03275677098117395,0.03224460707753289,0.03173270535148365,0.03122106553474564,0.030709687359449133,0.030198570558135598,0.029687714863756102,0.02917712000967102,0.02866678572964882,0.02815671175786554,0.02764689782890335,0.027137343677750628,0.026628049039800532,0.026119013650850176,0.025610237247099817,0.025101719565152683,0.024593460342013044,0.024085459315086228,0.023577716222177553,0.023070230801491676,0.022563002791631048,0.022056031931596342,0.021549317960784888,0.021042860618989554,0.02053665964639869,0.020030714783594767,0.019525025771554298,0.01901959235164602,0.018514414265630805,0.018009491255660908,0.017504823064278533,0.01700040943441574,0.01649625010939364,0.015992344832920957,0.01548869334909387,0.014985295402394995,0.01448215073769233,0.013979259100239524,0.013476620235673718,0.012974233890015568,0.012472099809668164,0.011970217741417035,0.01146858743242817,0.010967208630248007,0.010466081082802526,0.009965204538396565,0.009464578745712897,0.008964203453811735,0.008464078412129364,0.007964203370478276,0.007464578079045791,0.006965202288393512,0.00646607574945636,0.0059671982135422385,0.005468569432330827,0.00497018915787367,0.004472057142592065,0.003974173139277357,0.003476536901090355,0.0029791481815596163,0.002482006734581951,0.00198511231442025,0.001488464675704186,0.0009920635734284695,0.0004959087629526466,0.0,0.0004956629593424484,0.0009910803586257201,0.0014862524410386732
2018,0.04926103814499763,0.04874061138331644,0.04822045532477455,0.0477005696879025,0.04718095419166966,0.04666160855548348,0.046142532499187976,0.04562372574306339,0.04510518800782514,0.04458691901462293,0.044068918485039715,0.04355118614109106,0.043033721705223356,0.042516524900314684,0.04199959544967219,0.04148293307703199,0.040966537506558307,0.04045040846284269,0.03993454567090244,0.039418948856180525,0.03890361774454395,0.03838855206228404,0.037873751536114185,0.0373592158931699,0.03684494486100759,0.036330938167603945,0.03581719554135448,0.035303716711073754,0.034790501405993476,0.034277549355761834,0.03376486029044307,0.033252433940516385,0.032740270036875255,0.0322283683108263,0.03171672849408821,0.031205350318791587,0.030694233517478114,0.030183377823098666,0.02967278296901348,0.029162448688991375,0.028652374717207923,0.028142560788245972,0.027633006637093123,0.027123711999143114,0.02661467661019262,0.026105900206442392,0.02559738252449513,0.02508912330135552,0.024581122274428723,0.02407337918151997,0.023565893760834115,0.023058665750973453,0.022551694890939007,0.022044980920127466,0.021538523578332004,0.021032322605741147,0.020526377742937404,0.020020688730896772,0.01951525531098843,0.01901007722497336,0.01850515421500334,0.018000486023620893,0.01749607239375824,0.016991913068736122,0.016488007792263424,0.01598435630843638,0.015480958361737324,0.014977813697034964,0.014474922059582016,0.013972283195016115,0.01346989684935787,0.012967762769010663,0.012465880700759555,0.011964250391770627,0.011462871589590532,0.010961744042144938,0.010460867497739147,0.009960241705055434,0.009459866413154305,0.008959741371471801,0.008459866329820764,0.007960241038388324,0.007460865247736037,0.006961738708798922,0.006462861172884679,0.005964232391673371,0.005465852117216189,0.004967720101934447,0.004469836098619878,0.003972199860432724,0.003474811140902239,0.0029776696939245338,0.002480775273762845,0.0019841276350466854,0.0014877265327709898,0.0009915717222950275,0.0004956629593424123,0.0,0.0004954173992832283,0.0009905894816961793
2019,0.049756455544280875,0.04923602878259974,0.048715872724057765,0.04819598708718571,0.047676371590952955,0.04715702595476669,0.046637949898471115,0.04611914314234662,0.04560060540710833,0.04508233641390629,0.044564335884323146,0.04404660354037414,0.04352913910450662,0.04301194229959792,0.04249501284895526,0.0419783504763151,0.04146195490584153,0.040945825862125994,0.040429963070185704,0.039914366255463754,0.039399035143827275,0.03888396946156732,0.038369168935397456,0.03785463329245317,0.037340362260290846,0.0368263555668872,0.03631261294063779,0.03579913411035703,0.03528591880527672,0.03477296675504497,0.03426027768972619,0.033747851339799774,0.03323568743615856,0.03272378571010948,0.03221214589337129,0.03170076771807478,0.031189650916761364,0.03067879522238175,0.030168200368296677,0.029657866088274663,0.029147792116491256,0.028637978187529115,0.028128424036376356,0.02761912939842622,0.0271100940094758,0.026601317605725698,0.02609279992377853,0.02558454070063873,0.02507653967371196,0.024568796580803347,0.024061311160117293,0.023554083150256807,0.02304711229022219,0.022540398319410567,0.022033940977615196,0.021527740005024342,0.02102179514222056,0.020516106130179984,0.0200106727102718,0.019505494624256645,0.019000571614286515,0.018495903422904206,0.017991489793041476,0.017487330468019337,0.016983425191546626,0.016479773707719622,0.015976375761020605,0.015473231096318115,0.014970339458865244,0.014467700594299467,0.01396531424864113,0.0134631801682939,0.012961298100042812,0.01245966779105382,0.011958288988873576,0.011457161441428306,0.010956284897022247,0.010455659104338709,0.009955283812437389,0.009455158770755197,0.00895528372910399,0.008455658437671591,0.007956282647019298,0.0074571561080819995,0.0069582785721678565,0.006459649790956651,0.005961269516499446,0.005463137501217787,0.004965253497903136,0.004467617259716052,0.0039702285401853775,0.003473087093207632,0.002976192673045955,0.002479545034329921,0.001983143932054247,0.0014869891215783665,0.000991080358625783,0.0004954173992831849,0.0,0.0004951720824129487
2020,0.050251627626693836,0.04973120086501255,0.049211044806470705,0.048691159169598645,0.048171543673365756,0.04765219803717962,0.04713312198088397,0.04661431522475957,0.04609577748952145,0.045577508496319155,0.045059507966736086,0.04454177562278715,0.0440243111869196,0.04350711438201087,0.04299018493136827,0.04247352255872814,0.04195712698825447,0.0414409979445388,0.04092513515259869,0.0404095383378767,0.039894207226240104,0.039379141543980326,0.03886434101781045,0.03834980537486615,0.03783553434270382,0.03732152764929997,0.03680778502305082,0.03629430619277003,0.03578109088768969,0.03526813883745805,0.03475544977213925,0.03424302342221266,0.03373085951857159,0.033218957792522374,0.032707317975784314,0.032195939800487905,0.03168482299917412,0.03117396730479477,0.030663372450709592,0.030153038170687457,0.029642964198904095,0.029133150269941975,0.02862359611878931,0.028114301480839255,0.027605266091888916,0.02709648968813851,0.026587972006191427,0.026079712783051663,0.025571711756124913,0.02506396866321622,0.024556483242530184,0.024049255232669663,0.023542284372635093,0.0230355704018236,0.022529113060028104,0.022022912087437254,0.02151696722463344,0.021011278212592917,0.020505844792684667,0.020000666706669435,0.01949574369669962,0.018991075505317236,0.01848666187545443,0.01798250255043227,0.017478597273959763,0.016974945790132586,0.016471547843433607,0.015968403178731203,0.01546551154127819,0.01496287267671232,0.014460486331054108,0.013958352250706855,0.013456470182455786,0.012954839873466732,0.012453461071286557,0.011952333523841173,0.011451456979435283,0.0109508311867517,0.010450455894850412,0.009950330853168092,0.009450455811516932,0.008950830520084578,0.008451454729432277,0.007952328190495015,0.007453450654580972,0.006954821873369651,0.006456441598912199,0.005958309583630625,0.005460425580316112,0.004962789342129097,0.004465400622598455,0.00396825917562067,0.003471364755459004,0.002974717116742875,0.0024783160144670005,0.0019821612039912025,0.0014862524410386502,0.0009905894816960882,0.0004951720824129466,0.0
